source,target,sign
0,1,1
0,2,1
0,3,1
0,4,1
0,5,1
0,6,1
0,7,1
0,8,1
0,9,1
0,10,1
0,11,1
0,12,1
0,13,1
0,14,1
0,15,1
0,16,1
0,17,1
0,18,1
0,19,1
0,20,1
0,21,1
0,22,-1
0,23,-1
0,24,-1
0,25,-1
0,26,-1
0,767,1
0,119,1
0,576,1
0,29,1
0,577,1
0,243,1
0,246,1
0,1500,1
0,31,1
0,774,1
0,4960,1
0,35,1
0,59,1
0,88,1
0,106,-1
0,190,1
0,224,1
0,289,1
0,349,1
0,359,1
0,372,1
0,392,1
0,404,1
0,444,1
0,484,1
1,3,1
1,17,1
1,27,1
1,28,1
1,29,1
1,30,1
1,31,1
1,32,1
1,33,-1
1,34,1
1,35,1
1,36,1
1,37,1
1,38,1
1,39,1
1,40,1
1,41,1
1,42,1
1,43,1
1,44,1
1,45,1
1,46,1
1,47,1
1,48,1
1,49,1
1,50,1
1,51,1
1,52,1
1,53,1
1,54,1
1,55,1
1,56,1
1,57,1
1,58,1
1,59,1
1,60,1
1,61,1
1,62,1
1,63,1
1,64,1
1,65,1
1,66,1
1,67,1
1,68,1
1,69,1
1,70,1
1,71,1
1,72,1
1,73,1
1,74,1
1,75,1
1,76,1
1,77,1
1,78,1
1,79,1
1,80,1
1,81,1
1,82,1
1,83,1
1,84,1
1,85,1
1,86,1
1,87,1
1,88,1
1,89,1
1,90,1
1,91,1
1,92,1
1,93,1
1,94,1
1,95,1
1,96,-1
1,97,-1
1,98,-1
1,99,-1
1,100,-1
1,101,-1
1,102,-1
1,103,-1
1,104,-1
1,105,-1
1,106,-1
1,107,-1
1,108,-1
1,109,-1
1,110,-1
1,111,-1
1,112,-1
1,113,-1
1,114,-1
1,115,-1
1,116,-1
1,117,-1
1,118,-1
1,544,-1
1,143,1
1,302,1
2,15,1
2,17,1
2,119,1
2,120,1
2,121,1
2,122,1
2,30,1
2,123,1
2,124,1
2,125,1
2,576,1
2,29,1
2,1172,1
2,237,1
2,243,1
2,1498,1
2,31,1
2,37,1
2,89,1
2,272,1
2,363,1
2,404,1
3,126,1
3,132,1
3,35,1
3,61,1
3,83,1
3,165,1
3,274,-1
3,294,-1
4,13,1
4,27,1
4,28,1
4,120,1
4,29,1
4,122,1
4,127,1
4,128,1
4,129,1
4,30,1
4,130,1
4,131,1
4,132,1
4,46,1
4,55,1
4,133,1
4,134,1
4,135,1
4,136,1
4,137,1
4,138,1
4,139,1
4,140,1
4,141,1
4,142,1
4,143,1
4,144,1
4,145,1
4,146,1
4,147,1
4,148,1
4,149,1
4,150,1
4,151,1
4,152,1
4,153,1
4,154,1
4,155,1
4,156,1
4,157,1
4,158,1
4,159,1
4,160,1
4,161,1
4,162,1
4,163,1
4,164,1
4,165,1
4,166,1
4,167,1
4,168,1
4,169,1
4,170,1
4,171,1
4,172,1
4,173,1
4,174,1
4,175,1
4,176,1
4,177,1
4,178,1
4,179,1
4,180,1
4,181,1
4,182,1
4,183,1
4,184,1
4,185,1
4,186,1
4,187,1
4,188,1
4,189,-1
4,190,-1
4,191,-1
4,192,-1
4,193,-1
4,8,1
4,237,1
4,369,1
4,387,1
4,404,1
6,194,1
6,195,1
6,196,-1
6,197,1
6,198,1
6,199,1
6,200,1
6,201,1
6,202,1
6,203,1
6,204,1
6,205,1
6,206,1
6,207,1
6,208,1
6,209,1
6,210,1
6,211,1
6,212,1
6,213,1
6,214,1
6,215,1
6,216,-1
6,217,-1
6,218,-1
6,219,-1
6,220,-1
6,221,-1
6,222,-1
6,4785,1
6,4853,-1
6,61,-1
6,74,-1
7,11,1
7,223,1
7,224,1
7,225,1
7,226,1
7,227,1
7,228,1
7,229,1
7,230,1
7,231,1
7,232,1
7,233,1
7,234,1
8,17,1
8,119,1
8,28,1
8,120,1
8,121,1
8,29,1
8,122,1
8,235,1
8,127,1
8,128,1
8,236,1
8,237,1
8,238,1
8,239,1
8,240,1
8,241,1
8,242,1
8,243,1
8,244,1
8,245,1
8,246,1
8,247,1
8,248,1
8,249,1
8,250,1
8,251,1
8,252,1
8,253,1
8,254,1
8,255,1
8,256,1
8,257,1
8,258,1
8,37,1
8,49,1
8,55,1
8,60,1
8,78,1
8,81,1
8,82,1
8,125,1
8,167,1
8,188,1
8,259,1
8,260,1
8,261,1
8,262,1
8,263,1
8,264,1
8,265,1
8,266,1
8,267,1
8,268,1
8,269,1
8,270,1
8,271,1
8,272,1
8,273,1
8,274,1
8,275,1
8,276,1
8,277,1
8,278,1
8,279,1
8,280,1
8,281,1
8,282,1
8,283,1
8,284,1
8,285,1
8,286,1
8,287,1
8,288,1
8,289,1
8,290,1
8,291,1
8,292,1
8,293,1
8,294,1
8,295,1
8,296,1
8,297,1
8,298,1
8,299,1
8,300,1
8,301,1
8,302,1
8,303,1
8,304,1
8,305,1
8,306,1
8,307,1
8,308,1
8,309,1
8,310,1
8,311,1
8,312,1
8,313,1
8,314,1
8,315,1
8,316,1
8,317,1
8,318,1
8,319,1
8,320,1
8,321,1
8,322,1
8,323,1
8,324,1
8,325,1
8,326,1
8,327,1
8,328,1
8,329,1
8,330,1
8,331,1
8,332,1
8,333,1
8,334,1
8,335,1
8,336,1
8,337,1
8,338,1
8,339,1
8,340,1
8,341,1
8,342,1
8,343,1
8,344,1
8,345,1
8,346,1
8,347,1
8,348,1
8,349,1
8,350,1
8,351,1
8,352,1
8,353,1
8,354,1
8,355,1
8,356,1
8,357,1
8,358,1
8,359,1
8,360,1
8,361,1
8,362,1
8,363,1
8,364,1
8,365,1
8,366,1
8,367,1
8,368,1
8,369,1
8,370,1
8,371,1
8,372,1
8,373,1
8,374,1
8,375,1
8,376,1
8,377,1
8,378,1
8,379,1
8,380,1
8,381,1
8,382,1
8,383,1
8,384,1
8,385,1
8,386,1
8,387,1
8,388,1
8,389,1
8,390,1
8,391,1
8,392,1
8,393,1
8,394,1
8,395,1
8,396,1
8,397,1
8,398,1
8,399,1
8,400,1
8,401,1
8,402,1
8,403,1
8,404,1
8,405,1
8,406,1
8,407,1
8,408,1
8,409,1
8,410,1
8,411,1
8,412,1
8,413,1
8,414,1
8,415,1
8,416,1
8,417,1
8,418,1
8,419,1
8,420,1
8,421,1
8,422,1
8,423,1
8,424,1
8,425,1
8,426,1
8,427,1
8,428,1
8,429,1
8,430,1
8,431,1
8,432,1
8,433,1
8,434,1
8,435,1
8,436,1
8,437,1
8,438,1
8,439,1
8,440,1
8,441,1
8,442,1
8,443,1
8,444,1
8,445,1
8,446,1
8,447,1
8,448,1
8,449,1
8,450,1
8,451,1
8,452,1
8,453,1
8,454,1
8,455,1
8,456,1
8,457,1
8,458,1
8,459,1
8,460,1
8,461,1
8,462,1
8,463,1
8,464,1
8,465,1
8,466,1
8,467,1
8,468,1
8,469,1
8,470,1
8,471,1
8,472,1
8,473,1
8,474,1
8,475,1
8,476,1
8,477,1
8,478,1
8,479,1
8,480,1
8,481,1
8,482,1
8,483,1
8,484,1
8,485,1
8,486,1
8,487,1
8,488,1
8,489,1
8,490,1
8,491,1
8,492,1
8,493,1
8,494,1
8,495,1
8,496,1
8,497,1
8,498,1
8,499,1
8,500,1
8,501,1
8,502,1
8,503,1
8,504,1
8,505,1
8,506,1
8,507,1
8,508,1
8,509,1
8,510,1
8,511,1
8,512,1
8,513,1
8,514,1
8,515,1
8,516,1
8,517,1
8,518,1
8,519,1
8,520,1
8,521,1
8,522,1
8,523,1
8,524,1
8,525,1
8,526,1
8,527,1
8,528,1
8,529,1
8,530,1
8,531,1
8,532,1
8,533,1
8,534,1
8,535,1
8,536,1
8,537,1
8,538,1
8,539,1
8,540,1
8,541,1
8,542,1
8,543,-1
10,544,1
10,545,1
10,546,1
10,547,1
10,548,1
10,549,1
10,550,1
10,551,1
10,552,1
10,553,1
10,554,1
10,555,1
10,556,1
10,557,1
10,558,1
11,20,1
11,55,1
11,224,1
11,225,1
11,226,1
11,228,1
11,231,1
11,232,1
11,234,1
11,559,1
11,560,1
11,561,1
11,562,1
11,563,1
11,564,1
11,565,1
11,566,1
11,567,1
11,568,1
11,569,1
11,570,1
11,571,1
11,572,1
11,573,1
11,574,1
11,575,-1
11,227,1
12,15,1
12,26,-1
12,119,1
12,576,1
12,120,1
12,122,1
12,127,1
12,128,1
12,577,1
12,129,1
12,247,1
12,55,1
12,190,1
12,366,-1
12,496,1
12,578,1
12,579,1
12,580,1
12,581,1
12,582,1
12,583,1
12,584,1
12,585,1
12,586,1
12,587,1
12,588,1
12,589,1
12,590,1
12,591,1
12,592,1
12,593,1
12,594,1
12,595,1
12,596,1
12,597,1
12,598,1
12,599,1
12,600,1
12,601,1
12,602,1
12,603,1
12,604,1
12,605,1
12,606,1
12,607,1
12,608,1
12,609,1
12,610,1
12,611,1
12,612,1
12,613,1
12,614,1
12,615,1
12,616,1
12,617,1
12,618,1
12,619,1
12,620,1
12,621,1
12,622,-1
12,623,-1
12,624,-1
12,625,-1
12,626,-1
12,627,-1
12,628,-1
12,629,-1
12,630,-1
12,631,-1
12,632,-1
13,187,1
13,633,1
13,3436,1
13,58,1
13,72,1
13,150,1
13,484,1
14,127,1
14,248,1
14,634,1
14,635,1
14,636,1
14,637,1
14,33,1
14,60,1
14,79,1
14,205,1
14,285,1
14,316,1
14,366,1
14,373,1
14,382,1
14,410,1
14,411,1
14,427,1
14,456,1
14,462,1
14,471,1
14,511,1
14,518,1
14,548,1
14,553,-1
14,587,-1
14,627,1
14,638,1
14,639,1
14,640,1
14,641,1
14,642,1
14,643,1
14,644,1
14,645,1
14,646,1
14,647,1
14,648,1
14,649,1
14,650,1
14,651,1
14,652,1
14,653,1
14,654,1
14,655,1
14,656,1
14,657,1
14,658,1
14,659,1
14,660,1
14,661,1
14,662,1
14,663,1
14,664,1
14,665,1
14,666,1
14,667,1
14,668,1
14,669,1
14,670,1
14,671,1
14,672,1
14,673,1
14,674,1
14,675,1
14,676,1
14,677,1
14,678,1
14,679,1
14,680,1
14,681,1
14,682,1
14,683,1
14,684,1
14,685,1
14,686,1
14,687,1
14,688,1
14,689,1
14,690,1
14,691,1
14,692,1
14,693,1
14,694,1
14,695,1
14,696,1
14,697,1
14,698,1
14,699,1
14,700,1
14,701,1
14,702,1
14,703,1
14,704,1
14,705,1
14,706,1
14,707,1
14,708,1
14,709,1
14,710,1
14,711,1
14,712,1
14,713,1
14,714,1
14,715,1
14,716,1
14,717,1
14,718,1
14,719,1
14,720,1
14,721,1
14,722,1
14,723,1
14,724,1
14,725,1
14,726,1
14,727,1
14,728,1
14,729,1
14,730,1
14,731,1
14,732,1
14,733,1
14,734,1
14,735,1
14,736,1
14,737,1
14,738,1
14,739,1
14,740,1
14,741,1
14,742,1
14,743,1
14,744,1
14,745,1
14,746,1
14,747,1
14,748,1
14,749,1
14,750,1
14,751,1
14,752,1
14,753,1
14,754,-1
14,755,-1
14,756,-1
14,757,-1
14,758,-1
14,759,-1
14,760,-1
14,761,-1
14,762,-1
14,763,-1
14,764,-1
14,765,-1
14,766,-1
14,238,1
14,249,1
14,259,1
14,381,1
15,17,1
15,767,1
15,119,1
15,120,1
15,121,1
15,768,1
15,122,1
15,235,1
15,769,1
15,127,1
15,577,1
15,30,1
15,770,1
15,123,1
15,771,1
15,772,1
15,773,1
15,774,1
15,775,1
15,776,1
15,777,1
15,19,1
15,970,1
15,576,1
15,779,1
15,29,1
15,1172,1
15,237,1
15,246,1
15,248,1
15,1501,1
15,31,1
15,1467,1
15,1020,1
15,635,1
15,980,1
15,4785,1
15,4796,1
15,62,1
15,89,1
15,106,-1
15,190,1
15,272,1
15,289,1
15,305,1
15,376,1
15,392,1
15,404,1
15,444,1
16,778,1
16,115,1
17,120,1
17,121,1
17,779,1
17,29,1
17,122,1
17,235,1
17,127,1
17,577,1
17,129,1
17,30,1
17,31,1
17,780,1
17,771,1
17,774,1
17,781,1
17,51,1
17,62,1
17,125,1
17,782,1
17,783,1
17,784,1
17,785,1
17,786,1
17,787,1
17,788,1
17,789,1
17,790,1
17,791,1
17,792,1
17,793,1
17,794,1
17,795,1
17,796,1
17,797,1
17,798,1
17,799,1
17,800,-1
17,970,1
17,119,1
17,1172,1
17,237,1
17,1174,1
17,243,1
17,245,1
17,123,1
17,69,1
17,72,1
17,89,1
17,150,1
17,289,1
17,295,1
17,359,1
17,404,1
18,27,1
18,129,1
18,131,1
18,132,1
18,55,1
18,69,1
18,184,1
18,295,1
18,801,1
18,802,1
18,803,1
18,804,1
18,805,1
18,806,1
19,120,1
19,807,-1
19,29,1
19,122,1
19,127,1
19,128,1
19,577,1
19,247,1
19,250,1
19,188,-1
19,690,1
19,808,1
19,809,1
19,810,1
19,811,1
19,812,1
19,813,1
19,814,1
19,815,-1
19,816,-1
19,817,-1
19,818,-1
19,819,-1
19,820,-1
19,821,-1
19,822,-1
19,823,-1
19,824,-1
19,825,-1
19,826,-1
19,827,-1
19,828,-1
19,829,-1
19,830,-1
19,831,-1
19,832,-1
19,833,-1
19,834,-1
19,835,-1
19,836,-1
19,837,-1
19,838,-1
19,839,-1
19,840,-1
19,841,-1
19,842,-1
19,843,-1
19,844,-1
19,845,-1
19,846,-1
19,1172,-1
19,106,1
19,458,-1
20,532,1
20,847,1
20,995,1
20,94,1
20,148,1
20,177,-1
20,290,1
20,293,1
20,295,1
20,339,1
20,362,1
20,385,1
20,387,1
21,848,1
21,849,-1
21,544,1
21,413,1
22,243,-1
22,247,-1
22,250,-1
22,850,1
22,52,1
22,58,1
22,106,-1
22,167,-1
22,190,-1
22,294,-1
22,369,1
22,411,-1
22,414,1
22,435,-1
22,464,-1
22,518,-1
22,851,1
22,852,-1
22,853,-1
22,854,-1
22,855,-1
22,856,-1
22,857,1
22,858,1
22,859,1
22,860,-1
22,861,-1
22,862,-1
22,863,1
22,864,1
22,865,1
22,866,-1
22,867,-1
22,868,-1
22,869,-1
22,870,-1
22,871,-1
22,872,-1
22,873,-1
22,874,-1
22,875,1
22,876,-1
22,877,-1
22,878,1
22,879,-1
22,880,1
22,881,1
22,882,-1
22,883,-1
22,884,-1
22,885,1
22,886,-1
22,887,-1
22,888,1
22,889,1
22,890,1
22,891,1
22,892,1
22,893,1
22,894,1
22,895,1
22,896,-1
22,897,-1
22,898,-1
22,899,-1
22,900,-1
22,901,-1
22,902,-1
22,903,-1
22,904,-1
22,905,-1
22,906,-1
22,907,-1
22,908,-1
22,909,-1
22,910,-1
22,911,-1
22,912,-1
22,913,-1
22,914,-1
22,915,-1
22,26,1
22,258,1
22,287,1
22,456,1
23,916,-1
24,106,1
24,165,-1
25,917,-1
25,45,1
25,99,1
25,272,-1
26,239,1
26,243,1
26,245,1
26,32,1
26,194,1
26,33,1
26,100,1
26,335,1
26,449,1
26,561,1
26,587,1
26,592,1
26,626,1
26,704,1
26,789,1
26,918,1
26,919,1
26,920,1
26,856,1
26,921,1
26,922,1
26,923,1
26,924,1
26,925,1
26,926,1
26,927,1
26,928,1
26,929,1
26,930,1
26,931,1
26,932,1
26,933,1
26,878,1
26,934,1
26,935,1
26,936,1
26,937,1
26,938,1
26,939,1
26,940,1
26,941,1
26,942,1
26,943,1
26,944,1
26,945,1
26,946,1
26,947,1
26,948,1
26,949,1
26,950,1
26,951,1
26,952,1
26,953,1
26,954,1
26,955,1
26,956,1
26,957,1
26,958,1
26,959,1
26,960,1
26,961,1
26,962,1
26,963,1
26,964,1
26,965,1
26,966,1
26,807,-1
26,1005,-1
26,190,-1
26,324,1
27,967,1
27,968,1
27,972,1
27,977,1
27,122,1
27,1493,1
27,248,1
27,30,1
27,252,1
27,1467,1
27,1966,1
27,3449,1
27,636,1
27,4782,1
27,4281,1
27,4796,1
27,4282,1
27,4283,1
27,4893,1
27,637,1
27,258,1
27,35,1
27,72,1
27,89,1
27,106,-1
27,173,1
27,175,1
27,181,1
27,272,1
27,289,1
27,295,1
27,404,1
27,484,1
28,967,1
28,968,1
28,972,1
28,976,1
28,977,1
28,779,1
28,241,1
28,243,1
28,248,1
28,634,1
28,252,1
28,255,1
28,1966,1
28,3449,1
28,995,1
28,4732,1
28,256,1
28,4782,1
28,4832,1
28,1005,1
28,637,1
28,258,1
28,39,1
28,45,1
28,47,1
28,49,1
28,85,1
28,106,-1
28,109,1
28,145,1
28,181,1
28,190,1
28,262,1
28,263,1
28,266,1
28,280,1
28,285,1
28,289,1
28,295,1
28,306,1
28,312,1
28,339,1
28,369,1
28,377,1
28,392,1
28,404,1
28,407,1
28,421,1
28,436,1
28,457,1
28,464,1
29,119,1
29,120,1
29,122,1
29,127,1
29,577,1
29,129,1
29,123,1
29,774,1
29,651,1
29,795,1
29,1324,1
29,1325,1
29,1326,1
29,1327,1
29,1172,1
29,235,1
29,237,1
29,243,1
29,1498,1
29,246,1
29,248,1
29,30,1
29,253,1
29,1461,-1
29,1020,1
29,772,1
29,255,1
29,985,1
29,4281,1
29,4791,1
29,637,1
29,1176,1
29,4960,1
29,35,1
29,37,1
29,83,1
29,89,1
29,109,1
29,190,1
29,259,1
29,266,1
29,288,1
29,289,1
29,295,1
29,404,1
29,421,1
29,458,1
29,472,1
30,970,1
30,119,1
30,779,1
30,577,1
30,248,1
30,122,1
30,770,1
30,1465,1
30,1968,1
30,55,1
30,59,1
30,86,1
30,228,1
30,304,1
30,308,1
30,345,1
30,353,1
30,404,1
30,441,1
30,444,1
30,480,1
30,488,1
30,511,1
30,522,1
30,524,1
30,534,1
30,535,1
30,645,1
30,649,1
30,672,1
30,2890,1
30,2891,1
30,1744,1
30,2381,1
30,2109,1
30,2119,1
30,1725,1
30,2404,1
30,1785,1
30,2411,1
30,1727,1
30,1043,1
30,1790,1
30,1342,1
30,2892,1
30,2893,1
30,2894,1
30,2895,1
30,2611,1
30,2896,1
30,2897,1
30,2898,1
30,2899,1
30,2139,1
30,2551,1
30,2900,1
30,2628,1
30,2264,1
30,2266,1
30,2901,1
30,2902,1
30,2903,1
30,2904,1
30,2905,1
30,2906,1
30,2907,1
30,2908,1
30,2909,1
30,2910,1
30,2911,1
30,2912,1
30,2913,1
30,2914,1
30,2915,1
30,1467,1
30,4791,1
30,4553,1
30,4283,1
30,35,1
30,83,1
30,106,-1
30,224,1
30,230,1
30,233,1
30,259,1
30,295,1
31,119,1
31,779,1
31,122,1
31,120,1
31,121,1
31,807,1
31,123,1
31,1018,1
31,780,1
31,783,1
31,792,1
31,926,-1
31,3291,1
31,944,-1
31,3292,-1
32,1174,1
32,243,1
32,245,1
32,1734,1
32,255,1
32,3436,-1
32,35,1
32,37,1
32,93,-1
32,99,1
32,143,1
32,343,1
32,373,1
32,377,1
32,403,1
32,419,1
32,435,1
32,458,1
32,520,1
32,631,1
32,2788,1
32,4053,1
32,4054,1
32,4055,1
32,4056,1
32,4057,1
32,4058,1
32,4059,1
32,2343,1
32,2384,1
32,1536,1
32,1723,1
32,2412,1
32,3373,1
32,2216,1
32,4060,1
32,4061,1
32,4062,1
32,1802,1
32,4063,1
32,4064,1
32,3839,1
32,2349,1
32,4065,1
32,879,1
32,4066,1
32,2260,1
32,4067,1
32,1221,1
32,4068,1
32,4069,1
32,4070,1
32,4071,1
32,1225,1
32,3871,1
32,1828,1
32,3650,1
32,4072,1
32,4073,1
32,4074,1
32,3218,1
32,4075,1
32,3221,1
32,4076,1
32,4077,1
32,4078,1
32,4079,1
32,2352,1
32,4080,1
32,4081,1
32,4082,1
32,4083,1
32,4084,1
32,4085,1
32,4086,1
32,910,1
32,2238,1
32,4087,1
32,3240,1
32,4088,1
32,4089,1
32,1929,1
32,1960,1
32,1962,1
32,4090,1
32,4091,1
32,4092,1
32,4093,1
32,4094,1
32,4095,1
32,4096,1
32,4097,1
32,1604,1
32,4098,1
32,4099,1
32,4100,1
32,3140,1
32,1606,1
32,2848,1
32,4101,1
32,4102,1
32,4103,1
32,4104,1
32,4105,1
32,4106,1
32,4107,1
32,4108,1
32,4109,1
32,4110,1
32,4111,1
32,4112,1
32,4113,1
32,4114,1
32,4115,1
32,4116,1
32,4117,1
32,4118,1
32,4119,1
32,4120,1
32,4121,1
32,4122,1
32,2912,1
32,3015,1
32,4123,1
32,4124,1
32,4125,1
32,4126,1
32,4127,1
32,4128,1
32,4129,1
32,3151,1
32,4130,1
32,4131,1
32,4132,1
32,4133,1
32,4134,1
32,4135,1
32,4136,1
32,4137,1
32,4138,1
32,4139,1
32,4140,1
32,4141,1
32,4142,1
32,4143,1
32,4144,1
32,4145,1
32,4146,1
32,4147,1
32,4148,1
32,4149,1
32,4150,1
32,4151,1
32,4152,1
32,4153,1
32,4154,1
32,4155,1
32,4156,1
32,4157,1
32,4158,1
32,4159,1
32,4160,1
32,4161,1
32,4162,1
32,4163,1
32,4164,1
32,4165,1
32,4166,1
32,4167,1
32,4168,1
32,4169,1
32,4170,1
32,4171,1
32,4172,1
32,4173,1
32,4174,1
32,4175,1
32,4176,1
32,4177,1
32,4178,1
32,4179,1
32,4180,1
32,4181,1
32,4182,1
32,4183,1
32,4184,1
32,4185,1
32,4186,1
32,4187,1
32,4188,1
32,4189,1
32,4190,1
32,4191,1
32,4192,1
32,4193,1
32,4194,1
32,4195,1
32,4196,1
32,4197,1
32,4198,1
32,4199,1
32,4200,1
32,4201,1
32,4202,1
32,4203,1
32,1736,1
32,985,-1
32,4696,1
32,1176,1
32,5020,1
32,70,1
32,106,1
32,280,-1
32,293,1
32,294,-1
32,302,1
32,349,1
32,387,1
32,399,1
32,413,-1
32,430,1
33,238,1
33,243,1
33,248,1
33,249,1
33,251,1
33,1503,1
33,252,1
33,1460,1
33,3436,1
33,635,1
33,132,1
33,992,1
33,4706,1
33,636,1
33,4726,1
33,4782,1
33,4281,1
33,4883,-1
33,4956,1
33,1176,1
33,1457,1
33,850,1
33,1736,1
33,194,1
33,982,1
33,1737,1
33,4735,1
33,4796,1
33,2918,1
33,4924,1
33,4930,1
33,4946,1
33,4949,1
33,1969,1
33,4974,1
33,4978,1
33,4979,1
33,4982,1
33,48,1
33,82,1
33,83,1
33,89,1
33,259,1
33,283,1
33,286,1
33,288,1
33,289,1
33,296,1
33,322,1
33,355,1
33,381,1
33,404,1
33,411,1
33,428,1
33,430,1
33,433,1
33,435,1
33,449,1
33,470,1
33,480,1
33,499,1
33,511,1
33,532,1
33,538,1
33,539,1
33,567,1
33,583,1
33,595,1
33,601,1
33,614,1
33,617,1
33,646,1
33,654,1
33,656,1
33,664,1
33,675,1
33,686,1
33,690,1
33,692,1
33,704,1
33,711,1
33,715,1
33,717,1
33,719,1
33,726,1
33,729,1
33,746,1
33,765,1
33,789,1
33,814,1
33,2788,1
33,1970,1
33,1520,1
33,7755,1
33,3092,1
33,7756,1
33,3457,1
33,1972,1
33,4680,1
33,1024,1
33,3195,1
33,2890,1
33,1025,1
33,7757,1
33,2203,-1
33,5749,1
33,7758,1
33,1745,1
33,7759,1
33,2588,1
33,853,1
33,3196,1
33,2589,1
33,7760,1
33,3198,1
33,2190,1
33,7761,1
33,5314,1
33,6281,1
33,1178,1
33,1028,1
33,1182,1
33,924,1
33,926,1
33,5739,1
33,1186,1
33,3891,1
33,1031,1
33,3893,1
33,5547,1
33,2107,1
33,861,1
33,1765,1
33,7762,1
33,1771,1
33,2113,1
33,1775,1
33,1726,1
33,2422,1
33,2193,1
33,1342,1
33,1198,1
33,2214,1
33,1795,1
33,1987,1
33,6172,1
33,3632,1
33,6948,1
33,1539,1
33,7763,1
33,5750,1
33,6791,1
33,2484,1
33,5624,1
33,1049,1
33,7764,1
33,2131,1
33,7765,1
33,7314,1
33,7766,1
33,2308,1
33,7767,1
33,7768,1
33,2487,1
33,7633,1
33,5892,1
33,3643,1
33,7769,1
33,6808,1
33,1052,1
33,2729,1
33,7770,1
33,3644,1
33,4220,1
33,7771,1
33,4635,1
33,7772,1
33,1818,1
33,3487,1
33,6177,1
33,1053,1
33,934,1
33,2010,1
33,2196,1
33,6595,1
33,3490,1
33,935,1
33,6097,1
33,6551,1
33,2688,1
33,2689,1
33,2811,1
33,4318,1
33,7070,1
33,2138,1
33,2523,1
33,1224,1
33,7773,1
33,2616,1
33,7209,1
33,882,1
33,7774,1
33,7775,1
33,6289,1
33,7776,1
33,2818,1
33,7777,1
33,7778,1
33,7779,1
33,4330,1
33,7780,1
33,7781,1
33,3114,1
33,2351,1
33,884,1
33,7192,1
33,2624,1
33,947,1
33,7782,1
33,3223,1
33,7783,1
33,2627,1
33,2030,1
33,3510,1
33,3513,1
33,7784,1
33,7785,1
33,3231,1
33,7786,1
33,3949,1
33,7787,1
33,7788,1
33,5326,1
33,2154,1
33,6293,1
33,6958,1
33,7789,1
33,7790,1
33,6251,1
33,7479,1
33,3239,1
33,3240,1
33,7791,1
33,7792,1
33,7793,1
33,7794,1
33,7402,1
33,7795,1
33,6606,1
33,6769,1
33,7796,1
33,7797,1
33,7798,1
33,7799,1
33,7800,1
33,1317,1
33,5806,1
33,6610,1
33,5155,1
33,6962,1
33,7801,1
33,5157,1
33,7802,1
33,7803,1
33,7804,1
33,7805,1
33,7806,1
33,7807,1
33,3533,1
33,7808,1
33,7809,1
33,7810,1
33,2777,1
33,4628,1
33,7811,1
33,5366,1
33,5167,1
33,7812,1
33,7813,1
33,7814,1
33,3801,1
33,7815,1
33,3138,1
33,4684,1
33,7816,1
33,6839,1
33,7817,1
33,7818,1
33,7819,1
33,5189,1
33,7820,1
33,7821,1
33,7822,1
33,7823,1
33,7824,1
33,7825,1
33,7826,1
33,7827,1
33,4507,1
33,7828,1
33,7829,1
33,7830,1
33,7831,1
33,7832,1
33,7833,1
33,7553,1
33,7834,1
33,7835,1
33,7836,1
33,7837,1
33,7838,1
33,7839,1
33,7840,1
33,7841,1
33,7842,1
33,7843,1
33,7844,1
33,7845,1
33,7846,1
33,7847,1
33,3158,1
33,7848,1
33,7849,1
33,7850,1
33,7851,1
33,7852,1
33,4552,1
33,5256,1
33,5263,1
33,7853,1
33,7854,1
33,7855,1
33,7856,1
33,7857,1
33,7858,1
33,7859,1
33,7860,1
33,7861,1
33,7862,1
33,7863,1
33,7864,1
33,7865,1
33,7866,1
33,7867,1
33,7868,1
33,7869,1
33,7870,1
33,7871,1
33,7872,1
33,7873,1
33,7874,1
33,7875,1
33,7876,1
33,7877,1
33,7878,1
33,7879,1
33,7880,1
33,7881,1
33,7882,1
33,7883,1
33,7884,1
33,7885,1
33,7886,1
33,7887,1
33,7888,1
33,7889,1
33,7890,1
33,7891,1
33,7892,1
33,2098,1
33,2786,1
33,62,1
33,75,1
33,78,1
33,94,1
33,165,-1
33,172,-1
33,274,1
33,294,-1
33,305,1
33,326,1
33,333,1
33,377,1
33,414,1
33,474,1
34,8436,1
34,8437,1
35,120,1
35,127,1
35,128,1
35,1173,1
35,239,-1
35,129,1
35,130,1
35,1966,1
35,131,1
35,194,-1
35,993,1
35,3771,1
35,46,1
35,55,1
35,57,1
35,81,1
35,84,1
35,93,1
35,138,1
35,139,1
35,149,1
35,157,1
35,188,1
35,212,-1
35,276,-1
35,294,-1
35,369,-1
35,370,1
35,411,1
35,413,1
35,426,-1
35,471,1
35,499,1
35,517,1
35,716,1
35,832,1
35,1970,1
35,852,-1
35,918,1
35,8438,-1
35,2380,1
35,7761,1
35,1715,-1
35,3624,-1
35,925,-1
35,8132,1
35,1476,1
35,2594,1
35,1532,1
35,860,1
35,1762,1
35,4210,1
35,2108,-1
35,1767,-1
35,2109,1
35,3777,1
35,8439,1
35,1188,-1
35,3366,1
35,3778,1
35,8440,1
35,2480,1
35,8441,1
35,3633,1
35,8442,1
35,8443,-1
35,3907,1
35,1998,1
35,2604,1
35,8444,-1
35,8445,-1
35,1346,1
35,1693,1
35,8446,1
35,8447,-1
35,6453,1
35,8448,-1
35,877,-1
35,8449,-1
35,8450,-1
35,880,-1
35,4312,-1
35,8451,1
35,3785,1
35,2008,-1
35,1053,1
35,3925,1
35,2898,-1
35,8452,1
35,8453,1
35,3302,1
35,6552,-1
35,3492,1
35,8454,-1
35,3496,-1
35,8455,1
35,1148,1
35,8456,1
35,8457,1
35,1564,1
35,8458,1
35,8459,1
35,8460,1
35,8461,1
35,1565,1
35,8462,1
35,5112,1
35,2956,1
35,2014,1
35,4529,1
35,8463,1
35,8464,1
35,8465,1
35,8466,1
35,8467,1
35,8468,1
35,8469,1
35,8470,1
35,2262,1
35,3499,1
35,8471,1
35,8472,1
35,8473,1
35,2015,1
35,8474,1
35,5575,1
35,8475,1
35,8476,1
35,2957,1
35,3064,1
35,5937,1
35,3500,1
35,8477,1
35,8478,1
35,1149,1
35,8479,1
35,2310,1
35,8480,1
35,8481,1
35,8482,1
35,8483,1
35,8484,1
35,2816,1
35,3844,1
35,8485,1
35,3216,1
35,2619,1
35,8486,1
35,940,1
35,8487,1
35,8488,1
35,8489,1
35,1150,1
35,2958,1
35,8490,1
35,7906,1
35,3217,1
35,8491,1
35,7907,-1
35,941,-1
35,8492,-1
35,8493,-1
35,942,-1
35,6334,-1
35,7908,-1
35,8494,-1
35,8495,-1
35,1362,-1
35,8496,-1
35,2311,-1
35,8497,-1
35,1363,-1
35,8498,-1
35,3655,-1
35,8499,-1
35,5373,-1
35,8500,-1
35,8501,-1
35,7775,-1
35,8502,-1
35,8503,-1
35,6289,-1
35,8504,-1
35,8505,-1
35,8506,-1
35,8507,-1
35,8508,-1
35,1837,-1
35,8509,-1
35,8510,-1
35,8511,-1
35,8402,-1
35,8512,-1
35,8513,-1
35,8514,-1
35,272,-1
36,995,1
36,42,1
36,1336,1
36,3644,1
36,5040,1
36,1451,1
36,8515,1
36,8516,1
36,8517,1
36,8518,1
36,8519,1
36,8520,1
36,8521,1
37,236,1
37,237,1
37,243,1
37,245,1
37,248,1
37,1500,1
37,251,1
37,634,1
37,850,1
37,1175,1
37,1172,1
37,128,-1
37,577,1
37,239,1
37,242,1
37,247,1
37,4283,1
37,42,1
37,44,1
37,59,1
37,78,1
37,106,1
37,156,1
37,260,1
37,277,1
37,281,1
37,301,1
37,310,1
37,326,1
37,327,1
37,328,1
37,335,1
37,348,1
37,356,1
37,363,1
37,381,1
37,404,1
37,413,1
37,418,1
37,444,1
37,450,1
37,473,1
37,474,1
37,484,1
37,496,1
37,501,1
37,504,1
37,520,1
37,521,1
37,522,1
37,529,1
37,533,1
37,626,1
37,672,1
37,679,1
37,789,1
37,795,1
37,837,-1
37,3091,1
37,1740,1
37,6575,1
37,853,1
37,2190,1
37,1716,1
37,4057,1
37,856,1
37,921,1
37,857,1
37,2702,1
37,1718,1
37,2474,1
37,860,1
37,1508,1
37,8522,1
37,928,1
37,8523,1
37,1535,1
37,2114,1
37,1773,1
37,2392,1
37,1781,1
37,1782,1
37,1726,1
37,2378,1
37,1788,1
37,1044,1
37,3363,1
37,1192,1
37,1199,1
37,8524,1
37,2124,1
37,8525,1
37,6468,1
37,6386,1
37,2484,1
37,3729,1
37,2131,1
37,2438,1
37,6285,1
37,8526,1
37,2941,1
37,1210,1
37,6806,1
37,7067,-1
37,1812,1
37,4635,1
37,7645,1
37,8527,1
37,8528,1
37,1219,1
37,2260,1
37,8529,1
37,4638,1
37,3842,1
37,8530,1
37,1226,1
37,8531,1
37,1830,1
37,1831,1
37,2016,1
37,8532,1
37,8533,1
37,8534,1
37,2143,1
37,945,1
37,2566,1
37,8535,1
37,2146,1
37,8536,1
37,1370,1
37,1251,1
37,8537,1
37,8538,1
37,8539,1
37,960,1
37,964,1
37,8540,1
37,4649,1
37,8541,1
37,2659,1
37,1921,1
37,8542,1
37,8543,1
37,8544,1
37,6059,1
37,8545,1
37,8546,1
37,4100,1
37,4102,1
37,8516,1
37,8547,1
37,5332,1
37,8548,1
37,8549,1
37,8550,1
37,8551,1
37,8552,1
37,8553,1
37,8554,1
37,2335,1
37,8555,1
37,8556,1
37,8557,1
37,8558,1
37,8559,1
37,8560,1
37,8561,1
37,8562,1
37,8563,1
37,8564,1
37,8565,1
37,8566,1
37,8567,1
37,8568,1
37,8569,1
37,8570,1
37,8571,1
37,8572,1
37,8573,1
37,8574,1
37,8575,1
37,8576,1
37,439,1
38,250,-1
38,497,-1
38,626,-1
38,924,-1
38,8577,-1
38,8578,1
38,1223,-1
38,1169,-1
38,8579,-1
38,8580,-1
38,8581,1
38,421,1
39,3885,1
39,767,1
39,129,1
39,132,1
39,4281,1
39,55,1
39,615,1
39,645,1
39,2298,1
39,8582,1
39,8583,1
39,1508,1
39,1031,1
39,2107,1
39,3777,1
39,8584,1
39,2486,1
39,3936,1
39,6719,1
39,1232,1
39,8585,1
39,8586,1
39,8587,1
39,8588,1
39,8589,1
39,8590,1
39,8591,1
39,8592,1
39,332,-1
40,544,-1
40,250,-1
40,520,1
40,857,1
40,1724,1
40,1249,-1
40,8593,1
40,8594,1
40,8595,1
40,8596,1
40,8597,1
40,45,-1
41,1493,1
41,1967,1
41,4796,1
41,1504,1
41,1507,1
41,4773,1
41,86,1
41,135,-1
41,148,1
41,335,1
41,382,1
41,559,1
41,8598,-1
41,1745,1
41,927,-1
41,2109,1
41,2414,1
41,8599,1
41,1984,1
41,8600,1
41,2484,1
41,2935,1
41,2307,1
41,8601,1
41,3917,1
41,7724,1
41,4676,-1
41,2945,1
41,3926,1
41,2513,1
41,2541,1
41,3214,1
41,8486,-1
41,1363,1
41,3219,1
41,5714,1
41,8602,-1
41,8603,-1
41,8604,1
41,1169,-1
41,8605,-1
41,8606,-1
41,962,-1
41,5726,1
41,2978,-1
41,7801,1
41,8607,-1
41,8608,-1
41,8609,1
41,5951,1
41,3683,1
41,8610,1
41,8611,1
41,8612,-1
41,8613,-1
41,8614,1
41,8615,1
41,8616,1
41,8617,-1
41,8618,-1
41,8619,1
41,8620,-1
41,8621,1
41,7197,1
41,7624,1
41,8622,1
41,8623,-1
41,8624,1
41,8625,1
41,8626,1
41,8627,1
41,8628,1
41,8629,-1
41,8630,-1
41,8631,-1
41,8632,-1
41,8633,-1
41,8634,-1
41,8635,-1
41,8636,-1
41,8637,-1
41,45,1
41,47,1
41,290,1
41,378,1
42,243,1
42,1500,1
42,3436,-1
42,4283,1
42,3350,1
42,45,1
42,295,1
42,387,1
42,413,1
43,980,1
43,992,-1
43,72,1
43,94,-1
44,236,1
44,237,1
44,238,1
44,241,1
44,243,1
44,245,1
44,246,1
44,1500,1
44,251,1
44,252,1
44,75,1
44,111,1
44,265,1
44,281,1
44,294,1
44,302,1
44,304,1
44,327,1
44,328,1
44,348,1
44,349,1
44,356,1
44,359,1
44,363,1
44,364,1
44,367,1
44,372,1
44,404,1
44,419,1
44,421,1
44,428,1
44,430,1
44,443,1
44,444,1
44,450,1
44,458,1
44,474,1
44,518,1
44,524,1
44,561,1
44,626,1
44,735,1
44,809,1
44,814,1
44,818,1
44,853,1
44,8638,1
44,1749,1
44,1716,1
44,2101,1
44,1717,1
44,1752,1
44,921,1
44,8639,1
44,1182,1
44,925,1
44,1184,1
44,1185,1
44,6644,1
44,8640,1
44,8641,1
44,1763,1
44,1035,1
44,1773,1
44,1188,1
44,2209,1
44,1721,1
44,2399,1
44,1725,1
44,1787,1
44,2253,1
44,8642,1
44,4632,1
44,1668,1
44,2194,1
44,1350,1
44,8449,1
44,2257,1
44,1811,1
44,1818,1
44,1217,1
44,1220,1
44,2730,1
44,2706,1
44,8643,1
44,1510,1
44,8644,1
44,8645,1
44,2029,1
44,949,1
44,8646,1
44,8647,1
44,958,1
44,960,1
44,1853,1
44,1854,1
44,8648,1
44,2153,1
44,8649,1
44,8650,1
44,8651,1
44,8652,1
44,1289,1
44,1426,1
44,1921,1
44,1954,1
44,3082,1
44,8653,1
44,8654,1
44,8655,1
44,8656,1
44,2158,1
44,2839,1
44,8657,1
44,8658,1
44,8659,1
44,8579,1
44,4236,1
44,8660,1
44,8661,1
44,8662,1
44,3973,1
44,3548,1
44,8663,1
44,8664,1
44,3011,1
44,8665,1
44,6619,1
44,8666,1
44,2362,1
44,8667,1
44,8668,1
44,8669,1
44,4134,1
44,8670,1
44,8671,1
44,8672,1
44,8673,1
44,8674,1
44,8675,1
44,8676,1
44,8677,1
44,8678,1
44,8679,1
44,8680,1
44,8681,1
44,8682,1
44,8683,1
44,8684,1
44,8685,1
44,8686,1
44,8687,1
44,8688,1
45,5026,-1
45,120,1
45,243,1
45,1966,-1
45,131,1
45,132,1
45,4883,-1
45,544,-1
45,54,-1
45,55,1
45,79,1
45,93,1
45,99,1
45,135,-1
45,167,1
45,169,1
45,180,-1
45,215,-1
45,226,-1
45,380,-1
45,386,1
45,398,1
45,413,1
45,418,1
45,425,-1
45,470,-1
45,491,1
45,508,-1
45,518,1
45,615,1
45,1743,-1
45,854,1
45,2589,-1
45,1974,1
45,3197,1
45,856,-1
45,857,1
45,3087,1
45,1530,-1
45,6589,1
45,927,1
45,6547,-1
45,1977,-1
45,2383,-1
45,1337,1
45,6590,1
45,3776,1
45,2108,1
45,8689,1
45,862,-1
45,1036,-1
45,1726,1
45,2410,1
45,3353,1
45,2305,-1
45,1202,1
45,4301,-1
45,1155,-1
45,8690,1
45,1994,1
45,1996,-1
45,8445,1
45,1346,-1
45,5318,-1
45,2133,-1
45,5627,-1
45,1703,-1
45,6808,-1
45,8691,1
45,7015,-1
45,8692,-1
45,8693,1
45,8137,-1
45,1551,1
45,3787,1
45,6177,1
45,7016,1
45,2898,-1
45,2537,-1
45,937,-1
45,1561,1
45,8694,1
45,8695,-1
45,7906,-1
45,8493,1
45,2733,1
45,8696,-1
45,8697,1
45,2313,-1
45,2624,-1
45,2314,1
45,8698,-1
45,2825,-1
45,8535,1
45,8699,-1
45,2146,1
45,2736,1
45,8700,1
45,4228,-1
45,8701,1
45,8702,1
45,8703,1
45,8704,1
45,8705,1
45,910,1
45,3666,-1
45,8706,-1
45,5377,-1
45,8707,-1
45,2039,-1
45,6219,-1
45,2679,-1
45,3957,1
45,8708,-1
45,8709,1
45,8710,1
45,8711,1
45,8712,1
45,8713,-1
45,6414,1
45,7936,1
45,8714,1
45,2993,-1
45,2843,1
45,8715,1
45,6301,-1
45,8716,1
45,2996,1
45,6354,-1
45,8717,-1
45,5833,-1
45,8718,-1
45,7939,1
45,3002,-1
45,8719,-1
45,8720,1
45,8721,-1
45,8722,-1
45,8723,-1
45,8724,-1
45,4663,-1
45,3554,1
45,4498,1
45,8725,-1
45,8726,-1
45,8727,1
45,1620,-1
45,8728,1
45,8729,1
45,2244,1
45,8730,1
45,7137,1
45,8731,1
45,2721,1
45,8732,1
45,8733,1
45,8734,1
45,8735,1
45,8736,1
45,8737,1
45,8738,1
45,8739,1
45,7138,1
45,8740,1
45,8741,1
45,8742,1
45,8743,1
45,8744,-1
45,6973,-1
45,8745,-1
45,8746,-1
45,8747,-1
45,8748,-1
45,8749,-1
45,8750,-1
45,8751,-1
45,8752,-1
45,2464,-1
45,8753,-1
45,8754,-1
45,3562,-1
45,8755,-1
45,8756,-1
45,8757,-1
45,8758,-1
45,8759,-1
45,8760,-1
45,8761,-1
45,8762,-1
45,8763,-1
45,6372,-1
45,8764,-1
45,8765,-1
45,8766,-1
45,414,1
46,968,1
46,237,1
46,252,1
46,980,1
46,985,1
46,4283,1
46,4868,1
46,1005,1
46,4960,1
46,1184,-1
46,926,-1
46,8767,-1
46,8768,-1
46,72,1
46,295,1
46,392,1
46,404,1
46,421,1
47,248,1
47,4853,1
47,967,1
47,120,1
47,194,1
47,1507,1
47,1967,1
47,4883,-1
47,1176,1
47,544,-1
47,4964,-1
47,48,1
47,79,1
47,93,1
47,263,1
47,277,1
47,290,1
47,294,1
47,325,1
47,327,1
47,330,1
47,345,-1
47,386,1
47,435,1
47,444,1
47,462,1
47,525,1
47,547,1
47,717,1
47,806,1
47,830,1
47,831,-1
47,2472,1
47,1329,1
47,8638,1
47,1523,-1
47,1525,-1
47,3461,1
47,2592,1
47,858,1
47,859,1
47,6589,1
47,1142,1
47,8769,1
47,8770,1
47,3896,1
47,1534,-1
47,2108,1
47,863,1
47,1776,1
47,1781,1
47,2305,1
47,2933,1
47,8771,1
47,6386,-1
47,1168,1
47,3907,1
47,1145,1
47,1477,1
47,8772,1
47,4216,1
47,2687,1
47,8773,1
47,8774,1
47,1999,1
47,1346,-1
47,8775,1
47,8776,1
47,5720,-1
47,8777,-1
47,8778,1
47,2132,1
47,7258,1
47,7103,1
47,3923,1
47,2257,1
47,4312,-1
47,3785,1
47,3786,1
47,7315,1
47,2495,1
47,8779,1
47,3491,1
47,3928,-1
47,2706,1
47,2533,-1
47,936,1
47,8780,1
47,2951,-1
47,3652,1
47,2954,1
47,8781,1
47,2013,-1
47,3496,1
47,2016,1
47,2141,1
47,7524,1
47,6486,1
47,2768,1
47,8782,-1
47,1112,1
47,8783,-1
47,8784,-1
47,8785,1
47,8786,1
47,5042,1
47,8787,1
47,8788,1
47,8789,1
47,3228,1
47,2735,1
47,6666,1
47,3230,1
47,2901,-1
47,3950,1
47,8649,1
47,2976,1
47,2978,-1
47,8790,-1
47,6273,-1
47,5436,-1
47,8791,1
47,2644,1
47,2199,1
47,8792,1
47,2833,1
47,8793,1
47,8794,1
47,8795,1
47,8796,1
47,8797,1
47,8798,1
47,5075,1
47,8799,1
47,8800,1
47,8801,1
47,8802,1
47,8803,1
47,8804,1
47,8805,1
47,8806,1
47,2763,1
47,8807,1
47,7260,1
47,8808,1
47,8809,1
47,8810,1
47,8811,1
47,8812,1
47,8813,1
47,8814,1
47,8815,1
47,3673,1
47,8816,1
47,8817,1
47,8818,1
47,8819,1
47,8820,1
47,8821,1
47,8822,1
47,8823,1
47,8824,1
47,8825,1
47,8826,1
47,8827,1
47,8828,1
47,7797,1
47,5152,1
47,8829,1
47,8830,1
47,8831,1
47,8832,1
47,8833,1
47,8834,1
47,8835,1
47,6608,1
47,8836,1
47,8837,1
47,8838,1
47,8839,1
47,8840,1
47,8841,1
47,8842,1
47,8843,1
47,8844,1
47,8845,1
47,3244,1
47,8846,1
47,8847,1
47,2834,1
47,5603,1
47,8848,1
47,8849,1
47,8850,1
47,4361,1
47,8851,1
47,8852,1
47,8853,1
47,8854,1
47,8855,1
47,8856,-1
47,8857,-1
47,7927,-1
47,8858,-1
47,5728,-1
47,8859,-1
47,8860,-1
47,8861,-1
47,8862,-1
47,5439,-1
47,7403,-1
47,8863,-1
47,8864,-1
47,8865,-1
47,8866,-1
48,248,1
48,3449,-1
48,995,1
48,4706,1
48,636,1
48,4726,1
48,4796,-1
48,4833,-1
48,4554,1
48,4286,1
48,3079,1
48,119,1
48,129,1
48,679,1
48,682,1
48,1508,1
48,863,1
48,6172,1
48,5364,1
48,2436,1
48,3635,1
48,8867,1
48,8584,1
48,8868,1
48,8869,1
48,3327,1
48,3931,1
48,7581,1
48,8870,1
48,2734,1
48,5127,1
48,8871,1
48,8124,1
48,8872,1
48,8873,1
48,8874,1
48,8875,1
48,8876,1
48,8877,1
48,8878,1
48,83,1
48,201,1
48,208,1
48,262,-1
48,278,1
48,366,1
49,1504,1
49,1506,1
49,1460,1
49,980,1
49,1967,1
49,4286,1
49,967,1
49,120,1
49,131,1
49,4822,1
49,55,1
49,267,1
49,299,1
49,579,1
49,599,1
49,2432,1
49,852,1
49,2791,1
49,8879,1
49,8880,1
49,2592,1
49,3325,1
49,1979,1
49,2476,1
49,3777,1
49,2393,1
49,5750,1
49,1808,-1
49,5981,1
49,3327,1
49,5936,1
49,5843,-1
49,8881,1
49,6710,1
49,8882,1
49,4230,1
49,6407,1
49,3517,1
49,8883,1
49,8884,1
49,3236,1
49,8885,1
49,8886,1
49,4350,-1
49,8887,-1
49,6293,-1
49,8888,-1
49,177,-1
49,201,1
49,349,1
49,464,-1
50,94,1
50,3781,1
50,8889,1
50,8890,1
51,246,1
51,252,1
51,258,1
51,68,1
51,72,1
51,173,1
51,289,1
51,295,1
51,404,1
51,427,1
52,634,1
52,980,1
52,2587,1
52,1176,1
52,184,1
52,386,1
52,740,1
52,789,1
52,6574,1
52,1530,1
52,1033,1
52,3777,1
52,2405,1
52,2303,1
52,5087,1
52,8891,1
52,933,1
52,2490,1
52,8449,1
52,7105,1
52,8892,1
52,1361,1
52,1148,1
52,7775,1
52,2964,1
52,8893,1
52,8894,1
52,8895,1
52,8896,1
52,8897,1
52,3960,1
52,7048,1
52,6969,1
52,8898,1
52,8899,1
52,72,1
52,74,1
52,366,1
52,381,1
52,387,1
53,3455,-1
53,79,1
53,190,-1
53,538,-1
53,1025,1
53,8900,-1
53,3624,-1
53,2701,-1
53,926,-1
53,1185,-1
53,927,1
53,1035,-1
53,3096,1
53,5548,1
53,1203,1
53,7500,1
53,8901,-1
53,936,1
53,8902,-1
53,8903,1
53,2312,-1
53,1238,-1
53,7928,-1
53,8904,-1
53,8905,-1
53,8906,-1
53,8907,-1
53,5857,-1
53,8908,1
53,8909,-1
53,8910,-1
53,8911,-1
53,93,1
53,287,1
54,992,1
54,4281,1
54,856,1
54,8523,1
54,6666,1
54,8912,1
54,72,1
55,972,1
55,977,1
55,1172,1
55,1491,1
55,237,1
55,1493,1
55,238,1
55,240,1
55,241,1
55,246,1
55,248,1
55,634,1
55,1460,1
55,1467,1
55,255,1
55,3436,1
55,1966,1
55,3449,1
55,980,1
55,985,1
55,992,1
55,4697,1
55,4698,1
55,4706,1
55,636,1
55,4732,1
55,4765,1
55,4782,1
55,4791,1
55,4804,1
55,4283,1
55,4823,1
55,4847,1
55,4850,1
55,4868,1
55,4883,1
55,4893,1
55,4894,1
55,4286,1
55,4555,1
55,1005,1
55,1328,1
55,637,1
55,1176,1
55,544,1
55,4973,1
55,4985,1
55,68,1
55,70,1
55,94,1
55,106,-1
55,109,1
55,135,1
55,150,1
55,152,1
55,173,1
55,176,1
55,181,1
55,190,1
55,197,1
55,262,1
55,274,-1
55,286,1
55,289,1
55,294,1
55,295,1
55,302,1
55,326,1
55,362,1
55,373,1
55,376,1
55,387,1
55,392,1
55,403,1
55,404,1
55,445,1
55,458,1
55,464,1
55,472,1
56,992,1
56,294,1
57,1174,-1
57,243,1
57,245,1
57,1175,1
57,148,1
57,259,1
57,422,1
58,1500,1
58,4283,1
58,243,1
58,129,1
58,1004,-1
58,544,-1
58,63,1
58,94,1
58,103,-1
58,135,1
58,148,1
58,188,1
58,302,1
58,310,1
58,353,1
58,418,1
58,470,1
58,518,1
58,547,1
58,3091,1
58,852,1
58,1745,1
58,4630,1
58,8913,1
58,2589,-1
58,1526,1
58,858,1
58,8914,1
58,4687,-1
58,3463,-1
58,6547,1
58,1977,1
58,1978,1
58,1031,1
58,1719,1
58,1979,-1
58,2926,-1
58,3416,1
58,8031,1
58,2479,1
58,1538,1
58,3902,1
58,930,1
58,7357,1
58,8915,-1
58,8171,1
58,3473,1
58,1168,1
58,3907,1
58,2484,1
58,8916,1
58,8445,-1
58,8917,1
58,8777,1
58,1349,1
58,2942,1
58,8918,1
58,8919,-1
58,3644,1
58,2896,1
58,8920,1
58,8921,1
58,8922,-1
58,2528,1
58,8923,1
58,8924,1
58,3498,1
58,2016,1
58,943,1
58,7776,1
58,2818,1
58,3221,1
58,5040,1
58,6046,1
58,945,1
58,884,1
58,5042,1
58,3223,-1
58,8925,1
58,1369,-1
58,4084,1
58,3665,1
58,8926,1
58,8927,1
58,8928,1
58,8929,-1
58,8790,1
58,2666,1
58,8930,1
58,8343,1
58,1437,-1
58,8931,1
58,1880,-1
58,1585,1
58,1908,1
58,1948,1
58,8653,1
58,8932,1
58,8933,1
58,5163,-1
58,8934,1
58,8935,1
58,3254,1
58,8936,1
58,8937,1
58,8938,1
58,8939,1
58,6845,1
58,8940,1
58,3693,1
58,8941,-1
58,8942,1
58,8943,-1
58,8765,1
58,8944,-1
58,8945,-1
58,8946,1
58,8947,1
58,8948,1
58,8949,1
58,8623,1
58,8950,1
58,8951,1
58,8952,1
58,8953,1
58,8954,1
58,8955,1
58,8956,1
58,8957,1
58,8958,1
58,8959,1
58,8960,1
58,8961,1
58,8962,1
58,8963,1
58,8964,-1
58,8965,-1
58,8966,-1
58,8967,-1
58,8968,-1
58,8969,-1
58,262,-1
58,293,1
58,348,1
58,372,1
58,430,1
59,236,1
59,238,-1
59,251,1
59,635,1
59,995,1
59,1967,1
59,4841,1
59,970,1
59,119,1
59,120,1
59,994,1
59,1023,1
59,2096,1
59,2097,1
59,2098,1
59,259,1
59,286,1
59,288,1
59,301,1
59,326,1
59,329,1
59,361,1
59,364,1
59,366,1
59,419,1
59,438,1
59,444,1
59,445,1
59,477,1
59,497,1
59,549,1
59,668,1
59,709,1
59,765,1
59,2202,1
59,6575,1
59,921,-1
59,2382,1
59,1718,1
59,2109,1
59,1035,1
59,1037,1
59,2112,1
59,1039,1
59,2209,1
59,1041,1
59,1721,1
59,1725,1
59,1042,1
59,1043,1
59,2211,1
59,2212,1
59,2193,1
59,1790,1
59,2684,1
59,1798,1
59,2127,1
59,1049,1
59,2255,1
59,8970,1
59,3105,1
59,1824,1
59,1063,1
59,1080,1
59,1085,1
59,1101,1
59,1105,-1
59,8971,1
59,8972,1
59,8973,1
59,8974,1
59,8975,1
59,262,1
59,285,1
59,309,1
59,310,1
59,335,1
59,336,1
59,348,1
59,349,1
59,356,1
59,357,1
59,372,-1
59,381,1
59,439,1
59,441,1
59,450,1
59,456,1
59,459,1
59,473,1
59,474,1
60,248,1
60,1460,1
60,3436,1
60,3454,1
60,980,1
60,1967,1
60,4797,1
60,1968,1
60,4555,1
60,1176,1
60,148,1
60,172,1
60,289,1
60,376,1
60,421,1
60,425,1
60,446,1
60,527,1
60,608,1
60,684,1
60,692,1
60,741,1
60,8976,1
60,1754,1
60,2113,1
60,1786,1
60,1339,1
60,2685,1
60,5548,1
60,6467,1
60,1538,1
60,5087,1
60,5364,1
60,8977,1
60,6468,1
60,3472,1
60,1798,1
60,2938,1
60,1049,1
60,8978,1
60,8979,1
60,2131,1
60,5034,1
60,7742,1
60,2609,1
60,3207,1
60,2895,1
60,5419,1
60,6332,1
60,8980,1
60,2499,1
60,1825,1
60,2534,1
60,7581,1
60,8981,1
60,2014,1
60,7907,1
60,3732,1
60,8982,1
60,8983,1
60,8984,1
60,8985,1
60,1069,1
60,1085,1
60,1106,1
60,1129,1
60,8986,1
60,2823,1
60,8987,1
60,8988,1
60,2229,1
60,7529,1
60,6050,1
60,2264,1
60,3513,1
60,8989,1
60,8990,1
60,8991,1
60,6188,1
60,8403,1
60,8992,1
60,2152,1
60,8404,1
60,5144,1
60,8993,1
60,8994,1
60,4353,1
60,2657,1
60,6365,1
60,8995,1
60,5074,1
60,4651,1
60,8996,1
60,5555,1
60,8997,1
60,5151,1
60,8998,1
60,8999,1
60,7119,1
60,9000,1
60,4370,1
60,9001,1
60,4654,1
60,2989,1
60,9002,1
60,9003,1
60,3969,1
60,9004,1
60,7097,1
60,6123,1
60,9005,1
60,9006,1
60,9007,1
60,9008,1
60,9009,1
60,9010,1
60,9011,1
60,9012,1
60,9013,1
60,9014,1
60,7023,1
60,9015,1
60,8248,1
60,9016,1
60,4481,1
60,8407,1
60,9017,1
60,9018,1
60,9019,1
60,4539,1
60,7293,1
60,9020,1
60,7613,1
60,9021,1
60,9022,1
60,3017,1
60,5986,1
60,7327,1
60,3599,1
60,5470,1
60,9023,1
60,9024,1
60,9025,1
60,9026,1
60,9027,1
60,9028,1
60,3158,1
60,5924,1
60,9029,1
60,9030,1
60,9031,1
60,5257,1
60,9032,1
60,9033,1
60,9034,1
60,9035,1
60,9036,1
60,9037,1
60,9038,1
60,9039,1
60,9040,1
60,9041,1
60,9042,1
60,9043,1
60,9044,1
60,9045,1
60,9046,1
60,9047,1
60,9048,1
60,9049,1
60,9050,1
60,9051,1
60,9052,1
60,9053,1
60,9054,1
60,9055,1
60,9056,1
60,9057,1
60,9058,1
60,9059,1
60,9060,1
60,9061,1
60,9062,1
60,9063,1
60,9064,1
60,9065,1
60,9066,1
60,9067,1
60,9068,1
60,9069,1
60,9070,1
60,9071,1
60,9072,1
60,9073,1
60,9074,1
60,9075,1
60,9076,1
60,9077,1
60,9078,1
60,9079,1
60,9080,1
60,9081,1
60,9082,1
60,9083,1
60,259,1
60,265,1
60,410,1
61,4856,1
61,2586,1
61,4727,1
61,4887,-1
61,1328,1
61,81,1
61,82,1
61,118,-1
61,134,1
61,149,1
61,160,1
61,167,1
61,186,1
61,192,-1
61,353,1
61,403,1
61,562,-1
61,599,-1
61,723,-1
61,764,-1
61,1520,1
61,2890,1
61,9084,1
61,2101,1
61,6452,1
61,1154,1
61,5062,1
61,864,1
61,2209,1
61,9085,-1
61,865,1
61,9086,-1
61,1986,1
61,1990,1
61,3633,-1
61,2604,1
61,3910,1
61,3203,-1
61,874,-1
61,2942,-1
61,7039,1
61,5417,-1
61,2004,-1
61,9087,-1
61,9088,1
61,2495,-1
61,2703,1
61,6577,-1
61,6552,-1
61,5575,1
61,7775,1
61,6289,-1
61,3656,-1
61,9089,-1
61,7318,-1
61,5878,1
61,6457,-1
61,9090,1
61,9091,-1
61,3230,1
61,9092,1
61,9093,1
61,8139,-1
61,2154,-1
61,9094,-1
61,9095,-1
61,5556,-1
61,8864,-1
61,9096,1
61,5441,-1
61,9097,1
61,9098,1
61,9099,1
61,9100,1
61,9101,1
61,9102,1
61,9103,1
61,9104,1
61,9105,-1
61,9106,1
61,9107,1
61,9108,1
61,9109,1
61,9110,1
61,9111,1
61,9112,1
61,9113,1
61,9114,-1
61,9115,-1
61,9116,-1
61,9117,-1
61,148,1
62,119,-1
62,807,-1
62,1172,-1
62,1174,1
62,774,-1
62,1175,1
62,127,1
62,243,1
62,129,1
62,245,-1
62,1018,-1
62,850,-1
62,78,-1
62,89,1
62,100,1
62,106,1
62,164,1
62,192,1
62,272,-1
62,304,1
62,324,1
62,363,1
62,404,1
62,522,1
62,561,1
62,765,-1
62,789,-1
62,798,1
62,799,1
62,816,1
62,828,1
62,857,1
62,1330,-1
62,2701,-1
62,3284,1
62,1184,1
62,926,1
62,1331,1
62,6644,1
62,1332,-1
62,1337,-1
62,2419,1
62,1789,1
62,1189,1
62,3353,1
62,1190,1
62,1192,1
62,1194,1
62,1197,-1
62,2600,1
62,5344,1
62,1343,1
62,5549,-1
62,3770,-1
62,878,1
62,1212,1
62,9118,1
62,9119,1
62,1216,1
62,1217,1
62,9120,1
62,8527,1
62,6725,-1
62,1219,-1
62,1221,1
62,9121,1
62,7992,1
62,1225,-1
62,938,1
62,7909,1
62,1118,-1
62,1134,-1
62,9122,1
62,1236,1
62,9123,1
62,1242,1
62,2314,1
62,9124,1
62,9125,1
62,1246,1
62,2316,1
62,1249,1
62,1252,1
62,1260,-1
62,2672,1
62,1373,1
62,2450,-1
62,1273,-1
62,1278,1
62,1410,1
62,1414,-1
62,1426,1
62,1434,1
62,1444,-1
62,1453,-1
62,8932,1
62,3531,-1
62,9126,1
62,9127,1
62,9128,1
62,6297,1
62,9129,-1
62,9130,1
62,9131,-1
62,9132,-1
62,9133,-1
62,9134,-1
62,9135,-1
62,9136,-1
62,9137,1
62,9138,1
62,9139,1
62,9140,1
62,2323,1
62,2324,-1
62,9141,-1
62,9142,-1
62,9143,-1
62,9144,1
62,9145,1
62,6625,1
62,9146,-1
62,9147,-1
62,9148,-1
63,1968,1
63,637,1
63,392,1
64,145,1
65,255,1
65,4697,1
65,4782,1
65,1968,1
65,4870,1
65,9149,1
65,74,1
65,295,1
66,9150,-1
66,9151,-1
67,4999,1
67,373,1
68,179,1
68,2432,1
68,3325,1
68,3633,-1
68,9152,1
68,9153,1
68,4124,1
68,9154,1
69,1968,1
69,4868,1
69,169,1
69,347,1
69,9155,1
69,1249,-1
69,9156,1
69,3592,1
69,9157,1
70,242,-1
70,634,1
70,131,-1
70,4283,1
70,4285,1
70,5021,-1
70,106,-1
70,172,1
70,360,1
70,403,1
70,407,1
70,434,1
70,463,-1
70,473,1
70,538,-1
70,552,1
70,555,1
70,630,-1
70,2379,1
70,7760,-1
70,1027,1
70,9158,1
70,5314,-1
70,3625,-1
70,7014,-1
70,3627,-1
70,1762,1
70,5547,1
70,6385,1
70,1534,-1
70,1768,1
70,1036,1
70,1782,-1
70,2414,1
70,2685,-1
70,1991,1
70,9159,-1
70,870,1
70,9160,1
70,6173,1
70,9161,1
70,3913,-1
70,2486,1
70,8601,1
70,2133,1
70,9162,-1
70,9163,1
70,7724,1
70,5417,1
70,8691,1
70,9164,1
70,9165,1
70,9166,1
70,3787,1
70,1820,1
70,3490,-1
70,882,-1
70,7316,1
70,9167,1
70,4222,1
70,9168,1
70,6334,1
70,6396,-1
70,6484,1
70,2961,1
70,4273,1
70,9169,-1
70,4333,1
70,6489,1
70,7071,-1
70,3230,1
70,5805,-1
70,4647,1
70,9170,-1
70,3234,-1
70,3516,-1
70,5635,-1
70,2831,1
70,6219,1
70,7794,1
70,5555,1
70,9171,1
70,4362,1
70,9172,-1
70,5445,-1
70,9173,1
70,9174,1
70,5649,-1
70,7811,1
70,4536,1
70,9175,-1
70,9176,1
70,4386,-1
70,9177,1
70,5186,1
70,9178,1
70,9179,1
70,9180,-1
70,9181,1
70,9182,1
70,2334,1
70,9183,1
70,9184,1
70,9185,-1
70,9186,1
70,9187,1
70,9188,1
70,9189,1
70,9190,1
70,9191,1
70,9192,1
70,9193,1
70,9194,1
70,9195,1
70,9196,1
70,9197,1
70,9198,1
70,9199,1
70,9200,1
70,9201,1
70,9202,1
70,9203,1
70,9204,1
70,9205,-1
70,9206,-1
70,9207,-1
70,9208,-1
70,9209,-1
71,245,1
71,248,1
71,980,1
71,4838,1
71,4867,1
71,2097,1
71,4961,1
71,4977,1
71,400,1
71,9210,1
71,9211,1
71,5771,1
71,9212,1
71,94,1
71,266,1
71,290,1
72,237,1
72,238,1
72,246,1
72,248,1
72,1460,1
72,1176,1
72,972,1
72,252,1
72,1735,1
72,1966,1
72,3448,1
72,131,1
72,636,1
72,4721,1
72,4624,1
72,1737,1
72,1507,1
72,3771,1
72,4282,1
72,2585,1
72,1328,1
72,3621,1
72,4978,1
72,5017,1
72,258,1
72,79,1
72,81,1
72,93,1
72,95,1
72,99,1
72,125,1
72,134,1
72,135,1
72,158,1
72,163,1
72,167,1
72,170,1
72,184,1
72,205,1
72,267,1
72,286,1
72,292,1
72,295,1
72,309,1
72,353,1
72,386,1
72,411,1
72,438,1
72,456,1
72,499,1
72,504,1
72,520,-1
72,521,1
72,524,1
72,545,1
72,547,1
72,555,1
72,608,1
72,610,1
72,651,1
72,701,1
72,704,1
72,709,1
72,715,1
72,722,1
72,729,1
72,736,1
72,3091,1
72,5597,1
72,2682,1
72,852,1
72,2890,1
72,1743,1
72,6169,1
72,2588,1
72,6170,1
72,3196,1
72,2380,1
72,2099,1
72,855,1
72,9213,1
72,2792,1
72,1717,1
72,1752,1
72,1529,1
72,6037,1
72,3891,1
72,1476,1
72,2594,1
72,1142,1
72,9150,1
72,2474,1
72,1508,1
72,6590,1
72,3894,1
72,9214,1
72,9215,1
72,6463,1
72,3775,1
72,2107,1
72,3895,1
72,9216,1
72,4294,1
72,9217,1
72,1766,1
72,3777,1
72,1036,1
72,2393,1
72,1776,1
72,2410,1
72,3363,1
72,2477,1
72,9085,1
72,7650,1
72,3060,1
72,2685,1
72,1795,1
72,3630,1
72,3296,1
72,8440,1
72,4521,1
72,6467,1
72,1990,1
72,8215,1
72,1992,1
72,2933,1
72,1993,1
72,3634,1
72,8443,1
72,9218,1
72,2892,1
72,1168,1
72,9219,1
72,3780,1
72,3475,1
72,871,1
72,9220,1
72,9221,1
72,9222,1
72,1048,1
72,9223,1
72,9224,1
72,3781,1
72,2939,1
72,5766,1
72,3838,1
72,7767,1
72,3642,1
72,4219,1
72,8601,1
72,2726,1
72,1349,1
72,6806,1
72,7258,1
72,877,1
72,878,1
72,1549,1
72,7701,1
72,3299,1
72,7724,1
72,3300,1
72,9225,1
72,2943,1
72,6286,1
72,7105,1
72,3209,1
72,1470,1
72,2006,1
72,5102,1
72,8217,1
72,2009,1
72,2495,1
72,9226,1
72,8980,1
72,9227,1
72,7110,1
72,2703,1
72,9228,1
72,9229,1
72,2811,1
72,9230,1
72,3651,1
72,9231,1
72,1064,1
72,9232,1
72,9233,1
72,3303,1
72,2617,1
72,9234,1
72,2618,1
72,5038,1
72,4325,1
72,9235,1
72,2954,1
72,2223,1
72,8694,1
72,9236,1
72,8486,1
72,1150,1
72,5304,1
72,4225,1
72,9237,1
72,2018,1
72,2817,1
72,9238,1
72,2733,1
72,4329,1
72,9239,1
72,3304,1
72,9240,1
72,9241,1
72,9242,1
72,2965,1
72,9243,1
72,9244,1
72,2824,1
72,9245,1
72,9246,1
72,6049,1
72,5976,1
72,9247,1
72,3226,1
72,6818,1
72,9248,1
72,9249,1
72,9250,1
72,9251,1
72,3943,1
72,3792,1
72,5128,1
72,6578,1
72,6106,1
72,8895,1
72,9252,1
72,7364,1
72,2034,1
72,903,1
72,911,1
72,914,1
72,1855,1
72,2901,1
72,9253,1
72,9254,1
72,7655,1
72,4348,1
72,9255,1
72,7533,1
72,2267,1
72,9256,1
72,9257,1
72,9258,1
72,5047,1
72,4532,1
72,8142,1
72,2980,1
72,9259,1
72,9260,1
72,2762,1
72,3520,1
72,7220,1
72,8812,1
72,8840,1
72,8845,1
72,1911,1
72,1960,1
72,9261,1
72,3799,1
72,9262,1
72,9263,1
72,3246,1
72,9264,1
72,9265,1
72,9266,1
72,9267,1
72,9268,1
72,7262,1
72,9269,1
72,9270,1
72,9271,1
72,9272,1
72,7199,1
72,6611,1
72,9273,1
72,2994,1
72,9274,1
72,9275,1
72,9276,1
72,2996,1
72,9277,1
72,9278,1
72,9279,1
72,3000,1
72,9280,1
72,9281,1
72,3540,1
72,9282,1
72,9283,1
72,9284,1
72,9285,1
72,9286,1
72,8360,1
72,9287,1
72,9288,1
72,9289,1
72,9290,1
72,9291,1
72,9292,1
72,4239,1
72,9293,1
72,9294,1
72,9295,1
72,9296,1
72,9297,1
72,9298,1
72,9299,1
72,9300,1
72,9301,1
72,9302,1
72,9303,1
72,3321,1
72,9304,1
72,9305,1
72,9306,1
72,3990,1
72,9307,1
72,9308,1
72,3016,1
72,4124,1
72,7488,1
72,9309,1
72,9310,1
72,5056,1
72,9311,1
72,2859,1
72,3614,1
72,9312,1
72,9313,1
72,9314,1
72,6307,1
72,9315,1
72,9316,1
72,9317,1
72,9318,1
72,9319,1
72,6070,1
72,9320,1
72,7026,1
72,9321,1
72,7154,1
72,9322,1
72,8070,1
72,4177,1
72,6627,1
72,5058,1
72,5589,1
72,9323,1
72,8103,1
72,9324,1
72,9325,1
72,9326,1
72,9202,1
72,9327,1
72,9328,1
72,9329,1
72,9330,1
72,9331,1
72,9332,1
72,9333,1
72,9334,1
72,9335,1
72,9336,1
72,9337,1
72,9338,1
72,9339,1
72,9340,1
72,9341,1
72,9342,1
72,9343,1
72,9344,1
72,9345,1
72,9346,1
72,9347,1
72,9348,1
72,9349,1
72,9350,1
72,9351,1
72,9352,1
72,9353,1
72,9354,1
72,9355,1
72,9356,1
72,9357,1
72,9358,1
72,404,1
72,444,-1
72,458,1
74,1490,1
74,980,1
74,120,1
74,242,-1
74,252,1
74,1461,-1
74,4739,-1
74,3621,-1
74,5002,-1
74,78,1
74,83,1
74,99,-1
74,100,1
74,145,1
74,291,1
74,322,1
74,345,1
74,376,1
74,435,1
74,449,-1
74,451,-1
74,461,-1
74,488,-1
74,508,1
74,526,-1
74,538,1
74,587,1
74,603,1
74,612,-1
74,679,1
74,704,-1
74,765,1
74,2788,-1
74,851,-1
74,2202,1
74,5343,1
74,2890,1
74,1025,1
74,9359,-1
74,9360,-1
74,5546,-1
74,5407,-1
74,1717,1
74,5804,1
74,1530,-1
74,4687,1
74,9361,-1
74,1142,1
74,9362,-1
74,7101,-1
74,1030,-1
74,5983,1
74,1979,-1
74,2926,1
74,9363,-1
74,5062,-1
74,1044,1
74,1342,1
74,9086,-1
74,9364,1
74,9365,1
74,5310,-1
74,3061,1
74,1201,-1
74,5087,1
74,1155,-1
74,6386,1
74,6090,1
74,3475,1
74,6471,-1
74,1048,-1
74,5369,1
74,7314,1
74,5318,-1
74,4062,1
74,2486,1
74,9366,1
74,8601,-1
74,9367,1
74,7102,1
74,6476,-1
74,1350,1
74,7009,1
74,1147,1
74,5346,1
74,3839,-1
74,6951,-1
74,9368,1
74,1672,1
74,9369,-1
74,7771,1
74,5420,-1
74,8136,1
74,9370,1
74,9371,1
74,2136,-1
74,9372,1
74,2550,-1
74,8529,1
74,9373,1
74,9374,1
74,938,-1
74,9375,-1
74,1835,1
74,9376,1
74,9377,-1
74,8471,-1
74,2015,-1
74,8505,-1
74,2017,-1
74,7776,1
74,2961,-1
74,8985,1
74,9378,1
74,6815,-1
74,9379,1
74,9380,1
74,9381,1
74,4083,1
74,6816,1
74,9382,-1
74,9247,1
74,9383,1
74,9249,-1
74,9384,-1
74,1571,-1
74,7635,1
74,3228,1
74,9385,-1
74,5324,1
74,8705,1
74,6190,-1
74,951,-1
74,1855,1
74,5142,1
74,4348,1
74,6193,1
74,8122,-1
74,4350,1
74,6958,1
74,9386,1
74,9387,-1
74,2905,1
74,8996,-1
74,9388,1
74,5316,1
74,9389,1
74,9390,1
74,1399,1
74,8067,1
74,9391,1
74,7405,-1
74,4652,1
74,8146,-1
74,9392,-1
74,9393,1
74,9394,-1
74,9395,1
74,9396,1
74,9397,-1
74,9398,-1
74,4098,1
74,9399,-1
74,9400,-1
74,9401,1
74,9402,1
74,8723,1
74,7943,-1
74,9403,-1
74,9404,-1
74,2243,1
74,9405,-1
74,9406,-1
74,9407,-1
74,9408,-1
74,9409,1
74,6971,1
74,9410,1
74,9411,1
74,9412,1
74,9413,1
74,9414,1
74,9415,1
74,9416,1
74,9417,1
74,8589,1
74,9418,1
74,9419,1
74,9420,1
74,9421,1
74,9422,1
74,9423,1
74,9424,1
74,9425,1
74,9426,1
74,9427,1
74,9428,1
74,9429,1
74,9430,1
74,9431,1
74,9432,1
74,9433,1
74,9434,1
74,9435,1
74,9436,1
74,9437,1
74,9438,1
74,9439,1
74,9440,1
74,9441,1
74,9442,1
74,9443,1
74,9444,1
74,9445,-1
74,9446,-1
74,9447,-1
74,9448,-1
74,9449,-1
74,9450,-1
74,9451,-1
74,9452,-1
74,9453,-1
74,9454,-1
74,9455,-1
74,9456,-1
74,9457,-1
74,9458,-1
74,9459,-1
74,8153,-1
74,9460,-1
74,9461,-1
74,9462,-1
74,9463,-1
74,9464,-1
74,9465,-1
74,9466,-1
75,243,1
75,120,1
75,577,1
75,1173,1
75,236,1
75,239,1
75,245,1
75,250,1
75,1966,1
75,131,1
75,4283,1
75,78,1
75,93,1
75,294,1
75,364,1
75,432,1
75,438,1
75,534,1
75,747,1
75,854,1
75,1027,1
75,856,1
75,1028,-1
75,1029,-1
75,1529,1
75,7991,-1
75,3774,1
75,1776,1
75,1537,1
75,1722,1
75,1724,1
75,2416,1
75,1199,1
75,3296,1
75,1203,1
75,930,1
75,3870,1
75,1344,1
75,9467,1
75,2347,1
75,1805,1
75,6806,1
75,9468,1
75,1672,1
75,2896,1
75,7452,1
75,2541,1
75,7524,1
75,884,1
75,7318,1
75,3235,1
75,6958,1
75,7792,1
75,8652,1
75,1585,1
75,5947,1
75,9469,1
75,9470,1
75,9471,1
75,4236,1
75,9472,1
75,9473,1
75,9100,1
75,3684,1
75,9474,1
75,9475,1
75,9476,1
75,9477,1
75,9478,1
75,9479,1
75,1611,1
75,2167,1
75,9480,1
76,4785,1
76,129,1
76,173,1
76,666,-1
76,6574,1
76,5319,-1
76,5371,1
76,9481,-1
76,3805,1
76,9482,1
76,9483,1
76,9484,1
76,9485,-1
76,9486,-1
77,281,1
77,1525,1
77,3325,1
77,3095,-1
77,3475,-1
77,932,-1
77,1545,1
77,3484,1
77,2508,1
77,8530,1
77,9487,1
77,6407,1
77,2679,1
77,9488,1
77,9489,1
78,236,1
78,237,1
78,238,1
78,240,1
78,1494,1
78,241,1
78,243,1
78,245,1
78,248,1
78,249,1
78,251,1
78,252,1
78,253,1
78,635,1
78,995,1
78,4283,1
78,4841,1
78,239,1
78,242,1
78,246,1
78,255,1
78,637,1
78,86,1
78,167,1
78,259,1
78,265,1
78,280,1
78,285,1
78,286,1
78,288,1
78,289,1
78,308,1
78,309,1
78,324,1
78,326,1
78,328,1
78,329,1
78,335,1
78,344,1
78,348,1
78,349,1
78,356,1
78,364,1
78,382,1
78,390,1
78,392,1
78,404,1
78,430,1
78,441,1
78,443,1
78,445,1
78,456,1
78,458,1
78,473,1
78,474,1
78,477,1
78,480,1
78,487,1
78,495,1
78,496,1
78,497,1
78,501,1
78,511,1
78,519,1
78,521,1
78,524,1
78,532,1
78,604,1
78,622,1
78,649,1
78,664,1
78,668,1
78,672,1
78,679,1
78,709,1
78,720,1
78,2202,1
78,1972,1
78,1024,1
78,1025,1
78,1745,1
78,920,1
78,1716,1
78,2382,1
78,1336,1
78,9490,1
78,1718,1
78,2191,1
78,3755,1
78,2105,1
78,2597,1
78,2192,1
78,1036,1
78,1187,1
78,864,1
78,2388,1
78,2112,1
78,2113,1
78,1774,1
78,1775,1
78,2115,1
78,2209,1
78,2116,1
78,1721,1
78,1779,1
78,1723,1
78,2403,1
78,1725,1
78,1785,1
78,1786,1
78,1726,1
78,1727,1
78,1043,1
78,2211,1
78,2212,1
78,1788,1
78,1339,1
78,1790,1
78,1791,1
78,2121,1
78,2122,1
78,1539,1
78,867,1
78,870,1
78,1798,1
78,1803,1
78,2255,1
78,2133,1
78,9491,1
78,9492,1
78,1810,1
78,1730,1
78,9493,1
78,1813,1
78,1731,1
78,1818,1
78,2710,1
78,1058,1
78,2309,1
78,1836,1
78,9236,1
78,1089,1
78,2225,1
78,2232,1
78,9494,1
78,2235,1
78,2266,1
78,9495,1
78,2638,1
78,2645,1
78,1865,1
78,9496,1
78,2244,1
78,83,1
78,99,1
78,190,1
78,266,1
78,281,1
78,293,1
78,302,1
78,304,1
78,310,1
78,312,1
78,327,1
78,336,1
78,362,1
78,381,1
78,387,1
78,413,1
78,419,1
78,423,1
78,439,1
78,444,-1
78,450,1
78,459,1
79,248,1
79,255,1
79,636,1
79,4778,1
79,4791,1
79,4853,1
79,1176,1
79,1184,-1
79,926,-1
79,7397,-1
79,9497,1
79,9498,-1
79,9499,1
79,9500,-1
79,83,1
79,259,1
79,295,1
79,305,1
79,372,-1
79,373,1
80,2108,1
81,237,1
81,1493,1
81,247,1
81,248,1
81,634,1
81,1460,1
81,255,1
81,1966,1
81,980,1
81,4706,1
81,636,1
81,4726,1
81,4728,1
81,4730,1
81,4783,1
81,4790,1
81,4553,1
81,3455,1
81,4823,1
81,4847,1
81,4855,1
81,1738,1
81,4883,-1
81,4554,1
81,4286,1
81,544,-1
81,2098,1
81,5025,1
81,94,1
81,148,1
81,177,-1
81,226,1
81,266,1
81,286,1
81,290,1
81,312,1
81,330,1
81,332,1
81,366,1
81,373,1
81,376,1
81,378,1
81,403,1
81,432,1
81,444,1
81,452,1
82,4782,1
82,4796,1
82,4797,1
82,1968,1
82,4838,1
82,4905,1
82,4938,1
82,637,1
82,2587,1
82,1969,1
82,5002,1
82,148,1
82,692,1
82,6114,1
82,1677,1
82,83,1
82,201,1
82,434,1
83,119,-1
83,1173,-1
83,246,1
83,248,1
83,249,1
83,251,1
83,634,1
83,1460,1
83,985,1
83,995,1
83,1023,1
83,2096,1
83,4783,1
83,4790,1
83,1967,1
83,4796,1
83,4804,1
83,4883,1
83,4555,1
83,4975,1
83,2098,1
83,5025,1
83,238,1
83,239,1
83,241,1
83,242,1
83,243,1
83,635,1
83,992,1
83,994,1
83,4797,1
83,4870,1
83,4874,1
83,4900,1
83,2918,1
83,4949,1
83,2587,1
83,5021,1
83,89,1
83,259,1
83,285,1
83,304,1
83,309,1
83,328,1
83,329,1
83,330,1
83,331,1
83,335,1
83,345,1
83,353,1
83,364,1
83,381,1
83,382,1
83,404,1
83,411,1
83,430,1
83,433,1
83,438,1
83,441,1
83,445,1
83,462,1
83,486,1
83,496,1
83,497,1
83,501,1
83,511,1
83,524,1
83,529,1
83,532,1
83,533,1
83,538,1
83,587,1
83,622,1
83,646,1
83,654,1
83,668,1
83,675,1
83,679,1
83,683,1
83,690,1
83,693,1
83,711,1
83,714,1
83,715,1
83,762,1
83,765,1
83,1970,1
83,2202,1
83,2681,1
83,3092,1
83,1972,1
83,4680,1
83,1024,1
83,1025,1
83,2298,1
83,5619,1
83,2100,1
83,921,1
83,1178,1
83,2381,1
83,1182,1
83,7014,1
83,2594,1
83,1978,1
83,1336,1
83,2105,1
83,1031,1
83,5547,1
83,2476,1
83,2107,1
83,2109,1
83,862,1
83,1036,1
83,2112,1
83,2207,1
83,2113,1
83,1040,1
83,1774,1
83,1041,1
83,1721,1
83,1723,1
83,2404,1
83,1042,1
83,1043,1
83,2211,1
83,1044,1
83,2193,1
83,1790,1
83,2121,1
83,2213,1
83,1190,1
83,9085,1
83,3629,1
83,2684,1
83,7896,1
83,2932,1
83,2216,1
83,6088,1
83,2124,1
83,9501,1
83,4632,1
83,1205,1
83,867,1
83,3472,1
83,3474,1
83,6090,1
83,3910,1
83,5624,1
83,1049,1
83,9502,1
83,2131,1
83,7314,1
83,2307,1
83,4303,1
83,7766,1
83,2132,1
83,5700,1
83,2255,1
83,6040,1
83,5096,1
83,6392,1
83,5035,1
83,5822,1
83,9503,1
83,9504,1
83,6478,1
83,1052,1
83,1731,1
83,5420,1
83,1816,1
83,5843,1
83,3924,1
83,2495,1
83,1053,1
83,9505,1
83,1054,1
83,5103,1
83,1055,1
83,5105,1
83,6094,1
83,3925,1
83,9506,1
83,2897,1
83,1220,1
83,2136,1
83,2948,1
83,2196,1
83,5372,1
83,2899,1
83,9507,1
83,4560,1
83,9508,1
83,2689,1
83,1824,1
83,2500,1
83,2138,1
83,2139,1
83,2534,1
83,1058,1
83,2558,1
83,9509,1
83,5895,1
83,1831,1
83,5927,1
83,9376,1
83,9510,1
83,9511,1
83,9512,1
83,9513,1
83,3222,1
83,5714,1
83,9514,1
83,6046,1
83,1080,1
83,1104,1
83,1105,1
83,1109,1
83,1117,1
83,2145,1
83,2623,1
83,9515,1
83,9516,1
83,9517,1
83,9518,1
83,2627,1
83,6105,1
83,2229,1
83,1247,1
83,9519,1
83,6402,1
83,9520,1
83,2232,1
83,5130,1
83,9521,1
83,5702,1
83,2737,1
83,5064,1
83,2693,1
83,7363,1
83,9495,1
83,6109,1
83,5135,1
83,9522,1
83,3230,1
83,9523,1
83,893,1
83,4648,1
83,2738,1
83,5349,1
83,4565,1
83,2902,1
83,6113,1
83,7996,1
83,6114,1
83,9524,1
83,2154,1
83,9525,1
83,9526,1
83,9527,1
83,5869,1
83,6251,1
83,2357,1
83,5768,1
83,7402,1
83,6410,1
83,7798,1
83,9528,1
83,5949,1
83,9529,1
83,9530,1
83,9531,1
83,9532,1
83,9533,1
83,4628,1
83,9534,1
83,7288,1
83,9535,1
83,6300,1
83,7193,1
83,7098,1
83,6684,1
83,9536,1
83,7445,1
83,9009,1
83,4581,1
83,6126,1
83,7084,1
83,9537,1
83,5180,1
83,5182,1
83,9538,1
83,9539,1
83,9540,1
83,4107,1
83,9541,1
83,9542,1
83,3258,1
83,5456,1
83,9543,1
83,5196,1
83,4538,1
83,5886,1
83,9544,1
83,9545,1
83,9546,1
83,9547,1
83,8004,1
83,5465,1
83,9548,1
83,9549,1
83,9550,1
83,9551,1
83,6859,1
83,9552,1
83,2863,1
83,2752,1
83,6426,1
83,9553,1
83,6427,1
83,5388,1
83,9554,1
83,9555,1
83,9556,1
83,9557,1
83,9558,1
83,9559,1
83,5367,1
83,5708,1
83,9560,1
83,5515,1
83,6752,1
83,9561,1
83,9562,1
83,5917,1
83,5918,1
83,6758,1
83,9563,1
83,9564,1
83,9565,1
83,9566,1
83,9567,1
83,9568,1
83,9569,1
83,9570,1
83,9571,1
83,9572,1
83,9573,1
83,9574,1
83,9575,1
83,9576,1
83,9577,1
83,9578,1
83,9579,1
83,9580,1
83,9581,1
83,9582,1
83,9583,1
83,9584,1
83,9585,1
83,9586,1
83,9587,1
83,9588,1
83,9589,1
83,9590,1
83,9591,1
83,9592,1
83,9593,1
83,9594,1
83,361,-1
83,369,1
83,403,1
83,474,1
83,480,-1
84,995,1
84,4553,1
84,4853,1
84,4870,1
84,544,-1
84,1173,1
84,267,1
84,327,1
84,363,1
84,430,1
84,697,1
84,832,1
84,2190,1
84,856,1
84,2475,1
84,1038,1
84,2387,1
84,2112,1
84,3778,1
84,4204,1
84,5700,1
84,9595,1
84,4526,1
84,1052,1
84,3644,1
84,8901,-1
84,2515,1
84,7316,1
84,4639,1
84,3935,1
84,8535,1
84,886,1
84,9596,1
84,914,1
84,9597,1
84,6828,1
84,9598,1
84,9599,1
84,9600,1
84,9601,1
84,9602,1
84,9603,1
84,9604,1
84,9605,1
84,9606,1
84,9607,1
84,9608,1
84,9609,1
84,9610,1
84,9611,1
84,9612,1
84,306,1
84,361,-1
84,423,1
85,164,1
85,9613,1
86,238,1
86,1714,1
86,243,1
86,250,-1
86,1004,-1
86,103,-1
86,277,1
86,294,1
86,398,1
86,413,1
86,490,1
86,701,-1
86,702,1
86,852,1
86,9614,1
86,2300,-1
86,2190,1
86,5408,1
86,2107,1
86,2384,1
86,2797,1
86,1188,-1
86,1983,1
86,3060,-1
86,7440,1
86,9615,-1
86,9616,1
86,1703,1
86,9617,1
86,9618,1
86,2140,1
86,9619,1
86,2016,1
86,9518,1
86,5136,1
86,910,1
86,9620,-1
86,9621,1
86,9622,1
86,9623,1
86,9624,1
86,9625,1
86,9626,1
86,9627,1
86,9628,1
86,9629,1
86,7614,1
86,9630,1
86,9631,1
86,9632,1
86,9633,1
86,9634,1
86,9635,1
86,9636,1
86,348,1
86,387,1
86,404,1
86,474,1
87,4741,1
87,760,-1
87,2380,-1
87,9637,1
87,94,1
88,120,1
88,814,-1
88,2890,1
88,1715,1
88,859,1
88,1201,-1
88,930,1
88,6471,-1
88,9638,-1
88,9639,1
88,9640,1
88,1324,1
88,9641,1
88,2495,1
88,9642,1
88,9643,1
88,9644,1
88,1053,-1
88,1819,-1
88,9226,-1
88,5893,-1
88,290,1
89,119,-1
89,807,-1
89,1172,-1
89,239,1
89,1174,1
89,243,1
89,246,1
89,249,1
89,251,1
89,252,1
89,995,1
89,4706,1
89,4726,1
89,120,1
89,121,1
89,768,1
89,122,1
89,235,1
89,127,1
89,577,1
89,242,1
89,129,1
89,772,1
89,774,-1
89,635,1
89,1023,1
89,125,1
89,145,1
89,184,1
89,190,1
89,259,1
89,309,1
89,328,1
89,335,1
89,361,1
89,364,1
89,381,1
89,382,-1
89,404,1
89,450,1
89,458,1
89,474,1
89,480,1
89,495,1
89,497,1
89,511,1
89,646,1
89,675,1
89,679,1
89,714,1
89,762,1
89,795,1
89,2202,1
89,1972,1
89,1025,1
89,2203,-1
89,2298,1
89,1026,1
89,9645,-1
89,1716,1
89,921,1
89,1184,1
89,5739,1
89,2102,1
89,1336,1
89,1337,-1
89,2107,1
89,3776,1
89,1035,-1
89,1036,1
89,2207,1
89,1774,1
89,2394,1
89,1041,1
89,1785,1
89,2211,1
89,3353,1
89,3425,-1
89,9085,1
89,2214,1
89,2600,1
89,1201,-1
89,3633,1
89,5344,1
89,1168,1
89,1049,1
89,1052,1
89,1731,1
89,1550,1
89,8527,1
89,6725,-1
89,6177,-1
89,1054,1
89,1221,1
89,9508,-1
89,1824,1
89,1057,-1
89,2139,1
89,9121,-1
89,1225,-1
89,938,1
89,9646,-1
89,7909,1
89,2817,1
89,1069,-1
89,1103,-1
89,1105,1
89,1106,-1
89,1116,-1
89,1118,-1
89,1122,-1
89,1123,-1
89,1125,-1
89,1134,-1
89,9123,1
89,2314,1
89,998,-1
89,9647,-1
89,6728,-1
89,2229,-1
89,9125,1
89,2316,1
89,2737,1
89,2693,1
89,1260,-1
89,966,1
89,9648,-1
89,2738,1
89,2672,1
89,9649,-1
89,8342,1
89,8996,-1
89,6731,-1
89,2450,-1
89,1410,1
89,1414,-1
89,1426,1
89,1444,-1
89,1453,-1
89,2575,1
89,9650,-1
89,6297,1
89,9651,-1
89,9129,-1
89,9652,-1
89,9653,-1
89,9131,-1
89,9654,1
89,9655,-1
89,3882,1
89,9134,-1
89,9135,-1
89,9136,-1
89,9656,-1
89,9657,1
89,9405,1
89,9658,1
89,9139,1
89,9140,1
89,9659,-1
89,2324,-1
89,9660,-1
89,9661,-1
89,9662,1
89,9663,1
89,9664,1
89,9665,1
89,9666,1
89,6748,1
89,9667,1
89,9668,-1
89,9142,-1
89,9143,-1
89,9669,-1
89,9670,-1
89,9671,-1
89,9672,-1
89,9673,-1
89,9674,-1
89,9144,-1
89,9675,-1
89,9676,-1
89,9677,-1
89,3814,-1
89,301,-1
90,4841,1
90,1328,1
90,377,1
90,4207,-1
90,2191,1
90,1036,1
90,1795,1
90,9678,1
90,9679,1
90,3476,1
90,9680,1
90,4350,1
90,9681,1
90,9682,1
90,9683,-1
90,9684,1
90,9685,1
90,9686,1
90,9687,1
90,9688,1
90,9689,-1
92,1969,1
92,430,1
92,9365,-1
92,936,1
92,1399,-1
92,9690,1
92,6501,-1
92,319,-1
93,1173,1
93,1493,1
93,248,1
93,3436,1
93,1966,1
93,992,1
93,4782,1
93,4282,1
93,4960,1
93,544,-1
93,99,-1
93,386,1
93,526,1
93,547,1
93,852,1
93,1525,-1
93,2590,1
93,3624,-1
93,1142,1
93,1532,1
93,5408,1
93,6385,1
93,2600,1
93,1203,1
93,2482,1
93,2125,1
93,1798,1
93,9691,1
93,1345,1
93,1049,1
93,9692,1
93,8601,1
93,2001,1
93,2942,1
93,9693,1
93,9088,1
93,3302,1
93,4529,1
93,9152,1
93,1369,-1
93,2266,1
93,9694,1
93,7046,1
93,1582,1
93,1277,1
93,2843,1
93,9695,1
93,9696,1
93,5185,1
93,9697,1
93,9698,1
93,9699,-1
93,9700,-1
93,9701,-1
93,9309,1
93,9702,1
93,3713,1
93,9703,1
93,9704,1
93,188,1
94,1173,1
94,248,1
94,253,1
94,3436,1
94,983,1
94,995,1
94,194,-1
94,4731,1
94,4739,1
94,1967,1
94,4284,1
94,544,1
94,103,-1
94,268,1
94,403,1
94,499,1
94,536,1
94,538,-1
94,587,1
94,704,1
94,711,1
94,715,1
94,727,-1
94,851,-1
94,1520,1
94,9705,-1
94,9706,1
94,9707,-1
94,1745,1
94,921,-1
94,1028,-1
94,3325,1
94,9708,1
94,927,-1
94,1978,1
94,4293,-1
94,6464,-1
94,2596,1
94,8031,1
94,5520,-1
94,6948,-1
94,2798,-1
94,3470,1
94,1168,-1
94,5549,1
94,1999,-1
94,2727,1
94,9709,-1
94,877,-1
94,8136,1
94,4311,-1
94,3486,1
94,1215,-1
94,7315,1
94,2554,-1
94,3493,1
94,9710,1
94,6288,1
94,2263,1
94,2961,1
94,9711,1
94,9712,1
94,9713,-1
94,8786,-1
94,6666,1
94,9714,-1
94,7477,-1
94,9715,-1
94,9716,-1
94,9717,-1
94,8827,-1
94,1593,1
94,9718,-1
94,9719,1
94,9720,1
94,3687,1
94,9721,1
94,9722,1
94,9723,1
94,9724,1
94,7143,1
94,9725,1
94,3085,1
94,2883,-1
94,9726,-1
94,3273,1
94,9727,1
94,9151,-1
94,5710,1
94,9728,1
94,9729,-1
94,9730,-1
94,9731,-1
94,9732,-1
94,266,1
94,366,1
95,1966,1
95,9733,1
95,6291,1
95,8973,1
95,9734,1
96,4883,-1
96,544,-1
96,269,1
96,327,1
96,626,1
96,690,1
96,809,1
96,840,-1
96,9735,1
96,1184,1
96,2102,-1
96,9736,1
96,1203,1
96,1670,1
96,1220,1
96,9121,1
96,4070,-1
96,1063,1
96,943,1
96,1102,-1
96,9737,1
96,9738,1
96,9739,1
96,5135,-1
96,1260,-1
96,9740,1
96,2989,-1
96,9741,1
96,8516,-1
96,2289,1
96,4195,-1
96,9742,-1
96,9743,-1
96,9744,-1
97,120,1
97,256,1
97,133,1
97,9745,1
97,9746,1
97,9747,1
97,9748,1
97,9749,1
97,9750,1
98,532,1
99,1173,1
99,245,1
99,1458,1
99,3436,-1
99,194,1
99,992,-1
99,4726,-1
99,4791,-1
99,4804,1
99,2587,1
99,254,1
99,4696,-1
99,4773,-1
99,100,1
99,192,-1
99,277,-1
99,294,1
99,351,1
99,379,-1
99,411,-1
99,458,1
99,525,1
99,539,-1
99,547,-1
99,615,-1
99,630,1
99,676,1
99,832,-1
99,852,1
99,4630,-1
99,854,1
99,2101,-1
99,2590,1
99,856,-1
99,1530,-1
99,7893,1
99,1978,-1
99,9751,1
99,9752,-1
99,9753,-1
99,1767,-1
99,9754,-1
99,1034,1
99,1036,-1
99,2388,1
99,2117,1
99,1339,1
99,1199,-1
99,9755,1
99,3632,-1
99,4301,-1
99,9756,1
99,2125,-1
99,1668,-1
99,1799,-1
99,8134,-1
99,9757,-1
99,9222,-1
99,9758,1
99,8445,1
99,2306,-1
99,9759,1
99,8601,-1
99,1806,1
99,877,1
99,9760,1
99,3299,-1
99,7451,1
99,9371,-1
99,1551,1
99,7016,1
99,1220,-1
99,9761,-1
99,9762,-1
99,1554,1
99,9763,1
99,4638,1
99,6395,-1
99,8530,-1
99,9764,1
99,2952,-1
99,9765,1
99,6287,-1
99,9766,1
99,2013,1
99,8456,-1
99,8493,1
99,6334,-1
99,7908,1
99,2311,1
99,5304,1
99,9767,1
99,2565,-1
99,2825,-1
99,9768,-1
99,2028,1
99,1571,1
99,3793,1
99,1260,-1
99,965,1
99,2637,-1
99,8927,-1
99,4649,1
99,9769,-1
99,5065,1
99,3849,-1
99,2904,-1
99,6245,1
99,5555,1
99,9770,-1
99,8818,1
99,1581,1
99,5557,1
99,9771,1
99,1958,1
99,9772,-1
99,7929,-1
99,2044,1
99,9773,-1
99,6346,1
99,9774,1
99,1599,1
99,8714,-1
99,2843,1
99,9775,-1
99,3140,-1
99,1606,1
99,9776,-1
99,9777,-1
99,9132,1
99,2053,1
99,9778,-1
99,1609,1
99,9779,-1
99,9780,-1
99,3685,-1
99,9781,1
99,9782,1
99,9783,-1
99,9784,-1
99,9295,1
99,9785,-1
99,4119,-1
99,7663,1
99,5886,-1
99,9786,-1
99,9787,-1
99,9788,-1
99,9789,1
99,9790,1
99,2322,1
99,5773,1
99,9791,1
99,9792,1
99,9793,-1
99,9794,1
99,9795,-1
99,9796,-1
99,9797,1
99,9798,1
99,4134,1
99,9799,-1
99,1633,1
99,3295,-1
99,9800,-1
99,9801,1
99,9802,1
99,9803,-1
99,9804,-1
99,9805,-1
99,9806,-1
99,9807,-1
99,9808,-1
99,9809,1
99,9810,1
99,9811,1
99,9812,1
99,9813,1
99,9814,1
99,9815,1
99,9816,1
99,9817,1
99,9818,1
99,9819,1
99,9820,1
99,9821,1
99,9822,1
99,9823,-1
99,9824,-1
99,9825,-1
99,9826,-1
99,9827,-1
99,9828,-1
99,9829,-1
99,9830,-1
99,9831,-1
99,9832,-1
99,9833,-1
99,9834,-1
99,9835,-1
99,9836,-1
99,9837,-1
99,9838,-1
99,9839,-1
99,9840,-1
99,332,-1
99,344,-1
99,361,-1
99,413,1
99,461,-1
100,807,-1
100,1172,-1
100,245,1
100,247,1
100,3436,-1
100,1005,-1
100,118,1
100,789,1
100,856,1
100,2438,1
100,1210,1
100,2445,1
100,8603,1
100,1251,1
100,959,1
100,260,1
100,272,1
100,295,-1
100,304,1
100,319,-1
100,392,1
100,409,1
100,412,-1
100,438,1
101,4283,1
102,4883,-1
103,807,-1
103,1174,1
103,3442,1
103,1966,-1
103,2097,-1
103,295,-1
104,715,1
104,2300,-1
104,921,1
104,9841,-1
104,9842,1
104,9843,1
105,4686,-1
105,9844,-1
105,177,-1
105,259,1
105,266,-1
105,272,-1
105,458,-1
106,807,-1
106,1172,-1
106,4283,-1
106,3772,-1
106,1005,-1
106,120,-1
106,121,-1
106,122,-1
106,127,-1
106,128,-1
106,577,-1
106,239,1
106,129,-1
106,250,-1
106,1018,1
106,850,1
106,189,1
106,260,1
106,274,1
106,294,1
106,302,1
106,658,-1
106,809,1
106,820,1
106,824,1
106,9845,1
106,918,1
106,9846,1
106,919,1
106,856,1
106,1753,-1
106,1330,1
106,1177,1
106,922,1
106,923,1
106,1182,1
106,924,1
106,925,1
106,2701,1
106,858,1
106,1184,1
106,926,1
106,1331,1
106,6644,1
106,9847,1
106,9848,1
106,1332,1
106,9849,1
106,1758,-1
106,1336,1
106,9850,1
106,4631,-1
106,9851,1
106,1719,1
106,3627,1
106,9852,-1
106,9853,-1
106,2407,1
106,1727,1
106,1190,1
106,1192,1
106,3399,1
106,1200,1
106,1201,1
106,1343,1
106,5088,1
106,932,1
106,9854,1
106,9855,1
106,9856,1
106,9857,1
106,1209,1
106,4062,1
106,5095,1
106,875,1
106,1805,-1
106,1351,-1
106,9858,1
106,2563,1
106,4066,1
106,9120,1
106,6595,1
106,9859,1
106,1221,1
106,935,1
106,7070,1
106,936,1
106,1358,1
106,1225,1
106,1359,1
106,1227,1
106,3111,1
106,9860,-1
106,9861,1
106,9862,1
106,3304,1
106,7780,1
106,1233,1
106,9123,1
106,2624,-1
106,948,1
106,9384,1
106,9863,1
106,9745,1
106,1247,1
106,886,1
106,9864,1
106,949,1
106,9865,1
106,9866,-1
106,9867,1
106,3305,1
106,1260,1
106,956,1
106,1263,1
106,9868,1
106,9869,1
106,1373,1
106,1273,1
106,1286,1
106,1315,1
106,1320,1
106,1902,1
106,9870,1
106,9529,1
106,8346,1
106,9871,-1
106,9126,1
106,9872,1
106,9873,1
106,9874,1
106,9875,1
106,4379,1
106,9876,1
106,9877,-1
106,9878,1
106,9879,1
106,9880,1
106,9881,1
106,9882,1
106,9883,1
106,9884,1
106,9885,1
106,1624,1
106,9886,1
106,9887,1
106,6743,1
106,9888,1
106,9889,1
106,9890,1
106,9891,1
106,9892,1
106,9893,1
106,4007,1
106,9803,-1
106,4145,1
106,9894,1
106,9895,1
106,9896,1
106,9897,1
106,9898,1
106,9899,1
106,9900,1
106,9901,1
106,9902,1
106,9903,1
106,9904,1
106,9905,1
106,9906,1
106,9907,1
106,9908,1
106,9909,1
106,9910,1
106,9911,1
106,9912,1
106,9913,1
106,9914,1
106,9915,1
106,9916,1
106,9917,1
106,9918,-1
106,9919,-1
106,9920,-1
106,9921,-1
106,165,-1
106,177,-1
106,363,1
109,4832,1
109,120,1
109,129,1
109,131,1
109,132,1
109,157,1
109,190,1
109,343,-1
109,351,1
109,1753,1
109,2592,1
109,6357,1
109,3777,1
109,9922,1
109,4524,1
109,1146,1
109,1150,1
109,4328,1
109,9923,1
109,9924,1
109,3794,1
109,9925,1
109,6370,1
109,9926,1
109,9927,1
110,1172,-1
110,243,1
110,245,1
110,236,1
110,1036,1
110,934,1
111,985,1
111,239,1
111,411,1
111,831,-1
111,2190,1
111,3223,1
111,9928,1
111,4089,-1
112,1186,1
112,8524,-1
112,1052,1
112,9929,1
115,4791,-1
115,2307,1
115,5923,1
115,5106,1
115,8122,-1
115,8047,-1
115,9930,1
115,9931,-1
115,323,1
117,132,1
118,807,-1
118,856,1
118,1362,1
118,9517,1
118,1251,1
118,177,-1
118,438,1
119,967,1
119,120,1
119,121,1
119,779,1
119,807,1
119,768,1
119,122,1
119,127,1
119,577,1
119,238,-1
119,239,-1
119,245,1
119,246,-1
119,248,-1
119,249,-1
119,1017,1
119,253,1
119,1018,-1
119,1019,1
119,1020,1
119,1021,1
119,1022,1
119,780,1
119,771,1
119,772,1
119,774,1
119,995,1
119,1023,-1
119,125,1
119,268,-1
119,301,1
119,309,1
119,361,1
119,433,-1
119,444,1
119,445,1
119,487,-1
119,488,1
119,497,1
119,529,1
119,567,1
119,622,1
119,715,-1
119,749,1
119,762,-1
119,782,1
119,795,1
119,1024,-1
119,1025,-1
119,1026,1
119,1027,1
119,1028,-1
119,926,-1
119,1029,-1
119,1030,-1
119,1031,-1
119,1032,1
119,1033,1
119,1034,1
119,1035,1
119,1036,-1
119,1037,1
119,1038,-1
119,1039,1
119,1040,-1
119,1041,1
119,1042,1
119,1043,1
119,1044,-1
119,1045,-1
119,1046,-1
119,1047,1
119,1048,-1
119,1049,1
119,1050,-1
119,1051,1
119,1052,-1
119,1053,-1
119,1054,-1
119,1055,-1
119,1056,-1
119,1057,1
119,1058,-1
119,1059,1
119,1060,1
119,1061,1
119,1062,1
119,1063,1
119,1064,-1
119,1065,1
119,1066,1
119,1067,1
119,1068,1
119,1069,1
119,1070,1
119,1071,1
119,1072,1
119,1073,1
119,1074,1
119,1075,1
119,1076,1
119,1077,1
119,1078,1
119,1079,1
119,1080,1
119,1081,1
119,1082,1
119,1083,1
119,1084,1
119,1085,1
119,1086,1
119,1087,1
119,1088,1
119,996,1
119,1089,1
119,1090,1
119,1091,1
119,1092,1
119,1093,1
119,1094,1
119,1095,1
119,1096,1
119,1097,1
119,1098,1
119,1099,1
119,1100,1
119,1101,1
119,1102,-1
119,1103,-1
119,1104,-1
119,1105,-1
119,1106,-1
119,1107,-1
119,1108,-1
119,1109,-1
119,1110,-1
119,1111,-1
119,1112,-1
119,1113,-1
119,1114,-1
119,1115,-1
119,1116,-1
119,1117,-1
119,1118,-1
119,1119,-1
119,1120,-1
119,1121,-1
119,1122,-1
119,1123,-1
119,1124,-1
119,1125,-1
119,1126,-1
119,1127,-1
119,1128,-1
119,1129,-1
119,1130,-1
119,1131,-1
119,1132,-1
119,1133,-1
119,1134,-1
119,1135,-1
119,1136,-1
119,1137,-1
119,1138,-1
119,1139,-1
119,1140,-1
119,1141,-1
119,576,1
119,1172,1
119,235,1
119,237,1
119,243,1
119,635,1
119,636,1
119,262,1
119,272,-1
119,278,1
119,285,1
119,289,1
119,326,1
119,328,1
119,349,1
119,363,1
119,381,1
119,404,1
119,421,1
119,427,1
119,439,1
119,441,1
119,456,1
119,458,1
119,474,1
120,970,1
120,767,1
120,576,1
120,121,1
120,779,1
120,807,1
120,1172,1
120,768,1
120,122,1
120,235,1
120,769,1
120,127,1
120,577,1
120,236,1
120,237,1
120,238,1
120,240,1
120,1174,1
120,241,1
120,243,1
120,245,1
120,246,1
120,247,1
120,248,1
120,1500,1
120,1501,1
120,1017,1
120,770,1
120,1458,-1
120,1461,-1
120,123,1
120,1467,1
120,1020,1
120,780,1
120,3314,1
120,771,1
120,772,1
120,774,1
120,776,1
120,1734,1
120,255,1
120,635,1
120,1714,1
120,980,1
120,4785,1
120,4791,1
120,4796,1
120,4282,1
120,4803,1
120,4283,1
120,4868,1
120,4894,1
120,4555,1
120,4924,-1
120,637,1
120,4957,1
120,1176,1
120,4960,1
120,3079,1
120,258,1
120,124,1
120,150,1
120,173,1
120,190,1
120,233,1
120,261,1
120,262,1
120,266,1
120,269,-1
120,278,1
120,280,1
120,285,1
120,288,1
120,289,1
120,293,1
120,295,1
120,306,1
120,310,1
120,312,1
120,319,1
120,337,1
120,349,1
120,357,1
120,360,1
120,363,1
120,365,1
120,369,1
120,373,1
120,376,1
120,381,1
120,387,1
120,392,1
120,404,1
120,412,1
120,413,1
120,421,1
120,438,1
120,439,1
120,442,1
120,444,1
120,445,1
120,450,1
120,458,1
120,472,1
120,474,1
120,478,1
120,481,1
120,484,1
121,576,1
121,123,1
121,779,1
121,1172,1
121,774,1
121,272,1
121,289,1
121,295,1
121,404,1
122,970,1
122,767,1
122,576,1
122,779,1
122,235,1
122,127,1
122,577,1
122,1454,1
122,1455,1
122,1456,1
122,1457,1
122,770,1
122,1458,1
122,1459,1
122,130,1
122,1460,1
122,1461,1
122,123,1
122,1462,1
122,1463,1
122,1464,1
122,254,1
122,1465,1
122,1466,1
122,1467,1
122,1468,1
122,1018,-1
122,1469,-1
122,237,1
122,241,1
122,243,1
122,1500,1
122,1017,1
122,1020,1
122,780,1
122,771,1
122,774,1
122,776,1
122,980,1
122,4785,1
122,124,1
122,173,1
122,181,1
122,190,1
122,228,1
122,233,1
122,272,1
122,280,1
122,289,1
122,295,1
122,387,1
122,404,1
122,450,1
122,458,1
122,472,1
122,484,1
124,243,1
124,247,1
124,1018,-1
124,353,1
124,429,1
124,1184,-1
124,926,-1
124,9932,1
124,864,1
124,1190,-1
124,1793,1
124,1343,-1
124,2706,1
124,3658,-1
124,9933,1
124,9934,1
124,9279,1
124,3698,1
124,9935,1
124,9936,1
125,4960,1
125,927,-1
125,148,1
125,164,1
125,267,-1
125,289,1
127,576,1
127,235,1
127,129,1
127,247,1
127,272,1
127,1476,1
127,1477,1
127,1478,1
127,1470,1
127,1063,1
127,1479,1
127,1480,1
127,1481,1
127,1482,1
127,1483,1
127,1484,1
127,1485,1
127,1486,1
127,1487,1
127,1488,1
127,577,1
127,237,1
127,1174,1
127,245,1
127,1020,1
127,780,1
127,776,1
127,255,1
127,980,1
127,982,1
127,4706,1
127,4732,1
127,4785,1
127,4282,1
127,4283,1
127,637,1
127,4960,1
127,258,1
127,150,1
127,190,1
127,271,1
127,289,1
127,404,1
127,444,1
128,577,1
128,1174,-1
128,1461,-1
128,255,1
128,635,1
128,3445,-1
128,985,-1
128,4283,1
128,3079,-1
128,167,-1
128,277,-1
128,293,-1
128,294,-1
128,349,1
128,361,-1
128,404,1
128,442,1
128,450,1
128,458,-1
129,972,1
129,779,1
129,1172,1
129,577,1
129,236,1
129,237,1
129,238,1
129,240,1
129,243,1
129,1173,1
129,1017,1
129,184,1
129,584,1
129,610,1
129,613,1
129,1027,1
129,2426,1
129,2427,1
129,2428,1
129,2429,1
129,2430,1
129,245,1
129,246,1
129,247,1
129,248,1
129,1502,1
129,1504,1
129,252,1
129,1734,1
129,255,1
129,3435,1
129,635,1
129,195,1
129,636,1
129,4730,1
129,4732,1
129,256,1
129,4782,1
129,4804,1
129,4283,1
129,4891,1
129,4286,1
129,4917,1
129,1005,1
129,637,1
129,4960,1
129,5016,1
129,258,1
129,135,1
129,165,1
129,173,1
129,181,1
129,190,1
129,208,1
129,227,1
129,230,1
129,259,1
129,262,1
129,264,1
129,280,1
129,285,1
129,288,1
129,289,1
129,293,1
129,295,1
129,304,1
129,309,1
129,324,1
129,333,1
129,334,1
129,348,1
129,349,1
129,357,1
129,362,1
129,363,1
129,373,1
129,377,1
129,381,1
129,387,1
129,390,1
129,391,1
129,404,1
129,419,1
129,445,1
129,450,1
129,458,1
129,468,1
129,472,1
130,252,1
130,173,1
130,272,1
130,295,1
130,404,1
131,972,1
131,977,1
131,248,1
131,1734,1
131,3436,1
131,1966,1
131,3625,-1
131,4732,1
131,4782,1
131,4791,1
131,4283,1
131,4868,1
131,1005,1
131,637,1
131,4960,1
131,150,1
131,173,1
131,272,1
131,289,1
131,293,1
131,295,1
131,373,1
131,404,1
131,421,1
131,472,1
132,970,1
132,971,1
132,972,1
132,983,1
132,967,1
132,1460,1
132,982,1
132,4695,1
132,4696,1
132,4697,1
132,4698,1
132,4699,1
132,4700,1
132,4701,1
132,4702,1
132,4703,1
132,4704,1
132,4705,1
132,1023,1
132,4686,1
132,2584,1
132,4706,1
132,4707,1
132,4708,1
132,4709,1
132,4710,1
132,4711,1
132,4712,1
132,4713,1
132,4714,1
132,4715,1
132,195,1
132,636,1
132,4716,1
132,4717,1
132,4718,1
132,4719,1
132,4720,1
132,4721,1
132,4722,1
132,4723,1
132,4724,1
132,4725,1
132,4726,1
132,4727,1
132,2096,1
132,4728,1
132,4729,1
132,4730,1
132,4624,1
132,2769,1
132,4731,1
132,4732,1
132,1737,1
132,4733,1
132,4734,1
132,4735,1
132,4736,1
132,4737,1
132,4738,1
132,4739,1
132,4740,1
132,4741,1
132,4742,1
132,1507,1
132,4743,1
132,4744,1
132,4745,1
132,4746,1
132,4747,1
132,4748,1
132,4749,1
132,4750,1
132,3332,1
132,4751,1
132,4752,1
132,4753,1
132,4754,1
132,4755,1
132,4756,1
132,4757,1
132,4758,1
132,4759,1
132,4760,1
132,4761,1
132,4762,1
132,4763,1
132,4764,1
132,4765,1
132,4766,1
132,4767,1
132,4768,1
132,4769,1
132,4770,1
132,4771,1
132,3771,1
132,4772,1
132,4773,1
132,4774,1
132,4775,1
132,256,1
132,4776,1
132,4777,1
132,4778,1
132,4779,1
132,4780,1
132,4781,1
132,4782,1
132,4281,1
132,4783,1
132,4784,1
132,2770,1
132,4785,1
132,4786,1
132,4787,1
132,4788,1
132,4789,1
132,4790,1
132,1967,1
132,4791,1
132,4792,1
132,4793,1
132,4794,1
132,4795,1
132,4796,1
132,4797,1
132,4798,1
132,4799,1
132,4800,1
132,4801,1
132,4802,1
132,4282,1
132,4803,1
132,4804,1
132,4805,1
132,4553,1
132,4806,1
132,4807,1
132,2585,1
132,4283,1
132,4808,1
132,4809,1
132,4810,1
132,3455,1
132,4811,1
132,4812,1
132,4813,1
132,4814,1
132,4815,1
132,4816,1
132,4817,1
132,1968,1
132,4818,1
132,4819,1
132,4820,1
132,4821,1
132,3884,1
132,4822,1
132,4823,1
132,4824,1
132,4825,1
132,4826,1
132,4827,1
132,4828,1
132,4829,1
132,4830,1
132,4831,1
132,4832,1
132,4833,1
132,4834,1
132,4835,1
132,4836,1
132,4837,1
132,4838,1
132,4839,1
132,4840,1
132,4841,1
132,4842,1
132,4843,1
132,4284,1
132,4844,1
132,4845,1
132,4846,1
132,4847,1
132,4848,1
132,4849,1
132,4850,1
132,4851,1
132,4852,1
132,4853,1
132,4854,1
132,4855,1
132,4856,1
132,4857,1
132,4858,1
132,4859,1
132,4860,1
132,4861,1
132,4862,1
132,4863,1
132,4864,1
132,4865,1
132,4866,1
132,4867,1
132,4868,1
132,4869,1
132,1738,1
132,4870,1
132,4285,1
132,4871,1
132,4872,1
132,4873,1
132,4874,1
132,4875,1
132,4876,1
132,4877,1
132,4878,1
132,4879,1
132,4880,1
132,4881,1
132,4882,1
132,2586,1
132,4883,1
132,4884,1
132,4885,1
132,4886,1
132,4887,1
132,4888,1
132,4889,1
132,4890,1
132,4891,1
132,4892,1
132,4893,1
132,4894,1
132,4895,1
132,4896,1
132,4554,1
132,4897,1
132,4898,1
132,4899,1
132,4900,1
132,4901,1
132,4902,1
132,4903,1
132,4286,1
132,4904,1
132,4905,1
132,4906,1
132,3772,1
132,4555,1
132,4907,1
132,4908,1
132,4909,1
132,1739,1
132,4910,1
132,4911,1
132,4912,1
132,4913,1
132,4914,1
132,4915,1
132,4916,1
132,257,1
132,4917,1
132,4918,1
132,1005,1
132,4919,1
132,2918,1
132,4920,1
132,4921,1
132,4922,1
132,4923,1
132,4924,1
132,4925,1
132,4926,1
132,4927,1
132,3456,1
132,4928,1
132,4929,1
132,4930,1
132,4931,1
132,4932,1
132,4933,1
132,4934,1
132,4935,1
132,4936,1
132,2097,1
132,4937,1
132,4938,1
132,4939,1
132,1328,1
132,4940,1
132,4941,1
132,4942,1
132,4943,1
132,4944,1
132,4945,1
132,4946,1
132,3621,1
132,637,1
132,4947,1
132,4948,1
132,4949,1
132,4950,1
132,2587,1
132,4951,1
132,4952,1
132,4953,1
132,4954,1
132,4955,1
132,4956,1
132,4957,1
132,4958,1
132,2785,1
132,1176,1
132,4959,1
132,4960,1
132,4961,1
132,544,1
132,4962,1
132,4963,1
132,4964,1
132,4965,1
132,4966,1
132,4967,1
132,4968,1
132,1969,1
132,4969,1
132,4970,1
132,196,1
132,4971,1
132,4972,1
132,4973,1
132,4974,1
132,4975,1
132,4976,1
132,4977,1
132,3885,1
132,4978,1
132,4979,1
132,4980,1
132,4981,1
132,4982,1
132,4983,1
132,4984,1
132,4985,1
132,4986,1
132,4987,1
132,4988,1
132,4989,1
132,2471,1
132,4990,1
132,4991,1
132,4992,1
132,3079,1
132,4993,1
132,4994,1
132,4995,1
132,4996,1
132,2098,1
132,4997,1
132,2786,1
132,4998,1
132,4999,1
132,5000,1
132,3090,1
132,5001,1
132,5002,1
132,5003,1
132,5004,1
132,5005,1
132,5006,1
132,5007,1
132,5008,1
132,5009,1
132,5010,1
132,5011,1
132,5012,1
132,5013,1
132,5014,1
132,5015,1
132,5016,1
132,5017,1
132,5018,1
132,5019,1
132,258,1
132,5020,1
132,5021,1
132,5022,1
132,5023,1
132,5024,1
132,5025,1
132,5026,1
132,5027,1
132,5028,1
132,5029,1
132,5030,1
132,5031,1
132,148,1
132,210,1
132,230,1
132,262,1
132,392,1
133,237,1
133,1714,1
133,193,1
133,272,-1
133,293,1
133,302,1
133,310,1
133,324,1
133,348,1
133,367,1
133,381,1
133,406,1
133,409,1
133,423,1
134,4796,1
134,266,1
135,237,1
135,634,1
135,255,1
135,4706,1
135,1176,1
135,179,1
135,471,-1
135,1324,1
135,9937,-1
135,7097,1
135,148,1
135,173,1
135,197,1
135,294,-1
135,327,1
136,1005,1
136,6815,1
137,9938,1
138,148,1
138,404,1
139,968,1
139,1968,1
139,3772,1
139,421,1
140,8758,1
140,9939,1
141,1185,-1
143,302,1
143,2109,1
143,1052,1
143,262,1
145,926,-1
145,3095,-1
145,2143,1
145,9940,1
145,9941,1
145,266,1
146,1005,1
147,9942,1
147,9943,1
147,9944,1
147,9945,1
147,9946,1
147,9947,1
147,9948,1
148,1174,-1
148,248,1
148,995,1
148,4706,1
148,4821,1
148,544,1
148,1173,1
148,236,1
148,3455,1
148,4878,1
148,4898,1
148,257,1
148,4978,1
148,176,1
148,295,1
148,353,1
148,386,1
148,403,1
148,411,1
148,412,1
148,413,1
148,420,1
148,432,1
148,449,-1
148,487,1
148,520,1
148,522,1
148,532,1
148,538,1
148,599,1
148,662,1
148,718,1
148,724,1
148,729,1
148,782,1
148,2890,1
148,4056,1
148,2190,1
148,1755,1
148,2594,1
148,5083,1
148,1758,1
148,2475,1
148,2433,1
148,2105,1
148,2107,1
148,4211,1
148,1766,1
148,6465,1
148,5062,1
148,8439,1
148,1782,1
148,2478,1
148,3060,1
148,8441,1
148,1206,1
148,1993,1
148,9949,1
148,3906,1
148,2603,1
148,9950,1
148,9222,1
148,1346,1
148,3476,-1
148,1048,1
148,3781,1
148,933,1
148,3838,1
148,8601,1
148,2488,1
148,6453,1
148,3757,1
148,3300,1
148,3209,1
148,7591,1
148,2808,1
148,3210,1
148,3107,1
148,9951,1
148,9952,1
148,2138,1
148,1058,1
148,9953,1
148,9954,1
148,9955,1
148,9956,1
148,1009,1
148,4222,1
148,3931,1
148,2617,1
148,2618,1
148,9957,1
148,7993,1
148,5421,1
148,8870,1
148,1565,1
148,4529,1
148,2619,1
148,1364,1
148,3732,1
148,2224,1
148,1075,1
148,884,1
148,7362,1
148,6049,1
148,9958,1
148,3665,1
148,9251,1
148,887,1
148,3229,1
148,7598,1
148,6666,1
148,9959,1
148,5043,1
148,3668,1
148,5326,1
148,2643,1
148,2663,1
148,3797,1
148,1580,1
148,9960,1
148,8854,1
148,9961,1
148,9962,1
148,1679,1
148,9963,1
148,7366,1
148,7537,1
148,9964,1
148,9965,1
148,9966,1
148,9277,1
148,9967,1
148,6503,1
148,2847,1
148,5560,1
148,5175,1
148,9968,1
148,9695,1
148,9969,1
148,9970,1
148,9971,1
148,3544,1
148,9972,1
148,9696,1
148,9973,1
148,9974,1
148,9975,1
148,9976,1
148,9977,1
148,3259,1
148,9978,1
148,9979,1
148,8735,1
148,9980,1
148,9981,1
148,9982,1
148,9983,1
148,9984,1
148,9629,1
148,9985,1
148,9986,1
148,9987,1
148,4128,1
148,9988,1
148,9989,1
148,9990,1
148,9991,1
148,9992,1
148,9993,1
148,9994,1
148,9995,1
148,9996,1
148,9997,1
148,9998,1
148,9999,1
148,10000,1
148,10001,1
148,10002,1
148,10003,1
148,10004,1
148,10005,1
148,10006,1
148,10007,1
149,248,1
149,980,1
149,636,1
149,4790,1
149,4823,1
149,4868,1
149,4960,1
149,2471,1
149,165,1
149,173,1
149,259,1
149,262,1
149,384,1
150,1172,1
150,3451,1
150,4791,1
150,4283,1
150,3772,1
150,258,1
150,1489,1
150,4812,1
150,187,1
150,2788,1
150,2379,1
150,1977,1
150,9853,1
150,7472,1
150,3641,1
150,3500,1
150,10008,1
150,10009,1
150,10010,1
150,10011,1
150,10012,1
150,10013,1
150,10014,1
150,10015,1
150,10016,1
150,10017,1
150,10018,1
150,10019,1
150,10020,1
150,10021,1
150,10022,1
150,10023,1
150,10024,1
150,10025,1
150,10026,1
150,10027,1
150,10028,1
150,10029,1
150,10030,1
150,10031,1
150,10032,1
150,10033,1
150,458,1
152,2794,1
152,10034,-1
152,10035,1
152,10036,-1
152,373,1
154,4960,1
154,181,1
154,392,1
154,484,1
155,3449,1
155,4893,1
155,3772,1
155,173,1
156,4283,1
156,926,-1
156,295,1
156,404,1
157,1172,1
157,3436,1
157,4791,1
157,2097,1
157,4960,1
157,230,1
157,870,1
157,1994,1
157,3780,1
157,10037,1
157,7727,1
157,10038,1
157,10039,1
157,10040,1
157,10041,1
157,10042,1
157,373,1
158,2096,1
158,173,1
158,295,1
158,373,1
161,230,1
162,1173,1
162,258,1
162,10043,1
162,1376,1
162,10044,1
162,175,1
163,1173,1
163,165,1
164,972,1
164,252,1
164,1966,1
164,1736,1
164,982,1
164,985,1
164,4894,1
164,1005,1
164,637,1
164,4960,1
164,258,1
164,1507,1
164,169,1
164,6821,1
164,10045,1
164,10046,1
164,362,1
164,413,1
164,421,1
165,577,1
165,1966,1
165,1507,1
165,4801,1
165,5021,-1
165,170,1
165,271,1
165,277,1
165,353,1
165,386,1
165,403,1
165,452,1
165,467,1
165,477,1
165,483,1
165,487,1
165,502,1
165,516,1
165,535,1
165,539,1
165,581,1
165,615,1
165,659,1
165,757,1
165,9706,1
165,2890,1
165,1741,1
165,2298,1
165,854,1
165,4291,1
165,859,1
165,9708,1
165,10047,-1
165,3775,1
165,2107,-1
165,1764,1
165,2928,1
165,10048,1
165,10049,1
165,10050,1
165,1534,1
165,2597,-1
165,3465,1
165,2193,-1
165,2122,1
165,1985,1
165,5310,1
165,3902,1
165,2436,1
165,870,1
165,3836,1
165,2126,1
165,2603,1
165,9223,1
165,2490,1
165,7103,-1
165,7724,1
165,6950,1
165,10051,1
165,4220,1
165,8528,-1
165,10052,1
165,3301,1
165,10053,1
165,2219,-1
165,10054,-1
165,7259,1
165,1557,1
165,10055,1
165,10056,1
165,10057,1
165,2774,1
165,10058,1
165,10059,1
165,2950,1
165,1561,1
165,7774,1
165,4326,-1
165,9376,1
165,2013,-1
165,1148,1
165,8482,1
165,942,-1
165,8498,-1
165,1566,-1
165,10060,1
165,2961,-1
165,7777,-1
165,2143,1
165,10061,1
165,10062,1
165,10063,1
165,8236,1
165,5040,1
165,1075,1
165,10064,-1
165,884,-1
165,8988,1
165,952,1
165,10065,1
165,3121,1
165,5044,-1
165,10066,1
165,10067,-1
165,10068,1
165,5143,1
165,10069,1
165,5147,1
165,10070,1
165,10071,1
165,10072,1
165,10073,1
165,10074,1
165,10075,-1
165,1913,1
165,2984,1
165,9470,1
165,10076,1
165,6964,1
165,9965,1
165,10077,1
165,10078,1
165,10079,1
165,10080,1
165,7097,1
165,9398,-1
165,10081,-1
165,10082,1
165,1609,1
165,10083,1
165,3976,1
165,10084,-1
165,4397,1
165,10085,1
165,10086,1
165,3552,1
165,10087,1
165,10088,1
165,10089,1
165,10090,1
165,2057,-1
165,10091,1
165,10092,1
165,9405,1
165,9426,1
165,9884,-1
165,8251,1
165,10093,1
165,10094,1
165,10095,-1
165,10096,-1
165,10097,-1
165,10098,1
165,8620,-1
165,3028,1
165,3032,1
165,10099,1
165,10100,1
165,10101,1
165,10102,1
165,10103,1
165,10104,1
165,10105,1
165,10106,1
165,10107,1
165,10108,1
165,10109,1
165,10110,1
165,10111,1
165,10112,1
165,10113,1
165,10114,1
165,10115,1
165,10116,1
165,10117,1
165,9183,1
165,10118,1
165,10119,1
165,10120,1
165,10121,1
165,10122,1
165,10123,1
165,10124,1
165,10125,-1
165,10126,-1
165,10127,-1
165,10128,-1
165,10129,-1
165,10130,-1
165,10131,-1
165,10132,-1
165,10133,-1
165,10134,-1
165,10135,-1
165,366,1
166,10136,1
167,239,1
167,245,1
167,4804,1
167,4283,1
167,4883,-1
167,637,1
167,1176,1
167,258,1
167,169,1
167,458,1
167,789,1
167,3887,-1
167,3902,-1
167,2306,-1
167,933,1
167,7754,-1
167,2943,-1
167,10137,1
167,10138,1
167,2541,1
167,10139,1
167,10140,1
167,3936,1
167,10141,1
167,10142,-1
167,2827,-1
167,10143,1
167,2154,-1
167,5870,-1
167,10144,1
167,10145,-1
167,5457,-1
167,10146,-1
167,10147,1
167,10148,1
167,10149,-1
167,10150,-1
167,10151,-1
167,10152,-1
167,10153,-1
167,172,1
167,266,1
167,357,1
167,376,1
167,404,1
167,421,1
167,434,1
168,637,1
169,3442,1
169,1714,1
169,4744,1
169,4782,1
169,4281,1
169,1968,1
169,2097,1
169,4957,1
169,258,1
169,177,1
169,181,1
169,421,1
169,452,1
170,1173,1
170,636,1
170,4796,1
170,258,1
170,404,1
172,255,1
172,4759,1
172,1966,1
172,190,1
172,316,1
172,413,1
172,418,1
172,615,-1
172,651,-1
172,815,-1
172,918,-1
172,2792,1
172,10154,1
172,4687,-1
172,1142,1
172,5408,1
172,4294,1
172,3902,1
172,1993,1
172,6683,1
172,9228,1
172,10155,-1
172,2961,1
172,10156,1
172,10157,-1
172,5074,1
172,10158,-1
172,10159,1
172,10160,-1
172,10161,-1
172,265,1
172,385,1
173,237,1
173,807,1
173,1462,1
173,3448,1
173,4624,1
173,1507,1
173,544,1
173,178,1
173,180,1
173,190,-1
173,191,1
173,259,1
173,280,1
173,294,-1
173,365,1
173,404,1
173,412,1
173,414,1
173,427,1
173,435,1
173,518,1
173,4053,1
173,10162,1
173,855,1
173,10163,1
173,2190,1
173,1749,1
173,2204,1
173,10154,1
173,1184,-1
173,10164,1
173,1333,-1
173,1476,1
173,2433,1
173,10165,1
173,4294,1
173,2796,1
173,10166,1
173,2108,-1
173,1781,1
173,2405,1
173,3347,1
173,10167,1
173,1202,1
173,1203,-1
173,2892,1
173,1168,1
173,10168,1
173,10169,1
173,10170,1
173,9161,1
173,10171,1
173,1048,1
173,2438,-1
173,7395,1
173,10172,1
173,1805,1
173,7899,1
173,10173,1
173,10174,1
173,1811,1
173,10175,1
173,10176,1
173,10177,1
173,7315,1
173,10178,1
173,2730,1
173,2011,1
173,9955,1
173,6043,1
173,1063,1
173,4639,1
173,4222,1
173,7904,1
173,2443,1
173,2954,1
173,1148,1
173,1563,1
173,5112,1
173,8493,-1
173,7775,1
173,2620,1
173,4643,1
173,9152,1
173,10179,1
173,9169,1
173,5790,1
173,8785,-1
173,3663,1
173,2759,1
173,8787,1
173,6049,1
173,10180,1
173,3665,1
173,8702,1
173,10181,1
173,2776,1
173,10182,1
173,10183,-1
173,8648,1
173,10184,1
173,3668,1
173,2643,1
173,4651,1
173,10185,1
173,10186,1
173,1915,1
173,1926,1
173,5440,1
173,10187,1
173,4363,1
173,7366,1
173,9156,1
173,10188,1
173,7119,1
173,10189,1
173,6297,-1
173,10190,1
173,10191,1
173,10192,1
173,8594,1
173,10193,1
173,10194,1
173,2995,1
173,2275,1
173,10195,1
173,10196,1
173,10197,1
173,5174,1
173,10198,1
173,9970,1
173,1609,1
173,10199,1
173,3004,1
173,2459,1
173,4108,1
173,8722,1
173,10200,1
173,3690,1
173,10201,1
173,9722,1
173,10202,1
173,10203,1
173,10204,1
173,10205,1
173,5383,1
173,10206,1
173,9980,1
173,10207,1
173,10208,1
173,9629,1
173,10209,1
173,10210,1
173,10211,1
173,10212,1
173,10213,1
173,10214,1
173,10215,1
173,10216,1
173,10217,1
173,10218,1
173,10219,1
173,10220,1
173,10221,1
173,10222,1
173,10223,1
173,10224,1
173,10225,1
173,10226,1
173,10227,1
173,10228,1
173,10229,1
173,10230,1
173,10231,1
173,10232,1
173,10233,1
173,10234,1
173,10235,1
173,10236,1
173,10237,1
173,10238,1
173,10239,1
173,10240,1
173,10241,-1
173,348,1
173,445,1
174,3872,1
174,10242,1
174,9725,1
175,1467,1
175,4281,1
175,1968,1
175,3448,1
175,762,-1
175,1329,1
175,2302,1
175,2604,1
175,10243,-1
175,1832,-1
175,3934,1
175,7524,1
175,6490,1
175,3947,1
175,6734,-1
175,7024,1
175,3310,1
175,10244,1
175,10245,1
175,10246,1
175,10247,-1
175,10248,1
175,10249,1
175,10250,1
175,10251,1
176,252,1
176,5789,1
176,1142,1
176,2603,1
176,2948,1
176,2957,1
176,5540,1
176,10252,1
176,10253,1
177,4893,1
177,807,1
177,1173,-1
177,254,-1
177,544,-1
177,4978,-1
177,188,-1
177,214,-1
177,277,-1
177,324,-1
177,344,1
177,362,-1
177,409,-1
177,430,-1
177,458,-1
177,487,-1
177,538,-1
177,549,-1
177,615,-1
177,708,-1
177,9705,-1
177,10254,-1
177,3622,-1
177,10255,-1
177,2792,1
177,1523,-1
177,1525,-1
177,1526,-1
177,2590,-1
177,1530,-1
177,3891,-1
177,6547,-1
177,1334,-1
177,3464,-1
177,1978,-1
177,2926,-1
177,3775,1
177,3896,-1
177,3869,-1
177,10256,-1
177,10257,-1
177,2399,-1
177,1727,-1
177,1342,-1
177,1202,-1
177,8441,1
177,1993,1
177,6089,-1
177,3907,-1
177,1477,-1
177,872,-1
177,2687,1
177,6388,-1
177,10258,-1
177,10259,-1
177,931,-1
177,10260,-1
177,9615,-1
177,7898,-1
177,6949,-1
177,1209,-1
177,1803,-1
177,1804,-1
177,7304,-1
177,2490,-1
177,8918,-1
177,10174,-1
177,10261,-1
177,9760,1
177,10262,-1
177,2005,-1
177,8901,-1
177,3787,-1
177,10263,-1
177,1554,-1
177,4068,-1
177,3212,-1
177,10264,-1
177,3495,-1
177,1560,-1
177,10265,-1
177,1064,1
177,10266,-1
177,2955,-1
177,2013,-1
177,4641,1
177,8513,-1
177,6773,-1
177,3219,-1
177,10267,-1
177,6603,-1
177,10268,-1
177,3223,-1
177,1842,-1
177,1843,-1
177,10269,-1
177,10270,1
177,3230,-1
177,910,-1
177,10271,-1
177,10143,-1
177,3668,1
177,5143,-1
177,10272,-1
177,10273,-1
177,10274,-1
177,3520,-1
177,7923,-1
177,10275,-1
177,10186,-1
177,1305,-1
177,10276,-1
177,1586,-1
177,8711,-1
177,10277,-1
177,10278,-1
177,10279,-1
177,7604,-1
177,10280,-1
177,10281,-1
177,9748,-1
177,9098,-1
177,10282,1
177,10283,-1
177,10284,-1
177,10285,-1
177,10286,1
177,5331,-1
177,10287,-1
177,10288,-1
177,1606,-1
177,10289,-1
177,10290,1
177,9009,-1
177,8078,-1
177,9100,-1
177,7289,-1
177,8613,-1
177,10291,-1
177,10292,-1
177,10293,-1
177,10294,-1
177,10295,-1
177,5561,-1
177,10296,-1
177,10297,-1
177,7135,-1
177,3695,-1
177,7412,1
177,10298,-1
177,9466,-1
177,10299,-1
177,10300,-1
177,10301,-1
177,7489,-1
177,10302,-1
177,7327,-1
177,7143,-1
177,2071,-1
177,4667,-1
177,4128,-1
177,6858,-1
177,10303,-1
177,10304,-1
177,7195,-1
177,2087,-1
177,10305,-1
177,4008,-1
177,10306,-1
177,4552,-1
177,10307,-1
177,10308,-1
177,10309,1
177,10310,-1
177,10311,-1
177,10312,-1
177,10313,-1
177,10314,-1
177,10315,-1
177,10316,-1
177,10317,-1
177,10318,-1
177,10319,-1
177,10320,-1
177,10321,-1
177,10322,-1
177,10323,-1
177,10324,-1
177,10325,-1
177,10326,-1
177,10327,-1
177,10328,-1
177,10329,-1
177,10330,-1
177,10331,-1
178,237,1
178,3436,-1
178,3449,1
178,4782,1
178,544,-1
178,190,-1
178,357,-1
178,8534,-1
178,421,1
179,1736,1
179,4283,1
179,4988,1
179,453,1
179,4053,1
179,9616,1
179,10332,1
179,2009,1
179,10333,1
179,10334,1
179,10335,1
179,3958,1
179,10336,1
179,10337,1
179,4665,1
179,9020,1
179,10338,1
179,10339,1
179,10340,1
179,10341,1
179,181,1
179,392,1
179,407,1
179,477,1
180,972,1
180,977,1
180,252,1
181,4960,1
181,293,1
181,353,1
181,601,1
181,715,1
181,762,-1
181,764,-1
181,1520,1
181,3887,1
181,3325,1
181,3777,1
181,6466,1
181,1192,1
181,3416,1
181,5548,1
181,1168,-1
181,4524,1
181,2549,1
181,6482,1
181,6485,1
181,10342,1
181,5561,-1
181,10343,1
181,9556,1
181,10344,-1
181,10345,-1
181,10346,-1
181,476,1
182,636,1
182,1176,1
182,190,1
182,10347,1
184,251,1
184,982,1
184,4730,1
184,4281,1
184,4960,1
184,258,1
184,295,1
184,348,1
184,404,1
184,413,1
184,421,1
184,441,1
185,4960,1
186,968,1
186,458,1
187,1172,1
187,252,1
187,3436,1
187,1966,1
187,324,1
188,237,1
188,238,1
188,245,1
188,1467,1
188,190,-1
188,309,1
188,413,1
188,449,1
188,626,-1
188,1716,1
188,10348,1
188,2591,1
188,10349,1
188,2105,1
188,1508,1
188,3776,1
188,2391,1
188,1796,1
188,1344,1
188,10350,1
188,2306,1
188,2725,1
188,877,1
188,2009,1
188,1053,1
188,10351,1
188,2513,1
188,1557,1
188,10352,-1
188,4081,1
188,6337,1
188,1573,1
188,3230,1
188,10353,1
188,8648,1
188,8224,1
188,1677,1
188,10354,1
188,2450,1
188,1881,1
188,10355,-1
188,10356,1
188,10357,-1
188,10358,1
188,10359,1
188,9700,1
188,10221,1
188,9791,1
188,10360,1
188,1642,1
188,10361,1
188,10362,1
188,10363,1
188,10364,1
188,10365,1
188,10366,1
188,10367,1
188,10368,1
188,10369,1
188,10370,1
188,10371,1
188,300,1
188,310,1
188,312,1
188,348,1
188,404,1
189,1174,1
189,295,-1
189,326,1
189,438,1
190,807,-1
190,237,1
190,251,1
190,1504,1
190,253,1
190,254,1
190,255,1
190,636,1
190,4772,1
190,4281,-1
190,4790,1
190,4832,1
190,4883,-1
190,4891,1
190,1005,-1
190,258,1
190,768,1
190,242,1
190,243,1
190,277,1
190,280,1
190,281,1
190,310,1
190,343,-1
190,348,1
190,356,1
190,364,1
190,404,1
190,413,1
190,430,1
190,438,1
190,456,1
190,470,1
190,477,1
190,480,1
190,496,1
190,522,-1
190,532,1
190,533,1
190,534,1
190,743,1
190,789,1
190,817,-1
190,1744,1
190,2380,-1
190,1752,1
190,923,-1
190,3774,1
190,4058,1
190,2382,1
190,1336,1
190,10372,1
190,2383,1
190,1759,1
190,10373,1
190,10374,1
190,1337,1
190,9490,1
190,10375,1
190,2103,1
190,8226,1
190,10376,1
190,9850,1
190,1718,1
190,2795,1
190,2474,1
190,10377,1
190,7101,1
190,2595,1
190,10378,1
190,10379,1
190,10380,1
190,10381,1
190,10382,1
190,860,1
190,10383,1
190,10384,1
190,10385,1
190,10386,1
190,10387,1
190,2104,1
190,10388,1
190,4059,1
190,10389,1
190,10390,1
190,10391,1
190,10392,1
190,10393,1
190,1760,1
190,10394,1
190,10395,1
190,9736,1
190,10396,1
190,2191,1
190,10397,1
190,10398,1
190,10399,1
190,10400,1
190,9751,1
190,10401,1
190,4631,1
190,10402,1
190,10403,1
190,9851,1
190,10404,1
190,10405,1
190,10406,1
190,2475,1
190,10407,1
190,10408,1
190,9752,1
190,2723,1
190,3755,1
190,10409,1
190,2343,1
190,10410,1
190,2433,1
190,10411,1
190,2105,1
190,1508,1
190,10412,1
190,10413,1
190,10414,1
190,10415,1
190,8522,1
190,10416,1
190,10417,1
190,2724,1
190,10418,1
190,10419,1
190,1030,1
190,10420,1
190,10421,1
190,1761,1
190,10422,1
190,10423,1
190,10424,1
190,10425,1
190,10426,1
190,10427,1
190,10428,1
190,1031,1
190,10429,1
190,10430,1
190,10431,1
190,10432,1
190,10433,1
190,10434,1
190,1719,1
190,10435,1
190,10436,1
190,10437,1
190,1338,-1
190,928,-1
190,10438,-1
190,10439,-1
190,3627,-1
190,261,1
190,309,1
190,318,1
190,319,1
190,349,1
190,357,1
190,361,-1
190,369,1
190,403,1
190,412,-1
190,414,1
190,442,-1
190,466,1
191,972,-1
191,1966,-1
191,2677,1
191,421,-1
192,807,-1
192,985,-1
192,1175,-1
192,626,-1
192,816,-1
192,924,-1
192,926,-1
192,1029,-1
192,10440,-1
192,304,1
193,312,1
194,807,-1
194,1173,1
194,1734,-1
194,3436,-1
194,1966,-1
194,277,1
194,852,1
194,2108,1
194,2134,-1
194,4273,1
194,3734,-1
194,1269,1
194,4274,1
194,4275,1
194,4276,-1
194,992,-1
194,4791,-1
194,5029,1
194,207,1
194,266,-1
194,274,1
194,290,1
194,293,1
194,302,1
194,380,-1
195,373,1
195,380,-1
196,1503,1
196,983,1
196,4713,1
196,4752,1
196,4283,1
196,4853,1
196,4286,1
196,2587,1
196,4900,1
196,696,1
196,2984,1
196,8035,1
196,376,1
196,384,1
197,4870,1
197,4978,1
197,599,1
197,7774,1
197,10441,1
197,7219,1
198,2770,1
198,3894,-1
198,10442,-1
198,7791,-1
199,4726,-1
201,4891,1
201,1504,1
201,993,1
201,5288,1
201,4841,1
201,2918,1
201,4948,1
201,2587,1
201,3885,1
201,203,1
201,212,1
201,322,1
201,345,1
201,540,1
201,588,1
201,598,1
201,721,1
201,740,1
201,765,1
201,2788,1
201,851,1
201,10443,1
201,852,1
201,5749,1
201,6087,1
201,2793,1
201,5407,1
201,3325,-1
201,3626,1
201,2794,1
201,2476,1
201,6463,1
201,1035,1
201,10444,1
201,2192,1
201,10445,1
201,8599,1
201,1795,1
201,1985,1
201,5520,1
201,3901,1
201,2798,1
201,5411,1
201,1798,1
201,10446,1
201,2799,1
201,1168,1
201,1999,1
201,2936,1
201,10259,1
201,2127,1
201,5842,1
201,3476,1
201,3913,1
201,5624,1
201,10447,1
201,5096,1
201,1808,1
201,10448,1
201,5981,1
201,7105,1
201,880,1
201,2003,1
201,1550,1
201,7452,1
201,8901,1
201,2802,1
201,5843,1
201,10449,1
201,5372,1
201,2558,1
201,1063,1
201,3656,1
201,5321,1
201,10450,1
201,1101,1
201,6003,1
201,5041,1
201,7596,1
201,4334,1
201,2822,1
201,10451,1
201,10452,1
201,6105,1
201,2028,1
201,4562,1
201,6403,1
201,2826,1
201,7117,1
201,10453,1
201,10454,1
201,7599,1
201,6406,1
201,10455,1
201,10456,1
201,5726,1
201,2830,1
201,10457,1
201,9746,1
201,5073,1
201,10458,1
201,10459,1
201,6273,1
201,6279,1
201,2674,1
201,10354,1
201,10460,1
201,10461,1
201,8808,1
201,3768,1
201,2837,1
201,10462,1
201,10463,1
201,10464,1
201,6018,1
201,2841,1
201,10465,1
201,10466,1
201,10467,1
201,10468,1
201,2843,1
201,1603,1
201,5560,1
201,10469,1
201,10470,1
201,10471,1
201,10472,1
201,10473,1
201,9626,1
201,2851,1
201,8198,1
201,10474,1
201,10293,1
201,10475,1
201,10476,1
201,10477,1
201,10478,1
201,10479,1
201,10480,1
201,10481,1
201,10482,1
201,10483,1
201,10484,1
201,10485,1
201,6685,1
201,2886,1
201,5068,1
201,10486,1
201,10487,1
201,10488,1
201,7332,1
201,10489,1
201,10490,1
201,10491,1
201,10492,1
201,10493,1
201,10494,1
201,10495,1
201,10496,1
201,10497,1
201,10498,1
201,10499,1
201,10500,1
201,10501,1
201,10502,1
201,10503,1
201,10504,1
201,10505,1
201,10506,1
201,10507,1
201,10508,1
201,10509,1
201,10510,1
201,10511,1
201,10512,1
201,327,1
202,4999,1
202,10513,1
202,3927,1
203,4841,1
203,2587,1
203,353,1
203,666,1
203,818,1
203,1035,1
203,3777,1
203,4522,1
203,8917,1
203,3476,1
203,2306,1
203,3922,1
203,5417,1
203,3930,1
203,10514,1
203,10515,1
203,10516,1
203,10517,1
203,7295,1
203,10518,1
203,10519,1
204,4710,-1
204,4765,-1
204,1460,-1
204,3439,-1
204,801,1
204,3195,-1
204,2588,-1
204,9158,1
204,5314,1
204,3755,-1
204,3096,-1
204,3296,1
204,1350,-1
204,6648,-1
204,1704,-1
204,5421,-1
204,10520,1
204,10521,-1
204,10522,1
204,2978,-1
204,10523,-1
204,6197,-1
204,2837,1
204,8659,-1
204,5715,-1
204,10524,-1
204,6141,-1
204,7857,1
204,10525,1
204,10526,1
204,10527,-1
205,4796,1
205,4814,1
205,4855,1
205,4905,1
205,4919,1
205,4959,1
205,4809,1
205,4900,1
205,1142,1
205,1764,1
205,3470,1
205,7304,1
205,6816,1
205,5047,1
205,4354,1
205,10528,1
205,10529,1
205,8376,1
205,7637,1
205,10530,1
206,4785,1
206,4853,-1
206,1795,1
206,10531,1
206,10532,1
207,1173,1
207,4874,-1
207,286,-1
207,3891,1
207,2403,1
207,6000,1
207,3476,1
207,3484,-1
207,935,1
207,1224,1
207,4330,-1
207,6335,1
207,6190,1
207,9527,1
207,10533,1
207,9424,1
207,6852,1
208,345,1
208,432,1
208,538,-1
208,2298,1
208,861,-1
208,1534,-1
208,1036,1
208,1795,1
208,10534,-1
208,6023,-1
208,10535,1
208,6595,1
208,10536,1
208,10537,1
208,8359,-1
208,3515,-1
208,9869,1
208,8173,1
208,10538,1
208,6737,-1
208,7369,-1
208,10469,1
208,10476,1
208,10539,1
208,7232,1
208,10540,1
208,10541,1
208,10542,1
208,10543,1
208,10544,1
208,10545,1
208,10546,-1
210,345,1
210,1520,1
210,4556,1
211,7325,-1
211,10547,1
212,4686,1
212,4791,-1
212,4798,-1
212,4553,1
212,3455,1
212,4877,1
212,1005,-1
212,2097,-1
212,2098,1
212,1168,1
212,9507,1
212,10548,1
212,10549,1
212,262,1
212,305,-1
212,313,-1
213,4853,-1
214,4893,-1
214,544,-1
215,4726,-1
215,4553,1
217,6046,-1
217,3508,1
217,10550,1
217,10551,-1
217,10552,1
217,10553,1
218,587,1
218,3476,1
218,9648,-1
218,6219,1
218,10554,-1
220,246,1
220,4706,-1
220,4838,1
220,4861,1
220,4868,1
220,4887,-1
220,1005,1
220,1176,1
220,1504,-1
220,10555,-1
220,305,1
220,434,-1
221,636,-1
221,2843,-1
221,10556,-1
221,10557,-1
221,10558,-1
222,2795,1
222,8689,-1
222,2314,-1
222,10559,1
223,985,1
224,1018,1
224,226,1
224,227,1
224,228,1
224,230,1
224,231,1
224,233,1
224,302,1
224,304,1
224,561,1
224,789,1
224,798,1
224,921,1
224,1192,1
224,1201,1
224,7897,1
224,10560,1
224,1129,1
224,4333,1
224,10561,1
224,10562,1
224,10563,1
224,10564,1
224,10565,1
224,10566,1
224,10567,1
224,10568,1
224,10569,1
224,10570,1
224,10571,1
225,227,1
225,230,1
225,231,1
226,3436,1
226,4282,1
226,704,1
226,2100,1
226,1767,1
226,1044,1
226,871,1
226,10572,1
226,2262,1
226,2965,1
226,8245,1
226,10573,1
226,10574,1
226,10575,1
226,227,1
227,228,1
227,229,1
227,230,1
227,231,1
227,232,1
227,233,1
227,234,1
227,10576,1
227,10577,1
227,10578,1
227,10579,1
228,233,1
228,230,1
228,231,1
229,230,1
229,231,1
230,231,1
230,3464,1
230,10580,1
230,7897,1
230,7724,1
230,1054,-1
230,10560,1
230,9242,1
230,10561,1
230,3131,1
230,6351,-1
230,10581,1
230,10582,1
230,10577,1
230,10578,1
231,4814,1
231,233,1
231,10560,1
231,1873,1
231,10583,1
231,10579,1
231,10584,1
231,10585,1
233,6598,1
233,10586,1
233,10587,1
233,10588,1
233,9880,1
233,10589,1
235,768,1
235,769,1
235,1463,1
235,771,1
235,776,1
235,1470,1
235,1471,1
235,1472,1
235,1473,1
235,238,1
235,252,1
235,635,1
235,306,1
236,1172,1
236,577,1
236,1173,1
236,237,1
236,238,1
236,239,1
236,240,1
236,1495,1
236,241,1
236,242,1
236,243,1
236,245,1
236,248,1
236,249,1
236,251,1
236,252,1
236,253,1
236,1714,1
236,995,1
236,277,1
236,301,1
236,309,1
236,310,1
236,328,1
236,335,1
236,344,1
236,348,1
236,349,1
236,362,1
236,364,1
236,382,1
236,404,1
236,441,1
236,443,1
236,450,1
236,474,1
236,480,1
236,488,1
236,489,1
236,490,1
236,501,1
236,511,1
236,522,1
236,533,1
236,534,1
236,604,1
236,672,1
236,709,1
236,716,1
236,765,1
236,799,1
236,1715,1
236,1716,1
236,1717,1
236,921,1
236,1718,1
236,1719,1
236,1535,1
236,1720,1
236,1721,1
236,1722,1
236,1723,1
236,1724,1
236,1725,1
236,1726,1
236,1727,1
236,1728,1
236,1052,1
236,1729,1
236,1730,1
236,1731,1
236,1732,1
236,1733,1
236,246,1
236,258,1
236,266,1
236,285,1
236,286,1
236,293,1
236,356,1
236,357,1
236,363,1
236,381,1
236,410,1
236,423,1
236,439,1
237,577,1
237,576,1
237,238,1
237,239,1
237,240,1
237,1494,1
237,1495,1
237,241,1
237,242,1
237,243,1
237,245,1
237,247,1
237,248,1
237,249,1
237,1500,1
237,251,1
237,1017,1
237,634,1
237,252,1
237,253,1
237,774,1
237,1734,1
237,1735,1
237,635,1
237,1714,1
237,1736,1
237,995,1
237,1737,1
237,1738,1
237,1739,1
237,265,1
237,266,1
237,269,1
237,277,1
237,280,1
237,288,1
237,289,1
237,293,1
237,301,1
237,309,1
237,312,1
237,313,1
237,321,1
237,324,1
237,326,1
237,327,1
237,335,1
237,336,1
237,344,1
237,348,1
237,349,1
237,350,1
237,353,1
237,356,1
237,362,1
237,363,1
237,364,1
237,367,1
237,369,1
237,382,1
237,386,1
237,392,1
237,400,1
237,404,1
237,413,1
237,419,1
237,430,1
237,432,1
237,438,1
237,441,1
237,443,1
237,449,1
237,458,1
237,470,1
237,473,1
237,474,1
237,477,1
237,487,1
237,488,1
237,489,1
237,490,1
237,492,1
237,495,1
237,496,1
237,501,1
237,518,1
237,519,1
237,520,1
237,521,1
237,522,1
237,524,1
237,529,1
237,533,1
237,534,1
237,538,-1
237,604,1
237,615,1
237,622,1
237,628,1
237,654,1
237,658,1
237,664,1
237,666,1
237,672,1
237,709,1
237,735,1
237,814,1
237,830,1
237,831,1
237,840,1
237,1740,1
237,1741,1
237,1742,1
237,1743,1
237,1744,1
237,1745,1
237,853,1
237,1746,1
237,1747,1
237,1748,1
237,1027,1
237,1526,1
237,1749,1
237,1750,1
237,1716,1
237,1751,1
237,1752,1
237,921,1
237,1753,1
237,1754,1
237,1755,1
237,1756,1
237,1757,1
237,1476,1
237,1758,1
237,1336,1
237,1759,1
237,1718,1
237,1760,1
237,1761,1
237,1719,1
237,1762,1
237,1763,1
237,1764,1
237,1765,1
237,1766,1
237,1767,1
237,1768,1
237,1036,1
237,1769,1
237,1187,1
237,1770,1
237,864,1
237,1771,1
237,1772,1
237,1773,1
237,1774,1
237,1775,1
237,1720,1
237,1776,1
237,1777,1
237,1041,1
237,1778,1
237,1779,1
237,1780,1
237,1781,1
237,1782,1
237,1722,1
237,1723,1
237,1724,1
237,1783,1
237,1784,1
237,1785,1
237,1786,1
237,1726,1
237,1787,1
237,1788,1
237,1789,1
237,1790,1
237,1728,1
237,1791,1
237,1792,-1
237,1793,1
237,1794,1
237,1795,1
237,1796,1
237,1203,1
237,1797,1
237,1798,1
237,1799,-1
237,1800,1
237,1693,1
237,1694,1
237,1801,1
237,1802,1
237,1803,1
237,1804,1
237,1805,1
237,1806,1
237,1211,1
237,1807,1
237,1808,1
237,878,1
237,1809,1
237,1810,1
237,1730,1
237,1811,1
237,879,1
237,1812,1
237,1813,1
237,1731,1
237,1814,1
237,1672,1
237,1815,1
237,1816,1
237,1817,1
237,1818,1
237,1218,1
237,1819,1
237,1820,1
237,1821,1
237,1822,1
237,1552,1
237,1823,1
237,1824,1
237,1825,1
237,1826,1
237,1827,1
237,1828,1
237,1829,1
237,1009,1
237,1673,1
237,1830,1
237,1831,1
237,1832,1
237,1833,1
237,1834,1
237,1835,1
237,1836,1
237,1837,1
237,1838,1
237,1733,1
237,1839,1
237,1840,1
237,1841,1
237,1842,1
237,1843,1
237,1844,1
237,1370,-1
237,1845,1
237,1846,1
237,1847,1
237,1573,1
237,1848,1
237,1849,1
237,1850,1
237,1851,1
237,1852,1
237,1853,1
237,1854,1
237,1855,1
237,1856,1
237,1857,1
237,1858,1
237,1859,1
237,1860,1
237,1861,1
237,1862,1
237,1863,1
237,1864,1
237,1865,1
237,1866,1
237,1867,-1
237,1381,1
237,1868,-1
237,1869,1
237,1870,1
237,1871,1
237,1872,1
237,1873,1
237,1874,1
237,1875,1
237,1876,1
237,1877,1
237,1878,1
237,1879,1
237,1880,1
237,1881,1
237,1882,1
237,1883,1
237,1584,1
237,1884,1
237,1885,1
237,1886,1
237,1887,1
237,1888,1
237,1889,1
237,1890,1
237,1891,1
237,1892,1
237,1893,1
237,1894,1
237,1895,1
237,1585,1
237,1896,1
237,1897,1
237,1898,1
237,1899,1
237,1900,1
237,1901,1
237,1902,1
237,1586,1
237,1903,1
237,1904,1
237,1905,1
237,1906,1
237,1907,1
237,1908,1
237,1909,1
237,1910,1
237,1911,1
237,1912,1
237,1913,1
237,1914,1
237,1915,1
237,1916,1
237,1917,1
237,1918,1
237,1919,1
237,1920,1
237,1921,1
237,1922,1
237,1923,1
237,1924,1
237,1925,1
237,1926,1
237,1927,1
237,1928,1
237,1929,1
237,1930,1
237,1931,1
237,1932,1
237,1933,1
237,1934,1
237,1935,1
237,1936,1
237,1937,1
237,1938,1
237,1939,1
237,1940,1
237,1941,1
237,1942,1
237,1943,1
237,1944,1
237,1945,1
237,1946,1
237,1947,1
237,1948,1
237,1949,1
237,1950,1
237,1951,1
237,1952,1
237,1953,1
237,1954,1
237,1955,1
237,1956,1
237,1957,1
237,1958,1
237,1959,-1
237,1960,-1
237,1961,-1
237,1962,-1
237,1963,-1
237,1964,-1
237,1965,-1
237,259,1
237,304,1
237,310,1
237,357,1
237,381,1
237,423,1
237,439,1
237,444,-1
237,459,1
238,577,1
238,1173,1
238,239,1
238,1495,1
238,241,1
238,242,1
238,243,1
238,245,1
238,246,1
238,248,1
238,249,1
238,1500,1
238,251,1
238,634,1
238,253,1
238,1462,1
238,1714,1
238,994,1
238,2096,1
238,2097,1
238,2098,1
238,258,1
238,259,1
238,265,1
238,266,1
238,269,1
238,272,1
238,274,1
238,277,1
238,285,1
238,286,1
238,288,1
238,289,1
238,293,1
238,301,-1
238,308,1
238,309,1
238,310,1
238,321,1
238,324,1
238,326,1
238,327,1
238,328,-1
238,344,1
238,348,1
238,349,1
238,356,1
238,362,1
238,364,1
238,366,1
238,381,1
238,382,1
238,404,1
238,409,1
238,419,1
238,430,1
238,443,1
238,458,1
238,473,1
238,474,1
238,477,1
238,486,1
238,487,1
238,488,-1
238,490,1
238,495,1
238,496,1
238,497,-1
238,504,1
238,511,1
238,519,1
238,520,1
238,521,1
238,522,1
238,532,1
238,533,1
238,534,1
238,535,1
238,549,-1
238,604,1
238,622,1
238,646,1
238,668,1
238,672,1
238,675,1
238,687,1
238,709,1
238,714,1
238,727,1
238,735,1
238,798,1
238,1024,1
238,2099,1
238,2100,1
238,1716,1
238,2101,1
238,1717,1
238,1752,1
238,2102,1
238,2103,1
238,1718,1
238,2104,1
238,1760,1
238,2105,1
238,1031,1
238,1719,1
238,1762,1
238,2106,1
238,2107,1
238,2108,1
238,2109,1
238,1535,1
238,1036,1
238,2110,1
238,2111,1
238,2112,1
238,2113,1
238,1040,-1
238,2114,1
238,2115,1
238,2116,1
238,1721,1
238,2117,1
238,2118,1
238,1722,1
238,1723,1
238,1724,1
238,2119,1
238,1783,1
238,1786,1
238,1726,1
238,1042,-1
238,2120,1
238,1727,1
238,1787,1
238,1788,1
238,1044,1
238,1728,1
238,2121,1
238,2122,1
238,2123,1
238,1201,1
238,2124,1
238,1539,1
238,1045,1
238,2125,1
238,1798,1
238,2126,1
238,2127,-1
238,2128,1
238,2129,1
238,2130,1
238,2131,1
238,1801,1
238,2132,1
238,1806,1
238,2133,1
238,1052,1
238,1809,1
238,2134,1
238,1730,1
238,1812,1
238,1813,1
238,1731,1
238,1816,1
238,1817,1
238,2135,1
238,1220,1
238,2136,1
238,2137,1
238,1057,1
238,2138,1
238,2139,1
238,1063,1
238,1836,1
238,2140,1
238,2141,1
238,2142,1
238,2143,1
238,1069,1
238,1089,1
238,1104,1
238,1139,1
238,1141,1
238,2144,-1
238,2145,1
238,2146,1
238,2147,1
238,2148,1
238,2149,1
238,2150,1
238,2151,1
238,965,1
238,2152,1
238,2153,1
238,2154,1
238,2155,1
238,2156,1
238,1865,1
238,1933,1
238,2157,1
238,2158,1
238,2159,1
238,2160,1
238,2161,1
238,2162,1
238,2163,1
238,2164,1
238,2165,1
238,2166,1
238,2167,1
238,2168,1
238,2169,1
238,2170,1
238,2171,1
238,2172,1
238,2173,1
238,2174,1
238,2175,1
238,2176,1
238,2177,1
238,2178,1
238,2179,1
238,2180,1
238,2181,1
238,2182,1
238,2183,1
238,2184,1
238,2185,1
238,2186,1
238,2187,1
238,2188,1
238,2189,1
238,240,1
238,2471,1
238,361,-1
238,423,1
238,439,1
238,441,-1
238,444,-1
238,445,1
239,577,1
239,1489,1
239,240,1
239,1494,1
239,241,1
239,242,1
239,243,1
239,245,1
239,246,1
239,248,1
239,249,1
239,251,1
239,252,1
239,253,1
239,635,1
239,2097,1
239,258,1
239,265,1
239,266,1
239,285,1
239,304,1
239,309,1
239,324,1
239,328,1
239,335,1
239,364,1
239,381,1
239,404,1
239,410,1
239,413,1
239,430,1
239,441,1
239,443,1
239,444,1
239,445,1
239,462,1
239,474,1
239,480,1
239,487,1
239,488,1
239,490,1
239,496,1
239,497,1
239,501,1
239,511,1
239,518,1
239,520,1
239,521,1
239,524,1
239,529,1
239,532,1
239,533,1
239,534,1
239,604,1
239,668,1
239,672,1
239,716,1
239,762,1
239,798,1
239,1024,1
239,1025,1
239,920,1
239,2190,1
239,1716,1
239,921,1
239,2102,1
239,2191,1
239,1031,1
239,2109,1
239,2192,1
239,1036,1
239,1187,1
239,864,1
239,2112,1
239,1039,1
239,1774,1
239,1775,1
239,1041,1
239,1778,1
239,1722,1
239,1786,1
239,1727,1
239,1043,1
239,1787,1
239,1044,1
239,2193,1
239,2121,1
239,2124,1
239,1045,1
239,1798,1
239,2131,1
239,2194,1
239,1052,1
239,2195,1
239,2196,1
239,2137,1
239,2138,1
239,2197,1
239,1058,1
239,1830,1
239,1089,1
239,1104,1
239,1141,1
239,1268,1
239,2153,1
239,2198,1
239,2199,1
239,2200,1
239,2201,1
239,1495,1
239,1500,1
239,850,1
239,4790,1
239,544,-1
239,269,1
239,277,1
239,286,1
239,288,1
239,289,1
239,310,1
239,326,1
239,331,1
239,336,1
239,348,1
239,349,1
239,357,1
239,362,1
239,363,1
239,392,1
239,419,1
239,423,1
239,428,1
239,439,1
239,450,1
239,455,1
239,458,1
239,459,1
239,473,1
240,577,1
240,1494,1
240,242,1
240,243,1
240,246,1
240,248,1
240,249,1
240,251,1
240,253,1
240,994,1
240,995,1
240,2096,1
240,258,1
240,259,1
240,266,1
240,285,1
240,286,1
240,304,1
240,309,1
240,324,1
240,328,1
240,333,1
240,349,1
240,363,1
240,364,1
240,381,1
240,382,1
240,404,1
240,413,1
240,432,1
240,439,1
240,445,1
240,473,1
240,474,1
240,487,1
240,492,1
240,497,1
240,501,1
240,511,1
240,521,1
240,522,1
240,622,1
240,668,1
240,672,1
240,675,1
240,679,1
240,765,1
240,2202,1
240,2203,-1
240,2204,1
240,1717,1
240,2205,1
240,2102,1
240,2105,1
240,1030,1
240,1031,1
240,1762,1
240,2206,1
240,2109,1
240,2207,1
240,1774,1
240,2208,1
240,2115,1
240,2209,1
240,1041,1
240,1779,1
240,2118,1
240,1723,1
240,1783,1
240,1725,1
240,1785,1
240,2120,1
240,2210,1
240,2211,1
240,1787,1
240,2212,1
240,1788,1
240,1044,1
240,1339,1
240,1728,1
240,2121,1
240,2213,1
240,2214,1
240,2215,1
240,2216,1
240,2124,1
240,1539,1
240,1798,1
240,1049,1
240,2131,1
240,2217,1
240,1730,1
240,1731,1
240,1814,1
240,2218,1
240,2219,1
240,2220,1
240,2221,1
240,2222,1
240,1830,1
240,2223,1
240,2224,1
240,1089,1
240,2225,1
240,2226,1
240,2145,1
240,1839,1
240,2227,1
240,2228,1
240,2229,1
240,2230,1
240,2231,1
240,2232,1
240,2233,1
240,2234,1
240,2235,1
240,2236,1
240,2237,1
240,2238,1
240,2239,1
240,2199,1
240,2240,1
240,2241,1
240,2242,1
240,2243,1
240,2244,1
240,2245,1
240,2246,1
240,2247,1
240,2248,1
240,2249,1
240,2250,1
240,310,1
240,335,1
240,423,1
240,441,1
240,480,1
241,577,1
241,1494,1
241,242,1
241,243,1
241,248,1
241,249,1
241,251,1
241,253,1
241,259,1
241,269,1
241,277,1
241,285,1
241,286,1
241,288,1
241,289,1
241,293,1
241,301,1
241,309,1
241,310,1
241,321,1
241,324,1
241,326,1
241,327,1
241,328,1
241,335,1
241,344,1
241,348,1
241,356,1
241,364,1
241,366,1
241,381,1
241,390,1
241,404,1
241,430,1
241,438,1
241,439,1
241,441,1
241,443,1
241,445,1
241,450,1
241,456,1
241,459,1
241,473,1
241,474,1
241,480,1
241,487,1
241,489,1
241,490,1
241,495,1
241,497,1
241,501,1
241,511,1
241,521,1
241,522,1
241,604,1
241,622,1
241,672,1
241,709,1
241,2202,1
241,852,1
241,1747,1
241,2204,1
241,1717,1
241,1182,1
241,2102,1
241,1718,1
241,2343,1
241,2105,1
241,1031,1
241,1719,1
241,2108,1
241,1535,1
241,1536,1
241,864,1
241,1775,1
241,2209,1
241,1041,1
241,1721,1
241,1780,1
241,1722,1
241,1723,1
241,1724,1
241,2119,1
241,1783,1
241,1786,1
241,2120,1
241,2210,1
241,2344,1
241,1787,1
241,2212,1
241,1788,1
241,1044,1
241,2193,1
241,1728,1
241,2121,1
241,1199,1
241,2125,1
241,2345,1
241,2346,1
241,2131,1
241,2347,1
241,2254,1
241,2002,1
241,2348,1
241,2349,1
241,1730,1
241,1812,1
241,1731,1
241,1814,1
241,1816,1
241,2139,1
241,1063,1
241,1830,1
241,2350,1
241,2225,1
241,2226,1
241,2351,1
241,2145,1
241,2352,1
241,2353,1
241,2232,1
241,2354,1
241,2355,1
241,2265,1
241,2266,1
241,2237,1
241,2153,1
241,2268,1
241,2199,1
241,2356,1
241,2357,1
241,2358,1
241,2359,1
241,2360,1
241,2361,1
241,2362,1
241,2363,1
241,2364,1
241,2365,1
241,2366,1
241,2367,1
241,2368,1
241,2369,1
241,2370,1
241,2371,1
241,2372,1
241,2373,1
241,2374,1
241,2375,1
241,2376,1
241,2377,1
241,246,1
241,258,1
241,266,1
241,423,1
241,444,1
242,577,1
242,1494,1
242,243,1
242,248,1
242,249,1
242,251,1
242,252,1
242,253,1
242,635,1
242,266,1
242,288,1
242,301,1
242,326,1
242,348,1
242,364,1
242,381,1
242,430,1
242,438,1
242,441,1
242,443,1
242,445,1
242,480,1
242,488,1
242,495,1
242,497,1
242,501,1
242,511,1
242,529,1
242,534,1
242,646,1
242,672,1
242,2105,1
242,1039,1
242,1775,1
242,2115,1
242,1041,1
242,1722,1
242,1723,1
242,1785,1
242,1727,1
242,2378,1
242,2121,1
242,2213,1
242,2214,1
242,2131,1
242,1730,1
242,1089,1
242,2145,1
242,1902,1
242,245,1
242,1500,1
242,258,1
242,259,1
242,277,1
242,285,1
242,286,1
242,287,1
242,304,1
242,308,1
242,309,1
242,310,1
242,324,1
242,327,1
242,328,1
242,335,1
242,349,1
242,356,1
242,357,1
242,362,1
242,363,1
242,367,1
242,392,1
242,403,1
242,404,1
242,406,1
242,413,1
242,419,1
242,423,-1
242,439,1
242,450,1
242,456,1
242,458,1
242,459,1
242,462,1
242,473,1
242,474,1
243,577,1
243,1494,1
243,1495,1
243,967,1
243,1173,1
243,245,1
243,246,1
243,247,1
243,248,1
243,249,1
243,1500,1
243,251,1
243,1017,1
243,252,1
243,253,1
243,1457,1
243,635,1
243,850,1
243,995,1
243,2096,1
243,258,1
243,259,1
243,266,1
243,272,1
243,277,1
243,285,1
243,286,1
243,288,1
243,301,1
243,310,1
243,324,1
243,328,1
243,329,1
243,335,1
243,344,1
243,348,1
243,350,1
243,356,1
243,362,1
243,364,1
243,381,1
243,382,1
243,392,1
243,404,1
243,413,1
243,430,1
243,438,1
243,441,1
243,443,1
243,445,1
243,449,1
243,450,1
243,477,1
243,480,1
243,487,1
243,488,1
243,489,1
243,492,1
243,495,1
243,496,1
243,497,1
243,501,1
243,511,1
243,520,1
243,522,1
243,529,1
243,532,1
243,533,1
243,534,1
243,604,1
243,646,1
243,672,1
243,679,1
243,681,1
243,690,1
243,716,1
243,735,1
243,762,1
243,798,1
243,799,1
243,825,1
243,2202,1
243,1972,1
243,1744,1
243,2379,1
243,1329,1
243,853,1
243,2380,1
243,920,1
243,1027,1
243,1749,1
243,1716,1
243,1752,1
243,857,1
243,2381,1
243,2102,1
243,1978,1
243,2382,1
243,2383,1
243,1718,1
243,2104,1
243,1760,1
243,2105,1
243,1031,1
243,1719,1
243,1762,1
243,2384,1
243,2206,1
243,2108,1
243,1036,1
243,2110,1
243,1037,1
243,1769,1
243,1038,1
243,2385,1
243,1536,1
243,1187,1
243,2386,1
243,1770,1
243,864,1
243,1771,1
243,2111,1
243,1772,1
243,2387,1
243,2388,1
243,2112,1
243,2389,1
243,1039,1
243,2207,1
243,2113,1
243,1040,1
243,2114,1
243,2390,1
243,1773,1
243,1774,1
243,2391,1
243,2208,1
243,2392,1
243,1775,1
243,1720,1
243,2393,1
243,1188,1
243,1776,1
243,1777,1
243,2394,1
243,2115,1
243,2209,1
243,2395,1
243,2116,1
243,1041,1
243,2396,1
243,1778,1
243,1721,1
243,1779,1
243,1982,1
243,2397,1
243,1537,1
243,1780,1
243,2398,1
243,2117,1
243,1781,1
243,2118,1
243,1782,1
243,2399,1
243,1722,1
243,1723,1
243,1724,1
243,2400,1
243,2401,1
243,2402,1
243,2119,1
243,2403,1
243,1783,1
243,1725,1
243,2404,1
243,2405,1
243,2406,1
243,2407,1
243,1784,1
243,1785,1
243,2408,1
243,1786,1
243,1726,1
243,2409,1
243,2410,1
243,2411,1
243,1042,1
243,2120,1
243,2210,1
243,2344,1
243,1727,1
243,1043,1
243,2412,1
243,2378,1
243,2413,1
243,2414,1
243,2211,1
243,1787,1
243,2415,1
243,2212,1
243,2416,1
243,2417,1
243,2418,1
243,1788,1
243,2419,1
243,2420,1
243,2421,1
243,1044,1
243,1339,1
243,1789,1
243,2422,1
243,2193,1
243,2423,1
243,1189,1
243,1790,1
243,1728,1
243,2424,1
243,1791,1
243,2425,1
243,2121,1
243,2122,1
243,2213,1
243,1340,-1
243,1341,-1
243,3436,-1
243,992,1
243,994,1
243,1175,1
243,4283,1
243,262,1
243,289,1
243,304,1
243,308,1
243,309,1
243,326,1
243,349,1
243,357,1
243,359,1
243,360,1
243,363,1
243,372,1
243,390,1
243,391,1
243,419,1
243,423,1
243,428,1
243,439,1
243,456,1
243,458,1
243,459,1
243,462,1
243,473,1
243,474,1
243,484,1
244,577,1
244,1174,1
244,709,1
244,2431,1
244,1460,1
244,4901,1
244,1005,-1
244,2471,1
244,274,1
244,387,1
244,416,1
245,577,1
245,1174,1
245,807,-1
245,247,1
245,248,1
245,251,1
245,1457,1
245,636,1
245,261,1
245,277,1
245,286,1
245,293,1
245,304,1
245,310,1
245,328,1
245,335,1
245,336,1
245,344,1
245,348,1
245,350,1
245,353,1
245,363,1
245,364,1
245,365,1
245,370,1
245,376,1
245,381,1
245,382,1
245,396,-1
245,404,1
245,413,1
245,418,1
245,441,1
245,477,1
245,480,1
245,492,1
245,495,1
245,501,1
245,520,1
245,521,1
245,522,1
245,534,1
245,538,1
245,789,1
245,798,1
245,816,1
245,2432,-1
245,1749,1
245,856,1
245,921,1
245,857,1
245,1528,1
245,925,1
245,858,1
245,1184,-1
245,926,-1
245,1757,1
245,2383,1
245,1337,-1
245,1718,1
245,2433,1
245,1508,1
245,1031,1
245,1536,1
245,864,1
245,2387,1
245,1773,1
245,2208,1
245,1781,1
245,2120,1
245,1787,1
245,1192,1
245,2434,1
245,1203,1
245,2435,1
245,2436,1
245,2437,1
245,2438,1
245,1209,1
245,2439,1
245,875,1
245,2440,1
245,1211,1
245,1052,1
245,935,1
245,1356,1
245,2441,1
245,2309,1
245,2442,1
245,2443,1
245,939,-1
245,941,1
245,2444,1
245,2445,1
245,2446,1
245,2447,1
245,2448,1
245,948,1
245,1367,1
245,1246,1
245,886,1
245,1371,1
245,1250,1
245,1573,1
245,2449,1
245,2235,1
245,1256,1
245,2153,1
245,1860,1
245,2450,-1
245,2451,1
245,1389,1
245,1413,1
245,1440,1
245,1964,-1
245,2452,1
245,2453,1
245,2454,1
245,2455,-1
245,2456,-1
245,2457,-1
245,2458,1
245,2459,-1
245,2460,1
245,2461,1
245,2462,1
245,2463,1
245,2464,1
245,1705,1
245,2465,1
245,2466,1
245,2467,1
245,2468,1
245,2469,1
245,2470,-1
245,246,1
245,1500,1
245,253,1
245,774,-1
245,635,1
245,4739,1
245,258,1
245,259,1
245,289,1
245,294,1
245,309,1
245,318,1
245,324,1
245,349,1
245,423,1
245,458,1
245,473,1
245,474,1
246,577,1
246,249,1
246,251,1
246,995,1
246,1023,1
246,1967,1
246,2471,1
246,259,1
246,263,1
246,268,1
246,288,1
246,289,1
246,295,1
246,309,1
246,324,1
246,372,1
246,382,1
246,404,1
246,435,1
246,456,1
246,458,1
246,474,1
246,487,1
246,488,1
246,501,1
246,518,1
246,521,1
246,532,1
246,549,1
246,610,1
246,622,1
246,649,1
246,675,1
246,716,1
246,727,1
246,832,1
246,1024,1
246,2298,1
246,2472,1
246,2473,1
246,1715,1
246,1717,1
246,927,1
246,2102,1
246,1978,1
246,2474,1
246,2475,1
246,1030,1
246,1031,1
246,2476,1
246,2108,1
246,1535,1
246,862,1
246,1036,1
246,2118,1
246,1723,1
246,2404,1
246,1044,1
246,2477,1
246,2478,1
246,2479,1
246,2480,1
246,2124,1
246,2481,1
246,1539,1
246,2482,1
246,2436,1
246,1798,1
246,2483,1
246,2484,1
246,2485,1
246,1049,1
246,2486,1
246,2487,1
246,2488,1
246,2489,1
246,2490,1
246,2491,1
246,2492,1
246,1052,1
246,1731,1
246,2493,1
246,1816,1
246,2494,1
246,2008,1
246,2495,1
246,2496,1
246,2196,1
246,2497,1
246,2498,1
246,2499,1
246,2500,1
246,2501,1
246,2502,1
246,1056,1
246,2503,1
246,1057,1
246,2138,1
246,2504,1
246,2505,1
246,2506,1
246,2507,1
246,2508,1
246,2509,1
246,1554,1
246,2510,1
246,2511,1
246,2512,1
246,2513,1
246,2514,1
246,2515,1
246,2516,1
246,2517,1
246,2518,1
246,2519,1
246,2520,1
246,2521,1
246,2522,1
246,2523,1
246,2220,1
246,2524,1
246,2525,1
246,1555,1
246,2197,1
246,2526,1
246,2527,1
246,2528,1
246,1825,1
246,2529,1
246,2530,1
246,2531,1
246,2139,1
246,2532,1
246,2533,1
246,2534,1
246,2221,1
246,2535,1
246,2536,1
246,1058,1
246,2537,1
246,2538,1
246,2539,1
246,2540,1
246,2541,1
246,2542,1
246,2543,1
246,2544,1
246,2545,1
246,2546,1
246,2547,1
246,2548,1
246,2549,1
246,2550,1
246,2551,1
246,2552,1
246,2553,1
246,2554,1
246,2555,1
246,2556,1
246,2557,1
246,2558,1
246,2559,1
246,4784,-1
246,285,-1
246,301,-1
246,361,-1
246,381,1
246,441,-1
246,444,-1
246,452,1
246,480,-1
247,577,1
247,1174,1
247,807,1
247,367,1
247,411,1
247,547,1
247,789,1
247,814,1
247,2203,1
247,1744,1
247,2426,1
247,1337,1
247,1979,1
247,2109,1
247,863,1
247,1192,1
247,2437,1
247,2560,1
247,1048,1
247,2561,1
247,2562,1
247,2563,1
247,2005,1
247,1511,1
247,1363,1
247,2564,1
247,2565,1
247,2566,1
247,2567,1
247,2568,1
247,2569,1
247,2570,1
247,2571,1
247,2572,1
247,2573,1
247,2574,1
247,2575,1
247,2576,1
247,2577,1
247,2578,1
247,2579,1
247,2580,1
247,2581,1
247,2582,1
247,2583,1
247,1500,1
247,251,1
247,774,-1
247,3436,1
247,1175,1
247,4796,1
247,544,-1
247,372,1
247,413,1
247,421,1
247,428,1
247,438,1
247,472,1
248,577,1
248,1173,-1
248,1494,1
248,967,1
248,576,1
248,807,1
248,1492,1
248,249,1
248,251,1
248,252,1
248,253,1
248,635,1
248,994,1
248,995,1
248,1023,1
248,2584,1
248,2096,1
248,1737,1
248,2585,1
248,1968,1
248,2586,1
248,2587,1
248,544,1
248,258,1
248,259,1
248,260,1
248,265,1
248,266,1
248,269,1
248,277,1
248,281,1
248,285,1
248,286,1
248,288,1
248,289,1
248,290,1
248,301,1
248,304,1
248,307,1
248,308,1
248,309,1
248,310,1
248,324,1
248,326,1
248,327,1
248,328,1
248,331,1
248,333,1
248,335,1
248,336,1
248,344,1
248,348,1
248,349,1
248,356,1
248,362,1
248,364,1
248,369,1
248,373,1
248,381,1
248,382,1
248,385,1
248,404,1
248,410,1
248,412,1
248,413,1
248,419,1
248,430,1
248,438,1
248,439,1
248,441,1
248,443,1
248,445,1
248,456,1
248,458,1
248,459,1
248,462,1
248,470,1
248,473,1
248,474,1
248,477,1
248,480,1
248,487,1
248,488,1
248,489,1
248,490,1
248,492,1
248,495,1
248,496,1
248,497,1
248,498,1
248,501,1
248,511,1
248,519,1
248,521,1
248,522,1
248,524,1
248,529,1
248,532,1
248,533,1
248,534,1
248,535,1
248,542,1
248,604,1
248,622,1
248,646,1
248,649,1
248,664,1
248,668,1
248,672,1
248,675,1
248,679,1
248,690,1
248,692,1
248,709,1
248,714,1
248,716,1
248,718,1
248,720,1
248,735,1
248,798,1
248,2202,1
248,1972,1
248,1024,1
248,2298,1
248,1744,1
248,2588,1
248,2589,1
248,2473,1
248,1027,1
248,2100,1
248,1716,1
248,2204,1
248,1717,1
248,2590,1
248,2591,1
248,921,1
248,1753,1
248,2592,1
248,2381,1
248,1976,1
248,2593,1
248,2205,1
248,2594,1
248,2102,1
248,1758,1
248,2382,1
248,1336,1
248,1718,1
248,2474,1
248,2595,1
248,2104,1
248,2105,1
248,1508,1
248,1030,1
248,1031,1
248,1719,1
248,1762,1
248,2384,1
248,2596,1
248,2108,1
248,2597,1
248,2109,1
248,2598,1
248,1535,1
248,2192,1
248,1036,1
248,1187,1
248,2112,1
248,1039,1
248,2113,1
248,1774,1
248,1775,1
248,2115,1
248,1041,1
248,1779,1
248,1781,1
248,2118,1
248,1723,1
248,1724,1
248,2119,1
248,1783,1
248,1725,1
248,2404,1
248,2405,1
248,1785,1
248,1786,1
248,1726,1
248,2120,1
248,2210,1
248,1727,1
248,1043,1
248,2414,1
248,2211,1
248,1787,1
248,2212,1
248,1788,1
248,2420,1
248,1044,1
248,1339,1
248,2193,1
248,1790,1
248,1728,1
248,1791,1
248,2121,1
248,2122,1
248,2213,1
248,1192,1
248,1342,1
248,2478,1
248,2123,1
248,2599,1
248,2600,1
248,2601,1
248,1538,1
248,2216,1
248,2602,1
248,2124,1
248,1539,1
248,1045,1
248,867,1
248,1798,1
248,2603,1
248,871,1
248,2604,1
248,2128,1
248,1049,1
248,2605,1
248,2129,1
248,2130,1
248,2131,1
248,1693,1
248,2606,1
248,2607,1
248,2488,1
248,2608,1
248,2489,1
248,2255,1
248,1808,1
248,2609,1
248,1052,1
248,1809,1
248,1729,1
248,1730,1
248,2610,1
248,2611,1
248,1813,1
248,1731,1
248,1814,1
248,2258,1
248,2612,1
248,1816,1
248,2195,1
248,2613,1
248,2614,1
248,2218,1
248,2196,1
248,1824,1
248,2500,1
248,1057,1
248,2138,1
248,2197,1
248,2531,1
248,2139,1
248,2615,1
248,2616,1
248,2309,1
248,2442,1
248,1009,1
248,1673,1
248,1830,1
248,2617,1
248,2618,1
248,2619,1
248,1150,1
248,2620,1
248,2263,1
248,2621,1
248,1080,1
248,1089,1
248,1092,1
248,1139,1
248,2622,1
248,2225,1
248,2145,1
248,884,1
248,2623,1
248,2624,1
248,1839,1
248,2625,1
248,2626,1
248,2627,1
248,2628,1
248,2147,1
248,1847,1
248,2629,1
248,2630,1
248,2232,1
248,2631,1
248,2632,1
248,2633,1
248,2634,1
248,2151,1
248,2234,1
248,2235,1
248,2236,1
248,2635,1
248,2354,1
248,2266,1
248,2237,1
248,952,1
248,2636,1
248,2637,1
248,2153,1
248,2638,1
248,2639,1
248,2640,1
248,2641,1
248,1860,1
248,2642,1
248,2643,1
248,2644,1
248,2645,1
248,2646,1
248,2647,1
248,2648,1
248,2649,1
248,2270,1
248,2239,1
248,2650,1
248,2271,1
248,2156,1
248,2651,1
248,2652,1
248,2653,1
248,2654,1
248,2655,1
248,2199,1
248,2656,1
248,2657,1
248,2658,1
248,2659,1
248,2660,1
248,2661,1
248,2662,1
248,2663,1
248,2664,1
248,2665,1
248,2666,1
248,2356,1
248,2667,1
248,1864,1
248,2668,1
248,2669,1
248,2670,1
248,2357,1
248,2671,1
248,2672,1
248,1865,1
248,2673,1
248,2674,1
248,2675,1
248,2676,1
248,2677,1
248,2678,1
248,2679,1
248,2680,1
248,423,-1
249,577,1
249,1494,1
249,967,1
249,970,1
249,1173,1
249,1500,1
249,251,1
249,634,1
249,252,1
249,253,1
249,635,1
249,995,1
249,2096,1
249,1967,1
249,258,1
249,259,1
249,266,1
249,269,1
249,277,1
249,285,1
249,286,1
249,288,1
249,289,1
249,301,1
249,304,1
249,308,1
249,309,1
249,310,1
249,324,1
249,326,1
249,329,1
249,331,1
249,335,1
249,344,1
249,348,1
249,349,1
249,356,1
249,362,1
249,364,1
249,373,1
249,381,1
249,382,1
249,390,1
249,392,1
249,404,1
249,419,1
249,430,1
249,438,1
249,439,1
249,443,1
249,444,1
249,445,1
249,459,1
249,462,1
249,477,1
249,487,1
249,488,1
249,490,1
249,496,1
249,497,1
249,501,1
249,511,1
249,521,1
249,524,1
249,532,1
249,533,1
249,534,1
249,604,1
249,622,1
249,646,1
249,664,1
249,668,1
249,672,1
249,675,1
249,679,1
249,714,1
249,716,1
249,759,1
249,762,1
249,2202,1
249,2681,1
249,2682,1
249,1972,1
249,1024,1
249,1025,1
249,2298,1
249,2473,1
249,2252,1
249,921,1
249,2381,1
249,2683,1
249,2102,1
249,2382,1
249,1718,1
249,1760,1
249,2105,1
249,1508,1
249,1030,1
249,1762,1
249,2109,1
249,1535,1
249,2192,1
249,1036,1
249,2110,1
249,864,1
249,2112,1
249,2114,1
249,2208,1
249,1775,1
249,2115,1
249,1041,1
249,1778,1
249,1721,1
249,1779,1
249,1723,1
249,2119,1
249,2404,1
249,1785,1
249,1786,1
249,1726,1
249,2120,1
249,2210,1
249,2344,1
249,2413,1
249,2211,1
249,1787,1
249,2212,1
249,1788,1
249,1044,1
249,2193,1
249,1790,1
249,1728,1
249,2121,1
249,2213,1
249,2684,1
249,2685,1
249,2214,1
249,2216,1
249,2124,1
249,1539,1
249,2686,1
249,1798,1
249,2687,1
249,1049,1
249,2130,1
249,2131,1
249,2255,1
249,1052,1
249,2134,1
249,2349,1
249,1730,1
249,1812,1
249,1731,1
249,1814,1
249,2258,1
249,1816,1
249,1054,1
249,2196,1
249,2688,1
249,2689,1
249,1824,1
249,2137,1
249,2500,1
249,2138,1
249,2139,1
249,2534,1
249,1830,1
249,2621,1
249,1089,1
249,1101,1
249,1105,1
249,1117,1
249,2226,1
249,2145,1
249,1839,1
249,2227,1
249,2628,1
249,2690,1
249,2691,1
249,2146,1
249,2147,1
249,2692,1
249,2235,1
249,2237,1
249,2693,1
249,2153,1
249,2638,1
249,2639,1
249,2694,1
249,2268,1
249,2269,1
249,2643,1
249,2695,1
249,2696,1
249,2697,1
249,2698,1
249,2699,1
249,321,1
249,327,1
249,328,1
249,336,1
249,357,1
249,413,1
249,423,1
249,441,1
249,450,1
249,458,1
249,473,1
249,474,1
249,480,1
250,1172,-1
250,577,1
250,1174,1
250,3445,-1
250,4741,-1
250,277,-1
250,334,-1
250,384,-1
250,403,-1
250,464,-1
251,577,1
251,1495,1
251,252,1
251,253,1
251,635,1
251,1714,1
251,995,1
251,2096,1
251,258,1
251,259,1
251,266,1
251,277,1
251,285,1
251,286,1
251,288,1
251,301,1
251,304,1
251,308,1
251,309,1
251,310,1
251,324,1
251,326,1
251,328,1
251,329,1
251,331,1
251,335,1
251,344,1
251,348,1
251,349,1
251,356,1
251,362,1
251,363,1
251,364,1
251,373,1
251,381,1
251,382,1
251,392,1
251,404,1
251,413,1
251,419,1
251,430,1
251,438,1
251,439,1
251,441,1
251,443,1
251,450,1
251,456,1
251,458,1
251,473,1
251,474,1
251,480,1
251,487,1
251,488,1
251,489,1
251,495,1
251,496,1
251,501,1
251,511,1
251,519,1
251,521,1
251,522,1
251,529,1
251,532,1
251,533,1
251,534,1
251,604,1
251,622,1
251,646,1
251,664,1
251,668,1
251,672,1
251,675,1
251,679,1
251,690,1
251,709,1
251,714,1
251,716,1
251,815,1
251,2202,1
251,1972,1
251,2203,1
251,1744,1
251,853,1
251,1747,1
251,1749,1
251,1716,1
251,1717,1
251,1752,1
251,921,1
251,1754,1
251,2381,1
251,1757,1
251,2102,1
251,2382,1
251,1336,1
251,2383,1
251,2103,1
251,1718,1
251,1760,1
251,2723,1
251,2105,1
251,2724,1
251,1030,1
251,1031,1
251,1719,1
251,1535,1
251,1036,1
251,2110,1
251,864,1
251,2112,1
251,1040,1
251,2114,1
251,1774,1
251,2391,1
251,2392,1
251,1775,1
251,1720,1
251,2115,1
251,2209,1
251,1041,1
251,2396,1
251,1721,1
251,1779,1
251,1780,1
251,1722,1
251,1723,1
251,1724,1
251,1783,1
251,1725,1
251,2404,1
251,1785,1
251,1786,1
251,1726,1
251,2120,1
251,2210,1
251,2344,1
251,1727,1
251,2211,1
251,1787,1
251,2212,1
251,2418,1
251,1788,1
251,1044,1
251,2193,1
251,1728,1
251,1791,1
251,2121,1
251,2213,1
251,1988,1
251,2601,1
251,2216,1
251,1203,1
251,1539,1
251,1797,1
251,2125,1
251,1798,1
251,2437,1
251,2128,1
251,1049,1
251,2130,1
251,2131,1
251,2725,1
251,1544,1
251,1693,1
251,1803,1
251,2726,1
251,2727,1
251,1809,1
251,2728,1
251,1729,1
251,2349,1
251,1730,1
251,1812,1
251,2729,1
251,1731,1
251,1814,1
251,2614,1
251,2196,1
251,2730,1
251,2138,1
251,1827,1
251,2731,1
251,2309,1
251,2293,1
251,1836,1
251,2732,1
251,2733,1
251,2621,1
251,1080,1
251,1082,1
251,1085,1
251,1089,1
251,1101,1
251,1141,1
251,2225,1
251,2145,1
251,1839,1
251,2227,1
251,2734,1
251,2627,1
251,2628,1
251,2735,1
251,2629,1
251,2630,1
251,2632,1
251,2234,1
251,2235,1
251,2736,1
251,2237,1
251,2737,1
251,960,1
251,2738,1
251,2639,1
251,2198,1
251,2739,1
251,2740,1
251,1859,1
251,1860,1
251,2239,1
251,2199,1
251,2659,1
251,2663,1
251,2357,1
251,1289,1
251,1585,1
251,1910,1
251,1948,1
251,1956,1
251,2741,1
251,2742,1
251,2743,1
251,2744,1
251,2745,1
251,2746,1
251,2747,1
251,2748,1
251,2749,1
251,2750,1
251,2751,1
251,2752,1
251,2753,1
251,2754,1
251,2755,1
251,2756,1
251,2757,1
251,2758,1
251,357,1
251,423,1
251,459,1
251,462,1
252,577,1
252,1494,1
252,1495,1
252,635,1
252,258,1
252,259,1
252,265,1
252,266,1
252,277,1
252,288,1
252,301,1
252,310,1
252,328,1
252,335,1
252,348,1
252,356,1
252,364,1
252,372,1
252,381,1
252,382,1
252,404,1
252,413,1
252,430,1
252,435,1
252,441,1
252,443,1
252,450,1
252,456,1
252,473,1
252,474,1
252,480,1
252,496,1
252,497,1
252,511,1
252,522,1
252,524,1
252,533,1
252,534,1
252,610,1
252,672,1
252,823,1
252,2202,1
252,1976,1
252,1758,1
252,1718,1
252,2474,1
252,2105,1
252,1031,1
252,1036,1
252,864,1
252,1039,1
252,1041,1
252,1722,1
252,1723,1
252,1783,1
252,1727,1
252,2212,1
252,1790,1
252,2121,1
252,3060,1
252,3061,1
252,1205,-1
252,1798,1
252,2604,1
252,2772,1
252,3062,1
252,3063,1
252,3064,1
252,2733,1
252,3065,1
252,1733,1
252,3066,1
252,3067,1
252,3068,1
252,2690,1
252,3069,1
252,3070,1
252,2266,1
252,3071,1
252,2199,1
252,3072,1
252,3073,1
252,3074,1
252,3075,1
252,3076,1
252,3077,1
252,3078,1
252,253,1
252,309,1
252,403,1
252,423,1
252,439,1
252,459,1
253,577,1
253,1494,1
253,635,1
253,995,1
253,2096,1
253,3079,1
253,266,1
253,267,1
253,274,1
253,277,1
253,285,1
253,286,1
253,288,1
253,289,1
253,301,1
253,308,1
253,309,1
253,310,1
253,324,1
253,326,1
253,327,1
253,328,1
253,329,1
253,335,1
253,344,1
253,348,1
253,349,1
253,356,1
253,361,1
253,362,1
253,364,1
253,381,1
253,382,1
253,398,1
253,404,1
253,413,1
253,419,1
253,423,1
253,430,1
253,441,1
253,443,1
253,444,1
253,456,1
253,458,1
253,473,1
253,474,1
253,480,1
253,487,1
253,488,1
253,489,1
253,490,1
253,495,1
253,496,1
253,497,1
253,501,1
253,511,1
253,520,1
253,521,1
253,522,1
253,529,1
253,532,1
253,555,1
253,604,1
253,622,1
253,672,1
253,716,1
253,831,1
253,1740,1
253,2473,1
253,1717,1
253,2383,1
253,2105,1
253,1030,1
253,1031,1
253,1719,1
253,2476,1
253,2108,1
253,2192,1
253,1775,1
253,2115,1
253,2209,1
253,1041,1
253,1724,1
253,1785,1
253,2120,1
253,2210,1
253,1043,1
253,1787,1
253,1788,1
253,1044,1
253,1728,1
253,2124,1
253,1798,1
253,2128,1
253,2605,1
253,2131,1
253,2255,1
253,877,1
253,2349,1
253,1730,1
253,2610,1
253,1812,1
253,1813,1
253,1731,1
253,1814,1
253,1816,1
253,1817,1
253,1823,1
253,1824,1
253,1057,1
253,2220,1
253,3080,1
253,1830,1
253,1833,1
253,1139,1
253,3081,-1
253,1839,1
253,2691,1
253,2235,1
253,2635,1
253,2266,1
253,2199,1
253,1397,1
253,3082,1
253,3083,1
253,3084,1
253,3085,1
253,3086,1
253,2584,1
253,259,1
253,439,1
253,445,1
253,459,1
254,3293,1
254,1916,-1
254,3294,1
254,3295,-1
255,1498,1
255,1734,1
255,1173,1
255,1460,1
255,1019,1
255,995,1
255,2096,1
255,1967,1
255,3455,1
255,2586,1
255,3456,1
255,1328,1
255,258,1
255,259,1
255,281,1
255,283,1
255,291,1
255,382,1
255,400,1
255,403,1
255,413,1
255,418,1
255,421,1
255,432,1
255,454,1
255,470,1
255,480,1
255,486,1
255,537,1
255,538,1
255,549,1
255,587,1
255,588,1
255,606,1
255,615,1
255,621,1
255,704,1
255,709,1
255,720,1
255,726,1
255,789,1
255,837,1
255,851,1
255,1520,1
255,3457,1
255,3458,1
255,1025,1
255,3459,1
255,1744,1
255,1745,1
255,1746,1
255,3460,1
255,2473,1
255,3198,1
255,3461,1
255,3462,1
255,3463,1
255,2594,1
255,3464,1
255,1978,1
255,2191,1
255,1762,1
255,2107,1
255,1765,1
255,1767,1
255,929,1
255,3465,1
255,3466,1
255,862,1
255,1036,1
255,2118,1
255,2404,1
255,2193,1
255,1790,1
255,1342,1
255,865,1
255,3467,1
255,2480,1
255,3468,1
255,3469,1
255,3470,1
255,3471,1
255,3472,1
255,3473,1
255,3474,1
255,3475,1
255,3476,1
255,3477,1
255,3478,1
255,1693,1
255,3479,1
255,3480,1
255,3481,1
255,1006,1
255,2440,1
255,3482,1
255,3483,1
255,3484,1
255,3485,1
255,1147,1
255,3104,1
255,3486,1
255,3487,1
255,3488,1
255,1053,1
255,3210,1
255,3489,1
255,3063,1
255,2948,1
255,3490,1
255,3301,1
255,3491,1
255,3492,1
255,3493,1
255,3213,1
255,3494,1
255,3495,1
255,3214,1
255,3496,1
255,3497,1
255,1148,1
255,3498,1
255,3499,1
255,3500,1
255,3216,1
255,2444,1
255,2817,1
255,2733,1
255,3222,1
255,3501,1
255,3502,1
255,3503,1
255,1840,1
255,3504,1
255,3223,1
255,3505,1
255,3506,1
255,3507,1
255,3508,1
255,1846,1
255,3509,1
255,3510,1
255,3511,1
255,2232,1
255,3512,1
255,3513,1
255,3514,1
255,3515,1
255,3516,1
255,3517,1
255,3518,1
255,3237,1
255,3519,1
255,3520,1
255,3521,1
255,3522,1
255,3523,1
255,3524,1
255,3525,1
255,3526,1
255,3527,1
255,3528,1
255,3529,1
255,3530,1
255,3531,-1
255,3532,1
255,3533,1
255,3534,1
255,3535,-1
255,3536,1
255,3537,1
255,3538,1
255,3539,1
255,3540,1
255,3541,1
255,3542,1
255,3543,1
255,3003,1
255,3544,1
255,3545,1
255,3546,1
255,3547,1
255,3548,1
255,3549,1
255,3550,1
255,3551,1
255,3552,1
255,3553,-1
255,3554,1
255,3555,1
255,3011,1
255,3556,1
255,3557,1
255,3558,1
255,3559,1
255,3560,1
255,3561,1
255,3562,1
255,3563,1
255,3564,1
255,3565,1
255,3566,1
255,3567,1
255,3568,1
255,3569,1
255,3570,1
255,3571,1
255,3572,1
255,3573,1
255,3574,1
255,3575,1
255,3576,1
255,3577,1
255,3578,1
255,3579,1
255,3580,1
255,3581,1
255,3582,1
255,3583,1
255,3584,1
255,3585,1
255,3586,1
255,3587,1
255,3588,1
255,3589,1
255,3590,1
255,3591,1
255,3592,1
255,3593,1
255,3594,1
255,3595,1
255,3596,1
255,3597,1
255,3598,1
255,3599,1
255,3600,1
255,3601,1
255,3602,1
255,3603,1
255,3604,1
255,3605,1
255,3606,1
255,3607,1
255,3608,1
255,3609,1
255,3610,1
255,3611,1
255,3612,1
255,3613,1
255,3614,1
255,3615,1
255,4991,1
255,290,1
255,326,1
255,349,1
255,381,1
255,404,1
256,3436,1
256,4730,1
256,1507,1
256,2890,1
256,1477,1
256,5919,1
256,5920,1
256,5921,1
256,544,-1
256,5029,1
256,287,1
256,290,1
256,306,1
257,1966,1
257,980,1
257,4726,1
257,3776,-1
257,6419,-1
257,259,1
257,293,1
258,972,1
258,995,1
258,2096,1
258,4283,1
258,4957,1
258,767,1
258,850,-1
258,277,1
258,286,1
258,301,1
258,310,1
258,327,1
258,328,1
258,331,1
258,335,1
258,343,-1
258,349,1
258,356,1
258,413,1
258,419,1
258,427,1
258,430,1
258,441,1
258,444,1
258,445,1
258,480,1
258,490,1
258,497,1
258,503,1
258,511,1
258,520,1
258,521,1
258,522,1
258,567,1
258,604,1
258,622,1
258,626,-1
258,666,1
258,672,1
258,8334,1
258,2792,1
258,1028,-1
258,925,-1
258,3325,1
258,928,-1
258,1033,1
258,5547,1
258,2476,1
258,6463,1
258,8335,1
258,2597,1
258,2192,1
258,1039,1
258,1774,1
258,2208,1
258,2115,1
258,1721,1
258,1783,1
258,2210,1
258,2413,1
258,1788,1
258,1044,1
258,2193,1
258,1791,1
258,1190,-1
258,3060,1
258,7472,1
258,3630,1
258,8336,1
258,2306,1
258,5346,1
258,1814,1
258,8337,1
258,1816,1
258,5371,1
258,2309,1
258,2350,1
258,939,-1
258,5111,1
258,1364,1
258,8338,1
258,2225,1
258,2145,1
258,6490,1
258,8339,1
258,8340,1
258,1371,-1
258,3943,1
258,1573,1
258,2235,1
258,2635,1
258,2237,1
258,3305,1
258,3946,1
258,914,1
258,2638,1
258,3233,1
258,2268,1
258,8341,1
258,2239,1
258,8342,-1
258,8343,1
258,8344,1
258,8345,1
258,8346,1
258,5703,1
258,8347,1
258,8348,1
258,8349,1
258,8350,1
258,8351,1
258,8352,1
258,8353,1
258,8354,1
258,8355,1
258,8356,1
258,8357,1
258,8358,1
258,259,1
258,289,1
258,309,1
258,361,1
258,381,1
258,404,1
258,423,1
258,439,1
258,458,1
258,474,1
259,1494,1
259,1460,1
259,635,1
259,980,1
259,992,1
259,994,1
259,995,1
259,2096,1
259,4787,1
259,2097,1
259,2098,1
259,1017,1
259,1736,1
259,993,1
259,1023,1
259,636,1
259,1967,1
259,4874,1
259,637,1
259,3885,1
259,2786,1
259,5011,1
259,265,1
259,266,1
259,268,1
259,269,1
259,272,1
259,285,1
259,286,1
259,288,1
259,289,1
259,296,1
259,301,1
259,308,1
259,309,1
259,316,1
259,324,1
259,326,1
259,328,1
259,329,1
259,331,1
259,335,1
259,344,1
259,348,1
259,353,1
259,364,1
259,366,1
259,381,1
259,382,1
259,404,1
259,418,1
259,419,1
259,430,1
259,435,1
259,438,1
259,441,1
259,443,1
259,445,1
259,449,1
259,462,1
259,471,1
259,474,1
259,477,1
259,487,1
259,495,1
259,496,1
259,497,1
259,501,1
259,511,1
259,518,1
259,521,1
259,524,1
259,529,1
259,532,1
259,533,1
259,534,1
259,538,1
259,540,1
259,562,1
259,582,1
259,587,1
259,604,1
259,622,1
259,646,1
259,649,1
259,656,1
259,664,1
259,668,1
259,672,1
259,679,1
259,686,1
259,690,1
259,696,1
259,699,1
259,735,1
259,759,1
259,762,1
259,2787,1
259,2202,1
259,1520,1
259,10590,1
259,2681,1
259,10591,1
259,10592,1
259,10593,1
259,3457,1
259,5888,1
259,1972,1
259,4680,1
259,1024,1
259,6574,1
259,6575,1
259,10594,1
259,7515,1
259,2298,1
259,1745,1
259,2379,1
259,1329,1
259,2588,1
259,4290,1
259,4630,1
259,1746,1
259,5619,1
259,2589,1
259,1027,1
259,1716,1
259,10595,1
259,921,1
259,2381,1
259,2102,1
259,2382,1
259,1336,1
259,1718,1
259,3755,1
259,2105,1
259,1762,1
259,5983,1
259,861,1
259,3896,1
259,2109,1
259,1535,1
259,2192,1
259,1036,1
259,2110,1
259,864,1
259,1772,1
259,2388,1
259,2112,1
259,2207,1
259,2113,1
259,1774,1
259,2208,1
259,1775,1
259,2115,1
259,1041,1
259,1721,1
259,1779,1
259,2118,1
259,1723,1
259,1724,1
259,2403,1
259,1725,1
259,2404,1
259,2405,1
259,2407,1
259,1785,1
259,1786,1
259,1726,1
259,2411,1
259,2120,1
259,2210,1
259,1727,1
259,1043,1
259,2413,1
259,2414,1
259,2211,1
259,2212,1
259,1044,1
259,1339,1
259,2422,1
259,2193,1
259,2423,1
259,1790,1
259,1728,1
259,2121,1
259,2122,1
259,2213,1
259,1198,1
259,10596,1
259,2684,1
259,10597,1
259,2685,1
259,7896,1
259,2601,1
259,5622,1
259,2124,1
259,1539,1
259,6724,1
259,2686,1
259,867,1
259,1798,1
259,2437,1
259,2484,1
259,10598,1
259,3203,1
259,2127,1
259,10599,1
259,7500,1
259,1049,1
259,2131,1
259,7314,1
259,4303,1
259,5537,1
259,10600,1
259,3770,1
259,2255,1
259,7258,1
259,5035,1
259,3920,1
259,7588,1
259,2134,1
259,1730,1
259,9493,1
259,2729,1
259,2258,1
259,3105,1
259,1672,1
259,1816,1
259,2195,1
259,6550,1
259,8027,1
259,10601,1
259,1053,1
259,1054,1
259,1055,1
259,2614,1
259,5105,1
259,2948,1
259,2196,1
259,3109,1
259,10602,1
259,2899,1
259,2688,1
259,2689,1
259,2137,1
259,8061,1
259,2710,1
259,2500,1
259,2138,1
259,2513,1
259,2197,1
259,2139,1
259,1058,1
259,2538,1
259,7209,1
259,2813,1
259,1830,1
259,8190,1
259,4222,1
259,2016,1
259,10603,1
259,10604,1
259,3222,1
259,10605,1
259,3501,1
259,1080,1
259,1089,1
259,1101,1
259,1105,1
259,1106,1
259,1117,1
259,2145,1
259,2227,1
259,3663,1
259,10606,1
259,10607,1
259,10608,1
259,10609,1
259,2626,1
259,10610,1
259,2690,1
259,10611,1
259,6105,1
259,6729,1
259,9958,1
259,10612,1
259,2629,1
259,3759,1
259,2630,1
259,2232,1
259,2692,1
259,10613,1
259,2234,1
259,2235,1
259,2354,1
259,3945,1
259,5702,1
259,2693,1
259,9596,1
259,10614,1
259,8928,1
259,7455,1
259,5349,1
259,10615,1
259,5743,1
259,4342,1
259,2153,1
259,2640,1
259,2198,1
259,10616,1
259,5431,1
259,2740,1
259,7216,1
259,7789,1
259,10012,1
259,8143,1
259,2356,1
259,2357,1
259,3954,1
259,3671,1
259,10617,1
259,7797,1
259,7403,1
259,2984,1
259,10618,1
259,5806,1
259,7537,1
259,7802,1
259,2272,1
259,2839,1
259,10619,1
259,6419,1
259,10620,1
259,5183,1
259,10621,1
259,3975,1
259,10622,1
259,10623,1
259,10624,1
259,2244,1
259,10625,1
259,7266,1
259,10626,1
259,6563,1
259,10627,1
259,2750,1
259,8202,1
259,10628,1
259,4592,1
259,2781,1
259,2883,1
259,10629,1
259,10630,1
259,9805,1
259,7856,1
259,10631,1
259,10632,1
259,5526,1
259,6151,1
259,10633,1
259,10634,1
259,10635,1
259,10636,1
259,10637,1
259,10638,1
259,10639,1
259,10640,1
259,10641,1
259,10642,1
259,10643,1
260,807,-1
260,856,1
260,1227,1
260,10644,1
261,5700,1
261,3926,1
261,1260,-1
261,4371,1
262,1173,1
262,635,1
262,1507,1
262,4764,1
262,4898,1
262,263,1
262,297,1
262,299,1
262,301,1
262,326,1
262,353,1
262,361,1
262,380,-1
262,409,-1
262,411,-1
262,438,1
262,445,1
262,529,1
262,549,1
262,550,1
262,582,1
262,623,1
262,641,1
262,683,1
262,716,-1
262,719,-1
262,749,1
262,764,-1
262,824,-1
262,2681,1
262,852,1
262,1521,1
262,918,-1
262,1525,1
262,1526,1
262,921,-1
262,1179,-1
262,10645,-1
262,924,-1
262,1184,-1
262,926,-1
262,1185,-1
262,10646,-1
262,5739,-1
262,3325,1
262,6037,1
262,1978,1
262,3627,-1
262,1979,1
262,2596,1
262,6385,1
262,1034,1
262,5062,1
262,862,-1
262,1039,1
262,2392,-1
262,2253,1
262,3061,1
262,3756,1
262,10647,1
262,3633,1
262,2125,-1
262,6039,-1
262,10258,-1
262,8917,1
262,6771,-1
262,3476,1
262,1543,1
262,8978,-1
262,3100,1
262,10648,1
262,1694,-1
262,1803,-1
262,2439,-1
262,2488,-1
262,5700,1
262,878,-1
262,2894,1
262,1052,-1
262,10649,-1
262,6332,-1
262,4635,-1
262,2805,1
262,10650,1
262,10651,-1
262,2811,1
262,1554,1
262,1224,-1
262,10056,1
262,8075,-1
262,1511,1
262,8232,1
262,938,-1
262,8892,1
262,10652,-1
262,10653,1
262,2819,1
262,10654,1
262,2965,1
262,10655,-1
262,10656,-1
262,10657,1
262,10064,1
262,2447,-1
262,1238,-1
262,1241,-1
262,10352,-1
262,10658,-1
262,2028,1
262,1846,-1
262,5427,1
262,10659,1
262,6456,1
262,10660,1
262,3230,1
262,5043,1
262,910,-1
262,958,-1
262,10661,1
262,10662,-1
262,2568,-1
262,2982,1
262,10663,-1
262,1276,-1
262,1317,-1
262,1320,-1
262,10664,1
262,10665,1
262,1911,1
262,10666,1
262,10667,-1
262,10668,-1
262,7405,-1
262,10158,-1
262,10669,1
262,7537,1
262,2836,1
262,10670,-1
262,10671,1
262,5158,1
262,10672,1
262,3737,1
262,10673,1
262,10674,1
262,10675,1
262,10676,1
262,10677,1
262,10678,1
262,10464,1
262,10679,1
262,10680,1
262,10681,1
262,10682,1
262,10683,1
262,5330,1
262,1589,1
262,10684,1
262,10685,1
262,10686,1
262,10687,1
262,10688,1
262,7932,1
262,10689,1
262,10690,1
262,2840,1
262,10691,1
262,10692,1
262,10693,1
262,3133,1
262,6496,1
262,10694,1
262,10695,1
262,2452,-1
262,10696,-1
262,10697,-1
262,10698,-1
262,3531,-1
262,2046,-1
262,10699,-1
262,10644,-1
262,10279,-1
262,10700,-1
262,10701,-1
262,10702,-1
262,10703,-1
262,10704,-1
262,10705,-1
262,3134,-1
262,285,1
262,363,1
262,381,1
262,419,1
262,421,1
262,423,1
262,462,1
262,474,1
263,634,1
263,552,-1
263,1520,-1
263,10706,-1
263,10157,-1
263,10043,1
263,9802,1
263,10707,-1
263,274,1
263,290,1
263,366,1
263,421,1
263,450,1
264,1173,1
265,4842,1
265,4898,1
265,4900,1
265,1176,1
265,544,1
265,266,1
265,326,1
265,349,1
265,364,1
265,366,1
265,369,1
265,373,1
265,404,1
265,441,1
265,471,1
265,474,1
265,497,1
265,501,1
265,518,1
265,521,1
265,540,1
265,582,1
265,615,1
265,668,1
265,675,1
265,682,1
265,691,1
265,696,1
265,711,1
265,714,1
265,717,1
265,729,1
265,3091,1
265,10708,1
265,1743,1
265,10709,1
265,2190,1
265,5789,1
265,1142,1
265,1978,1
265,1718,1
265,5547,1
265,861,1
265,1036,1
265,2193,1
265,1790,1
265,2121,1
265,3366,1
265,2685,1
265,1989,1
265,10710,1
265,1995,1
265,8228,1
265,10711,1
265,3480,1
265,7587,-1
265,2727,1
265,10712,-1
265,5975,-1
265,6550,1
265,7015,1
265,3486,1
265,10713,1
265,3488,1
265,2010,1
265,4315,1
265,2196,1
265,6595,1
265,3490,1
265,5599,1
265,1058,1
265,10714,1
265,1009,1
265,1063,1
265,4641,1
265,1563,1
265,5112,1
265,2956,1
265,6289,1
265,10008,1
265,2733,1
265,9378,1
265,6104,1
265,9737,1
265,5427,1
265,10715,1
265,6666,1
265,10716,1
265,9495,1
265,6110,1
265,3230,1
265,10717,1
265,10718,1
265,10719,1
265,10143,1
265,10720,1
265,10721,1
265,10722,1
265,10723,1
265,2679,1
265,10724,1
265,3243,1
265,6606,1
265,7796,1
265,6119,1
265,5444,1
265,4372,-1
265,2047,1
265,10725,1
265,10726,1
265,10727,-1
265,10728,-1
265,5352,1
265,1602,-1
265,9720,1
265,1681,1
265,4391,1
265,10729,1
265,8661,1
265,9538,1
265,10730,1
265,4399,1
265,10731,1
265,10732,1
265,10733,1
265,4416,1
265,10734,1
265,10735,1
265,10736,1
265,10737,1
265,10738,1
265,9551,1
265,3999,1
265,10739,1
265,10740,1
265,7847,-1
265,10741,1
265,5987,1
265,10742,1
265,10743,-1
265,10744,1
265,10745,1
265,10746,1
265,5259,1
265,10747,1
265,10748,1
265,8037,1
265,10749,1
265,10750,1
265,10751,1
265,10752,1
265,10753,1
265,9357,1
265,10754,1
265,10755,1
265,10756,1
265,10757,1
265,10758,1
265,10759,1
265,10760,1
265,10761,1
265,10762,1
265,10763,1
265,10764,1
265,10765,1
265,10766,1
265,10767,1
265,10768,1
265,10769,1
265,10770,-1
266,1494,1
266,995,1
266,2096,1
266,967,1
266,807,1
266,4739,1
266,4283,1
266,285,1
266,286,1
266,288,1
266,290,1
266,291,1
266,293,1
266,301,1
266,304,1
266,308,1
266,309,1
266,310,1
266,323,1
266,324,1
266,326,1
266,327,1
266,329,1
266,335,1
266,336,1
266,344,1
266,347,1
266,348,1
266,362,1
266,364,1
266,365,1
266,366,1
266,367,1
266,381,1
266,382,1
266,404,1
266,413,1
266,418,1
266,426,1
266,430,1
266,438,1
266,439,1
266,443,1
266,445,1
266,450,1
266,458,1
266,473,1
266,474,1
266,477,1
266,480,1
266,489,1
266,490,1
266,496,1
266,497,1
266,501,1
266,511,1
266,521,1
266,532,1
266,534,1
266,535,1
266,622,1
266,630,-1
266,646,1
266,649,1
266,668,1
266,677,1
266,704,1
266,715,-1
266,716,1
266,753,1
266,764,-1
266,815,1
266,2788,-1
266,4053,1
266,7756,1
266,1740,1
266,10771,1
266,2890,1
266,2203,-1
266,1744,1
266,1745,1
266,1329,1
266,4630,1
266,7100,1
266,1523,1
266,6330,1
266,3461,1
266,2102,1
266,1532,1
266,1978,-1
266,2383,1
266,1718,1
266,860,1
266,3755,1
266,1030,1
266,1762,1
266,2476,-1
266,1764,-1
266,10772,1
266,10773,1
266,6946,1
266,3465,1
266,3777,1
266,2192,1
266,1036,1
266,1187,1
266,2207,1
266,1774,1
266,2392,1
266,1775,1
266,2115,1
266,1041,1
266,1780,1
266,2118,1
266,1723,1
266,1783,1
266,1725,1
266,1785,1
266,2120,1
266,1043,1
266,2413,1
266,1787,1
266,2212,1
266,1044,1
266,1339,1
266,1790,1
266,2121,1
266,2122,1
266,2213,1
266,1983,1
266,10774,1
266,2599,-1
266,3632,-1
266,8215,1
266,1991,1
266,2124,1
266,1539,1
266,10775,1
266,8443,1
266,6386,-1
266,1798,1
266,1995,1
266,2560,1
266,3202,1
266,931,1
266,2128,1
266,6023,1
266,2129,1
266,10776,1
266,1693,1
266,1803,1
266,2486,1
266,3481,1
266,2489,1
266,978,1
266,3770,1
266,10777,1
266,1808,1
266,5891,1
266,5416,1
266,7104,1
266,10778,1
266,2728,1
266,1729,1
266,1730,1
266,1812,1
266,3758,1
266,1814,1
266,2258,1
266,9164,1
266,2806,-1
266,7110,1
266,2137,1
266,2138,1
266,2515,1
266,1058,1
266,2541,1
266,4638,1
266,7112,1
266,2441,1
266,2309,1
266,10779,1
266,10780,1
266,8473,1
266,3064,1
266,8486,1
266,1363,1
266,8505,-1
266,2016,1
266,10781,1
266,3219,1
266,2733,1
266,7778,1
266,2621,1
266,10782,1
266,6046,-1
266,3939,-1
266,2226,1
266,2145,1
266,10783,1
266,2227,1
266,9247,1
266,10784,1
266,2029,-1
266,10612,1
266,6187,-1
266,10785,1
266,1847,1
266,2630,1
266,10659,1
266,2449,1
266,2634,1
266,2235,1
266,1848,1
266,10786,-1
266,7477,-1
266,902,1
266,10787,1
266,10788,1
266,10538,1
266,3517,1
266,2979,1
266,10789,1
266,3518,1
266,10662,1
266,10790,1
266,10791,1
266,10792,1
266,10793,1
266,10794,1
266,10795,1
266,6053,1
266,5065,1
266,10796,1
266,10069,1
266,6363,1
266,10797,1
266,1576,1
266,10798,1
266,10799,1
266,8541,1
266,10800,1
266,10801,1
266,10802,1
266,2268,1
266,1858,1
266,10803,1
266,10804,1
266,8897,1
266,7921,1
266,10805,1
266,10806,1
266,8341,1
266,8083,1
266,10807,1
266,4351,1
266,10808,1
266,10809,1
266,7216,1
266,10810,1
266,10811,1
266,7279,1
266,10812,1
266,9256,1
266,10813,1
266,10814,1
266,10815,1
266,1859,1
266,10816,1
266,10817,1
266,10818,1
266,10819,1
266,10820,1
266,9257,1
266,3849,1
266,10821,1
266,10822,1
266,10823,1
266,10824,1
266,10825,1
266,10826,1
266,10827,1
266,2038,1
266,4650,1
266,10828,1
266,10829,1
266,1577,1
266,10830,1
266,10831,1
266,10832,1
266,6794,1
266,10833,1
266,1860,1
266,8064,1
266,10834,1
266,10835,1
266,2642,1
266,10836,1
266,10722,1
266,10837,1
266,10838,1
266,10839,1
266,10840,1
266,10841,1
266,10842,1
266,3306,1
266,10843,1
266,10844,-1
266,10845,-1
266,10846,-1
266,10847,-1
266,10848,-1
266,8240,-1
266,10849,-1
266,10850,-1
266,9525,-1
266,2830,-1
266,10851,-1
266,10852,-1
266,302,1
266,328,1
267,4790,1
267,4853,-1
267,1460,-1
267,4777,1
267,4866,1
267,411,1
267,542,-1
267,715,-1
267,788,1
267,4287,1
267,7761,-1
267,1476,-1
267,865,-1
267,10853,1
267,10854,-1
267,1048,1
267,1805,1
267,10855,-1
267,3209,1
267,10856,1
267,2014,1
267,9237,-1
267,6818,1
267,10857,1
267,1165,1
267,7599,-1
267,10858,1
267,8126,1
267,7502,-1
267,7947,1
267,10859,-1
267,2061,-1
267,10860,-1
267,10861,-1
267,10862,1
267,10863,1
267,10864,1
267,327,1
267,452,1
267,474,1
268,290,1
269,635,1
269,5016,1
269,288,1
269,326,1
269,328,1
269,335,1
269,348,1
269,413,1
269,423,1
269,441,1
269,444,1
269,490,1
269,497,1
269,529,1
269,534,1
269,538,1
269,653,1
269,666,-1
269,762,-1
269,2190,1
269,1717,1
269,1718,1
269,1725,1
269,1787,1
269,1728,1
269,1052,1
269,5420,-1
269,9382,1
269,3524,1
269,10865,-1
269,309,1
269,357,1
269,362,1
269,381,1
269,404,1
269,439,1
269,445,1
269,458,1
269,459,1
269,473,1
271,3196,1
271,5087,1
271,10866,1
271,2621,1
271,8236,1
271,9245,1
271,8085,1
271,10867,1
271,10868,1
271,10869,1
271,10870,1
272,1500,1
272,3449,1
272,4283,1
272,5002,1
272,3444,-1
272,636,-1
272,4864,-1
272,287,-1
272,358,-1
272,369,1
272,428,-1
272,471,-1
272,538,1
272,540,1
272,552,-1
272,789,-1
272,809,-1
272,837,-1
272,3091,-1
272,852,1
272,1524,1
272,923,-1
272,1184,-1
272,926,-1
272,3891,-1
272,2594,-1
272,10871,-1
272,1781,-1
272,1727,-1
272,3367,1
272,2304,-1
272,1199,-1
272,1983,-1
272,4297,-1
272,9086,-1
272,1985,-1
272,9218,-1
272,2437,-1
272,10872,-1
272,2800,-1
272,3838,-1
272,1693,1
272,4062,-1
272,6477,1
272,3785,-1
272,2945,-1
272,3210,1
272,10873,1
272,1220,-1
272,10874,1
272,2615,1
272,4638,-1
272,1828,-1
272,8232,-1
272,1833,-1
272,5039,-1
272,8694,1
272,6099,-1
272,10875,-1
272,1148,1
272,10876,1
272,2817,-1
272,4273,-1
272,7779,-1
272,7525,1
272,2964,1
272,9123,-1
272,10441,1
272,10877,-1
272,2626,1
272,7635,1
272,10878,1
272,6402,1
272,10879,1
272,6457,1
272,10880,1
272,10881,-1
272,954,1
272,10882,-1
272,10883,-1
272,5311,-1
272,10884,-1
272,1304,1
272,10885,-1
272,1942,1
272,10158,-1
272,9261,1
272,9650,-1
272,1591,-1
272,10886,-1
272,9471,1
272,10887,-1
272,10285,-1
272,10888,1
272,10889,-1
272,10890,-1
272,10891,-1
272,10892,1
272,10893,1
272,8376,-1
272,10894,1
272,10895,1
272,10896,-1
272,10897,-1
272,4498,-1
272,5886,-1
272,3561,-1
272,10898,1
272,2071,-1
272,10899,1
272,10900,1
272,7847,-1
272,10901,-1
272,10902,1
272,10903,1
272,10904,1
272,10905,1
272,10906,1
272,10907,1
272,10908,1
272,10909,-1
272,10910,-1
272,10911,-1
272,10912,-1
272,10913,-1
272,10914,-1
272,10915,-1
272,10916,-1
272,10917,-1
272,10918,-1
272,10919,-1
272,10920,-1
272,10921,-1
272,5534,-1
272,354,1
272,363,1
272,404,1
273,634,1
273,347,1
273,403,1
273,435,1
273,471,1
273,538,1
273,814,1
273,851,1
273,10922,1
273,10414,1
273,2107,1
273,10923,1
273,5923,1
273,10924,1
273,10925,1
273,1695,1
273,962,1
273,3954,1
273,9968,1
273,7660,1
273,6619,1
273,10926,1
273,10927,1
273,4032,1
273,9333,1
273,10928,1
273,10929,1
273,10930,1
273,10931,1
273,10932,1
273,366,1
274,544,-1
274,4929,-1
274,277,-1
274,281,1
274,327,1
274,353,-1
274,398,1
274,471,-1
274,510,1
274,518,-1
274,522,1
274,533,-1
274,539,1
274,547,-1
274,832,-1
274,918,1
274,853,1
274,854,-1
274,5546,-1
274,2590,-1
274,3625,1
274,1530,-1
274,10374,-1
274,1035,-1
274,2209,-1
274,9085,-1
274,1986,1
274,1991,-1
274,10933,1
274,3903,1
274,3633,1
274,6386,-1
274,1168,-1
274,3907,-1
274,10934,-1
274,10935,-1
274,1047,-1
274,1048,-1
274,5369,-1
274,9224,-1
274,3640,-1
274,6949,1
274,10936,-1
274,10937,-1
274,10938,1
274,1805,-1
274,1211,1
274,10939,-1
274,10940,-1
274,10941,-1
274,6177,-1
274,2705,1
274,3492,-1
274,882,1
274,9235,-1
274,5111,-1
274,8510,-1
274,10942,-1
274,3221,1
274,7524,-1
274,10943,-1
274,885,1
274,10944,-1
274,8893,1
274,10945,1
274,10946,-1
274,3305,1
274,10947,-1
274,910,-1
274,8139,-1
274,4342,-1
274,6219,-1
274,10948,-1
274,10949,-1
274,1582,1
274,1399,-1
274,1958,1
274,7405,1
274,2573,1
274,10950,-1
274,7802,-1
274,3287,-1
274,5812,1
274,6369,-1
274,5560,-1
274,3002,-1
274,10533,1
274,10621,-1
274,8614,-1
274,8376,-1
274,10951,-1
274,10952,1
274,10953,1
274,10954,1
274,3697,-1
274,10955,1
274,10956,-1
274,10957,-1
274,10958,-1
274,10959,1
274,2087,-1
274,10960,-1
274,10961,-1
274,10962,1
274,10963,1
274,10964,-1
274,10965,-1
274,10966,-1
274,10967,-1
274,10968,-1
274,10969,-1
274,10970,-1
274,10971,-1
274,10972,-1
274,10973,-1
274,10974,-1
274,10975,-1
274,10976,-1
274,349,1
274,416,1
275,10977,1
275,10978,1
276,376,1
277,1500,1
277,3436,1
277,3442,1
277,4846,1
277,1173,1
277,1505,1
277,4739,1
277,544,-1
277,309,1
277,310,1
277,324,1
277,327,1
277,396,1
277,430,1
277,443,1
277,474,1
277,480,1
277,486,1
277,490,1
277,522,1
277,524,1
277,534,1
277,709,1
277,1744,1
277,853,1
277,1715,-1
277,1976,-1
277,1718,-1
277,1771,1
277,1777,1
277,2209,1
277,1783,1
277,1727,1
277,2486,-1
277,5891,-1
277,10979,-1
277,1585,1
277,10980,1
277,10981,1
277,285,1
277,286,1
277,326,1
277,328,1
277,348,1
277,349,1
277,357,1
277,362,1
277,364,1
277,381,1
277,404,1
277,419,1
277,423,1
277,438,1
277,439,1
277,441,1
277,459,1
277,461,1
277,462,1
277,473,1
278,985,-1
278,544,-1
278,3090,-1
278,302,1
278,484,1
278,798,1
278,1794,1
278,8443,1
278,1207,1
278,1227,1
278,10982,1
278,10983,1
278,4104,1
278,10984,1
278,10985,1
278,10986,1
278,404,1
279,636,1
279,972,1
279,619,1
279,1520,1
279,4289,1
279,1794,1
279,1541,1
279,10987,1
279,4083,1
279,6056,1
279,8219,1
279,10988,1
279,10627,1
279,4001,1
279,10989,1
279,10990,-1
280,1172,1
280,576,1
280,295,1
280,357,-1
280,765,-1
280,4630,1
280,2599,1
280,1557,1
280,10991,1
280,2624,1
280,10992,-1
280,1861,1
280,8652,1
280,1376,1
280,10993,1
280,10994,1
280,10995,1
280,10996,1
280,10997,1
280,10998,1
280,10999,1
280,11000,1
280,11001,1
280,11002,1
280,11003,-1
280,289,1
280,349,1
280,362,1
280,404,1
281,1174,-1
281,995,1
281,5294,1
281,4706,1
281,4739,1
281,310,1
281,321,1
281,326,1
281,327,1
281,330,1
281,356,1
281,381,1
281,404,1
281,413,1
281,430,1
281,438,1
281,456,1
281,496,1
281,501,1
281,521,1
281,534,1
281,566,1
281,605,1
281,668,1
281,672,1
281,716,1
281,4630,1
281,2380,1
281,1752,1
281,1756,1
281,2103,1
281,2474,1
281,10382,1
281,10396,1
281,10410,1
281,2724,1
281,2384,1
281,2597,1
281,2192,1
281,2110,1
281,2392,1
281,1724,1
281,1786,1
281,2212,1
281,1339,1
281,1342,1
281,2477,1
281,1796,1
281,1200,1
281,2124,1
281,4632,1
281,9160,1
281,6090,1
281,11004,1
281,2128,1
281,2487,1
281,10172,1
281,2002,1
281,2609,1
281,2257,1
281,1811,1
281,1731,1
281,5419,1
281,10601,1
281,3786,1
281,3924,1
281,2135,1
281,10263,1
281,2499,1
281,2507,1
281,2521,1
281,2221,1
281,2537,1
281,8231,1
281,11005,1
281,11006,1
281,1827,1
281,7901,1
281,882,1
281,2309,1
281,3731,1
281,1830,1
281,3653,1
281,7361,1
281,5574,1
281,2014,1
281,2619,1
281,3732,1
281,11007,1
281,11008,1
281,2024,1
281,2352,1
281,2227,1
281,11009,1
281,11010,1
281,11011,1
281,2264,1
281,2631,1
281,2266,1
281,9739,1
281,11012,1
281,2737,1
281,8990,1
281,5043,1
281,1170,1
281,11013,1
281,2637,1
281,10719,1
281,4649,1
281,5142,1
281,8541,1
281,2642,1
281,2697,1
281,11014,1
281,11015,1
281,11016,1
281,11017,1
281,5156,1
281,3529,1
281,11018,1
281,11019,1
281,11020,1
281,2989,1
281,11021,1
281,11022,1
281,11023,1
281,11024,1
281,3141,1
281,2053,1
281,11025,1
281,11026,1
281,4101,1
281,8186,1
281,11027,1
281,4537,1
281,11028,1
281,2171,1
281,11029,1
281,6846,1
281,11030,1
281,10623,1
281,11031,1
281,11032,1
281,3260,1
281,9628,1
281,11033,1
281,11034,1
281,11035,1
281,11036,1
281,11037,1
281,11038,1
281,11039,1
281,11040,1
281,11041,1
281,11042,1
281,11043,1
281,11044,1
281,8671,1
281,11045,1
281,6627,1
281,10630,1
281,8591,1
281,9036,1
281,11046,1
281,11047,1
281,11048,1
281,11049,1
281,11050,1
281,11051,1
281,11052,1
281,11053,1
281,11054,1
281,11055,1
281,11056,1
281,11057,1
281,11058,1
281,11059,1
281,11060,1
281,11061,1
281,11062,1
281,11063,1
281,11064,1
281,11065,1
281,11066,1
281,11067,1
281,11068,1
281,11069,1
281,11070,1
281,11071,1
281,11072,1
281,11073,1
281,11074,1
281,11075,1
281,11076,1
281,11077,1
282,3436,1
282,6633,1
283,1498,1
283,4791,-1
283,4867,1
283,366,1
283,371,1
284,587,1
284,704,1
284,11078,1
284,853,1
284,2113,1
284,936,1
284,2011,1
284,11079,-1
284,7289,1
284,10145,1
284,11080,1
284,11081,1
285,3435,1
285,286,1
285,288,1
285,301,1
285,309,1
285,326,1
285,328,1
285,335,1
285,345,1
285,356,1
285,361,1
285,381,1
285,404,1
285,419,1
285,441,1
285,444,1
285,445,1
285,450,1
285,456,1
285,458,1
285,462,1
285,473,1
285,474,1
285,480,1
285,488,1
285,490,1
285,495,1
285,497,1
285,501,1
285,520,1
285,524,1
285,529,1
285,533,1
285,549,1
285,604,1
285,627,-1
285,668,1
285,715,1
285,5303,1
285,2190,-1
285,11082,1
285,1975,1
285,2381,1
285,1757,1
285,2102,1
285,1718,1
285,1760,1
285,2476,1
285,1035,1
285,1036,1
285,1039,1
285,2207,1
285,2394,1
285,2209,1
285,1041,1
285,1721,1
285,1780,1
285,1782,1
285,1723,1
285,1783,1
285,1042,1
285,1787,1
285,2212,1
285,1788,1
285,2420,1
285,1044,1
285,2193,1
285,2423,1
285,2122,1
285,2684,1
285,3467,1
285,1538,1
285,1798,1
285,1999,-1
285,11083,-1
285,2488,-1
285,2255,1
285,5981,1
285,6480,-1
285,1729,1
285,1730,1
285,1731,1
285,1817,1
285,2197,1
285,7361,-1
285,11084,-1
285,1069,1
285,1113,-1
285,2144,1
285,1839,1
285,2628,1
285,6729,1
285,8882,1
285,10659,1
285,2151,1
285,2235,1
285,2236,1
285,9620,1
285,6273,1
285,2199,1
285,2663,1
285,1933,1
285,11085,-1
285,11086,1
285,10671,1
285,10698,-1
285,11087,-1
285,11088,-1
285,11089,1
285,11090,1
285,11091,1
285,11092,1
285,11093,-1
285,9725,-1
285,11094,-1
285,11095,-1
285,11096,-1
285,310,1
285,357,1
285,369,1
285,423,1
285,439,1
285,459,1
286,1494,1
286,2096,1
286,4283,1
286,301,1
286,309,1
286,324,1
286,326,1
286,328,1
286,335,1
286,349,1
286,355,1
286,362,1
286,381,1
286,382,1
286,404,1
286,410,1
286,413,1
286,439,1
286,441,1
286,445,1
286,449,1
286,456,1
286,474,1
286,480,1
286,495,1
286,496,1
286,497,1
286,501,1
286,511,1
286,520,1
286,534,1
286,587,1
286,622,1
286,646,1
286,668,1
286,672,1
286,679,1
286,692,1
286,696,1
286,798,1
286,2202,1
286,2681,1
286,1972,1
286,7100,1
286,921,1
286,1754,1
286,2381,1
286,2102,1
286,1031,1
286,5409,1
286,2476,1
286,2109,1
286,3777,1
286,2192,1
286,2110,1
286,1039,1
286,2207,1
286,2208,1
286,1779,1
286,1724,1
286,1725,1
286,1785,1
286,2120,1
286,2210,1
286,2211,1
286,2212,1
286,1788,1
286,1044,1
286,1728,1
286,2121,1
286,2122,1
286,2213,1
286,1539,1
286,1045,1
286,1798,1
286,3200,1
286,2131,1
286,2255,1
286,7038,1
286,2728,1
286,1730,1
286,2610,1
286,1814,1
286,11097,1
286,11098,1
286,1830,1
286,2815,1
286,3934,1
286,2733,1
286,7779,1
286,2145,1
286,2227,1
286,6602,1
286,2627,1
286,2634,1
286,2692,1
286,2235,1
286,2635,1
286,2237,1
286,2239,1
286,2199,1
286,2659,1
286,11099,1
286,11100,1
286,3131,1
286,6418,1
286,11101,1
286,3541,1
286,11102,1
286,9022,1
286,11103,1
286,11104,1
286,11105,1
286,11106,1
286,11107,1
286,289,1
286,458,1
287,774,-1
287,1173,1
287,1174,1
287,1967,1
287,319,1
287,337,1
287,444,1
287,449,1
287,800,-1
287,2890,1
287,5303,-1
287,2190,1
287,3624,-1
287,2595,1
287,2343,1
287,1765,1
287,2596,1
287,1035,-1
287,1044,1
287,1993,1
287,7394,1
287,11108,1
287,11109,1
287,10263,1
287,936,1
287,11110,1
287,11111,1
287,4320,1
287,4069,1
287,11112,1
287,1826,1
287,1557,1
287,1059,-1
287,11113,1
287,2011,1
287,8530,-1
287,2013,1
287,2016,1
287,3221,1
287,10352,-1
287,2315,1
287,9250,1
287,9768,1
287,11114,1
287,11115,-1
287,11116,-1
287,11117,-1
287,896,1
287,11118,1
287,11119,-1
287,1378,-1
287,1908,1
287,2984,1
287,11120,1
287,11121,1
287,1681,-1
287,11122,1
287,11123,1
287,11124,1
287,11041,1
287,11125,1
287,11126,1
287,11127,1
287,11128,1
287,3824,1
287,10315,-1
287,11129,1
287,11130,1
287,11131,1
288,2584,1
288,1017,1
288,301,1
288,304,1
288,309,1
288,324,1
288,326,1
288,327,1
288,328,1
288,335,1
288,336,1
288,344,1
288,348,1
288,349,1
288,356,1
288,362,1
288,364,1
288,381,1
288,390,1
288,404,1
288,419,1
288,430,1
288,439,1
288,441,1
288,444,1
288,445,1
288,450,1
288,459,1
288,473,1
288,474,1
288,488,1
288,489,1
288,490,1
288,492,1
288,495,1
288,496,1
288,501,1
288,511,1
288,521,1
288,522,1
288,529,1
288,549,1
288,604,1
288,668,1
288,709,1
288,714,1
288,765,1
288,1024,1
288,2102,1
288,1336,1
288,2474,1
288,2105,1
288,1030,1
288,2110,1
288,1039,1
288,2207,1
288,1774,1
288,1775,1
288,2209,1
288,1041,1
288,1721,1
288,1724,1
288,1785,1
288,2120,1
288,2210,1
288,1043,1
288,2211,1
288,1787,1
288,2212,1
288,2420,1
288,1728,1
288,2121,1
288,2253,1
288,867,1
288,2128,1
288,1049,1
288,2130,1
288,2131,1
288,2254,1
288,2255,1
288,1052,1
288,1729,1
288,2610,1
288,1731,1
288,2258,1
288,2135,1
288,1824,1
288,2506,1
288,1830,1
288,11132,1
288,1139,1
288,2225,1
288,2146,1
288,6729,1
288,11133,1
288,2449,1
288,2692,1
288,2151,1
288,2234,1
288,2237,1
288,11134,1
288,2738,1
288,2659,1
288,1865,1
288,2240,1
288,11135,1
288,11136,1
288,11137,1
288,3544,1
288,11138,1
288,11139,1
288,11140,1
288,289,1
288,423,1
289,635,1
289,995,1
289,1967,1
289,768,1
289,577,1
289,1501,1
289,1462,1
289,780,1
289,772,1
289,776,1
289,1023,1
289,4742,1
289,309,1
289,316,1
289,324,1
289,326,1
289,328,1
289,335,1
289,344,1
289,364,1
289,376,1
289,381,1
289,390,1
289,404,1
289,413,1
289,438,1
289,441,1
289,473,1
289,477,1
289,480,1
289,487,1
289,488,1
289,490,1
289,497,1
289,501,1
289,511,1
289,518,1
289,521,1
289,522,1
289,533,1
289,646,1
289,675,1
289,679,1
289,716,1
289,762,1
289,765,1
289,1972,1
289,1024,1
289,1025,1
289,2298,1
289,2300,-1
289,2473,1
289,1027,1
289,2382,1
289,1336,1
289,3755,1
289,2105,1
289,1030,1
289,1031,1
289,6590,1
289,1035,-1
289,1535,1
289,1036,1
289,2110,1
289,1775,1
289,1041,1
289,1723,1
289,2404,1
289,2210,1
289,2212,1
289,1538,1
289,2131,1
289,2940,1
289,11141,1
289,11142,1
289,2255,1
289,3298,1
289,1052,1
289,2610,1
289,11143,1
289,9693,1
289,11144,1
289,3210,1
289,10052,1
289,11145,1
289,3489,1
289,9505,1
289,1054,1
289,11146,1
289,11147,1
289,7521,1
289,11148,1
289,11149,1
289,5103,1
289,3107,1
289,2135,1
289,11150,1
289,11151,1
289,2716,1
289,11152,1
289,5104,1
289,11153,1
289,11154,1
289,1055,1
289,11155,1
289,11156,1
289,5371,1
289,881,1
289,11157,1
289,11158,1
289,1820,1
289,11159,1
289,11160,1
289,11161,1
289,11162,1
289,2613,1
289,2614,1
289,2496,1
289,11163,1
289,11164,1
289,11165,1
289,5105,1
289,2717,1
289,11166,1
289,11167,1
289,8980,1
289,474,1
290,1493,1
290,1504,1
290,1967,1
290,1017,1
290,1966,1
290,993,1
290,4731,1
290,4790,1
290,4845,1
290,316,1
290,323,1
290,327,1
290,345,1
290,347,1
290,353,1
290,386,1
290,389,1
290,403,1
290,411,1
290,433,1
290,477,1
290,537,1
290,547,1
290,587,1
290,684,1
290,692,1
290,696,1
290,704,1
290,711,1
290,716,1
290,718,1
290,729,1
290,744,1
290,11168,1
290,11169,1
290,1970,1
290,1520,1
290,1972,1
290,2432,1
290,10594,1
290,9614,1
290,1745,1
290,1329,1
290,853,1
290,4291,1
290,1526,1
290,3087,1
290,1754,1
290,11170,1
290,859,1
290,11171,1
290,1978,1
290,2383,1
290,2433,1
290,1031,1
290,1762,1
290,3095,-1
290,2926,1
290,11172,1
290,11173,1
290,1036,1
290,2113,1
290,3356,1
290,11174,1
290,10445,1
290,2685,1
290,9086,1
290,2305,1
290,5548,1
290,11175,1
290,5310,1
290,11176,1
290,3902,1
290,11177,1
290,930,-1
290,11178,1
290,3634,1
290,1344,1
290,3906,1
290,1145,1
290,2484,1
290,2935,1
290,6803,-1
290,11179,1
290,11180,1
290,11181,1
290,4218,1
290,2439,1
290,3782,1
290,5096,1
290,8364,1
290,5891,1
290,7722,1
290,7724,1
290,3485,1
290,9491,1
290,10939,1
290,7590,1
290,5315,1
290,4220,1
290,10601,1
290,10924,1
290,10449,1
290,10535,1
290,8921,1
290,2009,1
290,8528,1
290,11156,1
290,11159,1
290,1354,1
290,9227,1
290,3301,1
290,1823,1
290,2523,1
290,2529,1
290,7011,1
290,2309,1
290,1559,1
290,11182,1
290,11183,1
290,11184,1
290,1064,1
290,11185,1
290,4223,1
290,6288,1
290,11186,1
290,9510,1
290,943,1
290,6598,1
290,11187,1
290,2224,1
290,5422,1
290,2019,1
290,11188,1
290,8236,1
290,11189,1
290,2225,1
290,3939,1
290,2226,1
290,3506,1
290,11190,1
290,3119,-1
290,3513,1
290,7653,1
290,9495,1
290,10717,1
290,5324,1
290,11191,1
290,8138,1
290,11192,1
290,10787,1
290,3233,1
290,11193,1
290,11194,1
290,5047,1
290,4568,1
290,7789,1
290,11195,1
290,11196,1
290,5830,1
290,9386,1
290,2041,1
290,10071,1
290,11197,1
290,1277,1
290,9772,1
290,2572,1
290,6610,-1
290,11198,1
290,11199,1
290,9964,1
290,11200,1
290,7538,1
290,11201,1
290,6415,1
290,7544,1
290,7123,1
290,11202,1
290,11203,-1
290,11204,-1
290,6836,1
290,8610,1
290,9968,1
290,10587,1
290,3541,1
290,2850,1
290,11205,1
290,9696,1
290,8150,1
290,11206,1
290,11207,1
290,3985,1
290,11208,1
290,11209,1
290,11210,1
290,11211,1
290,11212,1
290,11213,1
290,5200,1
290,11214,1
290,2247,1
290,11215,1
290,11216,1
290,11217,1
290,11218,1
290,11219,1
290,11220,1
290,11221,1
290,3609,1
290,11222,1
290,11223,1
290,11224,1
290,11225,1
290,11226,1
290,10244,1
290,11227,1
290,11228,1
290,11229,1
290,10100,1
290,11230,1
290,11231,1
290,11232,1
290,5819,1
290,11233,1
290,11234,1
290,11235,1
290,8416,1
290,11236,1
290,11237,1
290,11238,1
290,11239,1
290,11240,1
290,11241,1
290,11242,1
290,11243,1
290,11244,1
290,11245,1
290,11246,1
290,11247,1
290,11248,1
290,11249,1
290,11250,1
290,11251,1
290,11252,1
290,11253,1
290,11254,1
290,11255,1
290,11256,1
290,11257,1
290,11258,1
290,11259,1
290,11260,1
290,381,1
291,4706,1
291,4782,1
291,4555,1
291,4960,1
291,335,1
291,381,1
291,403,1
291,416,1
291,476,1
292,4790,1
292,6096,1
292,6958,1
292,11261,1
292,339,1
293,3436,1
293,988,-1
293,4282,-1
293,4835,1
293,5021,1
293,300,1
293,328,1
293,330,1
293,343,1
293,386,1
293,400,1
293,409,1
293,411,1
293,413,1
293,416,1
293,419,1
293,430,1
293,433,1
293,435,1
293,454,1
293,461,1
293,487,1
293,501,1
293,515,1
293,519,1
293,521,1
293,532,1
293,555,1
293,561,-1
293,622,1
293,626,-1
293,651,-1
293,704,1
293,713,1
293,715,1
293,759,1
293,761,1
293,820,1
293,834,1
293,1972,1
293,2919,1
293,852,-1
293,6574,1
293,4055,1
293,7515,1
293,1521,-1
293,918,-1
293,1745,1
293,853,-1
293,854,1
293,2589,1
293,6801,-1
293,5546,-1
293,1027,1
293,2426,1
293,3461,1
293,856,1
293,921,1
293,3087,1
293,3624,-1
293,1754,1
293,1178,-1
293,1182,-1
293,924,-1
293,925,-1
293,926,-1
293,3625,1
293,8132,1
293,11262,1
293,8641,1
293,11263,1
293,1978,1
293,11264,-1
293,10380,1
293,9751,1
293,1762,1
293,10165,1
293,10256,-1
293,1035,-1
293,1535,1
293,11265,1
293,1536,1
293,2399,1
293,2408,1
293,1193,-1
293,2477,-1
293,9086,1
293,11266,1
293,4521,1
293,1202,-1
293,1203,1
293,4300,-1
293,4632,1
293,930,1
293,1204,-1
293,10933,1
293,11267,-1
293,2436,1
293,869,1
293,8059,1
293,6173,1
293,3906,-1
293,1799,1
293,6090,1
293,1995,1
293,2484,1
293,2560,1
293,2935,1
293,11268,1
293,1048,1
293,5369,-1
293,3781,1
293,8601,1
293,3103,1
293,2002,1
293,8918,1
293,3917,1
293,5891,-1
293,878,-1
293,1214,-1
293,8450,1
293,11269,1
293,1672,1
293,1550,1
293,5975,1
293,2005,1
293,4220,-1
293,11270,1
293,11271,1
293,1818,1
293,1215,1
293,11272,1
293,11273,1
293,9226,1
293,1354,1
293,2898,-1
293,3926,-1
293,9507,-1
293,9229,1
293,6353,1
293,2706,1
293,1556,1
293,4069,1
293,1557,1
293,1359,-1
293,7112,-1
293,11274,1
293,11275,1
293,2442,1
293,1063,-1
293,9211,1
293,4639,1
293,4222,1
293,11276,-1
293,8694,1
293,11185,1
293,6099,1
293,6288,1
293,3498,1
293,11277,-1
293,8463,-1
293,2016,-1
293,1364,1
293,2263,1
293,7594,1
293,8534,-1
293,3222,1
293,11278,1
293,10654,1
293,6103,-1
293,11279,1
293,2964,1
293,6046,1
293,1102,1
293,8697,1
293,945,1
293,885,-1
293,11280,-1
293,2026,1
293,1238,-1
293,3790,-1
293,11281,-1
293,8785,-1
293,9379,1
293,3223,1
293,11282,1
293,11283,1
293,11284,1
293,11285,1
293,11286,-1
293,8699,1
293,11287,1
293,11288,-1
293,1573,1
293,11289,-1
293,11290,1
293,11291,1
293,902,1
293,906,1
293,5805,1
293,11292,-1
293,8404,1
293,11293,1
293,11294,1
293,11295,-1
293,8541,1
293,1859,1
293,11194,1
293,3126,1
293,2042,1
293,11296,1
293,2982,-1
293,4233,1
293,5075,1
293,8818,1
293,1440,1
293,1447,-1
293,9740,-1
293,1870,1
293,1586,1
293,11297,1
293,11298,1
293,11299,1
293,9772,1
293,8904,1
293,3851,1
293,11300,1
293,3674,1
293,11301,1
293,11302,1
293,11303,1
293,11304,1
293,5153,1
293,11305,1
293,11306,1
293,8710,1
293,11307,1
293,11308,1
293,11309,1
293,1587,1
293,11310,1
293,11311,1
293,11312,1
293,11313,1
293,11314,1
293,11315,1
293,11316,1
293,11317,1
293,11318,1
293,11319,1
293,11320,1
293,11321,1
293,8405,1
293,1679,1
293,11322,1
293,11323,1
293,2741,1
293,11324,1
293,11325,1
293,9963,1
293,11326,1
293,11327,1
293,11328,1
293,11329,1
293,11330,1
293,11331,1
293,11332,1
293,11333,1
293,11334,1
293,11335,1
293,11336,1
293,11337,1
293,5328,1
293,11338,1
293,3963,1
293,11339,1
293,11340,1
293,3082,1
293,11341,1
293,6776,1
293,8711,1
293,11342,1
293,11343,1
293,2572,1
293,4090,1
293,11344,1
293,11345,1
293,2984,1
293,6828,1
293,6413,1
293,10667,1
293,11346,1
293,6057,1
293,11347,1
293,11348,1
293,9391,1
293,11349,1
293,7929,1
293,11350,1
293,11351,1
293,11352,1
293,11353,1
293,11354,1
293,11355,1
293,8542,1
293,11356,1
293,11085,1
293,8585,1
293,11357,1
293,11358,1
293,11359,1
293,5049,1
293,11360,1
293,11361,1
293,11362,1
293,11363,1
293,7535,1
293,5440,1
293,6296,1
293,11364,1
293,11365,1
293,11366,1
293,11367,1
293,11368,1
293,11369,1
293,5947,1
293,11016,1
293,11370,1
293,10618,1
293,10668,-1
293,7405,-1
293,11371,-1
293,11372,-1
293,11373,-1
293,11374,-1
293,9172,-1
293,11375,-1
293,3127,-1
293,11376,-1
293,11377,-1
293,11378,-1
293,2044,-1
293,11379,-1
293,11380,-1
293,11381,-1
293,11382,-1
293,11383,-1
293,11384,-1
293,11385,-1
293,2835,-1
293,10187,-1
293,11386,-1
293,11387,-1
293,11388,-1
293,5645,-1
293,10158,-1
293,9870,-1
293,11389,-1
293,11390,-1
293,11391,-1
293,11392,-1
293,11393,-1
293,3524,-1
293,11394,-1
293,11395,-1
293,5806,-1
293,11396,-1
293,11397,-1
293,11398,-1
293,302,1
293,357,1
293,444,1
293,474,1
294,1172,-1
294,1173,1
294,3436,-1
294,1175,1
294,4883,-1
294,4893,-1
294,1005,-1
294,4955,-1
294,576,1
294,1493,-1
294,3444,-1
294,850,1
294,2097,1
294,4952,-1
294,544,-1
294,5021,-1
294,295,-1
294,320,1
294,343,-1
294,388,-1
294,413,1
294,418,1
294,470,-1
294,488,1
294,520,1
294,562,1
294,615,1
294,619,-1
294,809,1
294,831,-1
294,832,-1
294,837,-1
294,852,1
294,6574,-1
294,2472,1
294,853,1
294,8900,1
294,2792,-1
294,5546,1
294,2190,-1
294,921,1
294,2701,-1
294,926,-1
294,11399,-1
294,1530,-1
294,6589,1
294,927,1
294,11400,-1
294,1978,1
294,5084,1
294,10417,1
294,11401,1
294,2108,1
294,11402,-1
294,1188,1
294,1727,1
294,1044,1
294,1987,-1
294,3901,-1
294,11403,-1
294,8445,1
294,1346,-1
294,10260,1
294,932,1
294,11404,1
294,11405,-1
294,2940,-1
294,3838,1
294,8777,1
294,11406,-1
294,11407,-1
294,3920,-1
294,880,1
294,7015,-1
294,6725,-1
294,1220,1
294,9761,-1
294,11408,1
294,9860,-1
294,11409,1
294,5927,-1
294,8454,1
294,11410,-1
294,2013,-1
294,6334,-1
294,11411,1
294,2224,-1
294,1567,-1
294,11412,-1
294,11413,-1
294,9243,-1
294,2967,-1
294,3291,1
294,884,-1
294,2026,1
294,6336,1
294,3663,-1
294,11414,1
294,6818,1
294,6187,-1
294,2264,1
294,8701,-1
294,5324,-1
294,3666,1
294,2637,-1
294,11415,1
294,11416,-1
294,2976,-1
294,2978,-1
294,9256,1
294,11417,-1
294,11418,-1
294,11419,-1
294,11420,1
294,1581,1
294,1382,-1
294,11421,1
294,10276,-1
294,1948,1
294,11422,1
294,11423,-1
294,11424,-1
294,1595,-1
294,11425,1
294,6612,-1
294,9625,1
294,7445,-1
294,8516,-1
294,3144,-1
294,3685,1
294,5187,1
294,4114,-1
294,11426,-1
294,4119,1
294,6849,-1
294,9408,-1
294,11427,-1
294,3698,-1
294,11428,-1
294,9982,-1
294,11429,1
294,10208,1
294,11430,1
294,5814,1
294,11431,-1
294,11432,-1
294,11433,1
294,11434,-1
294,11435,1
294,11436,-1
294,9558,-1
294,10306,-1
294,11437,1
294,11438,1
294,11439,1
294,11440,1
294,11441,1
294,11442,1
294,11443,1
294,11444,1
294,11445,1
294,11446,-1
294,7154,-1
294,11447,-1
294,11448,-1
294,11449,-1
294,4145,-1
294,11450,-1
294,11451,-1
294,11452,-1
294,11453,-1
294,11454,-1
294,11455,-1
294,11456,-1
294,11457,-1
294,11458,-1
294,11459,-1
294,11460,-1
294,11461,-1
294,11462,-1
294,11463,-1
294,11464,-1
294,11465,-1
294,11466,-1
294,11467,-1
294,11468,-1
294,11469,-1
294,11470,-1
294,11471,-1
294,11472,-1
294,11473,-1
294,11474,-1
294,11475,-1
294,11476,-1
295,1736,1
295,2587,1
295,1018,-1
295,4888,1
295,4898,1
295,307,1
295,370,1
295,411,1
295,502,1
295,547,1
295,644,1
295,683,1
295,727,-1
295,741,1
295,832,-1
295,3888,1
295,2099,1
295,1747,1
295,5546,-1
295,2590,1
295,1179,-1
295,2701,-1
295,926,-1
295,1185,-1
295,10164,1
295,1976,1
295,11477,1
295,11478,1
295,6463,1
295,11479,1
295,2596,1
295,3777,1
295,1192,-1
295,3630,1
295,2601,1
295,1201,-1
295,2435,-1
295,11480,1
295,1343,-1
295,1541,1
295,11481,1
295,9221,1
295,6804,1
295,932,-1
295,933,1
295,5318,-1
295,5537,1
295,1694,1
295,11482,1
295,1806,1
295,3922,1
295,11483,1
295,6286,1
295,1052,-1
295,9368,1
295,4635,1
295,8692,-1
295,1215,-1
295,935,-1
295,2705,1
295,1356,-1
295,2528,1
295,2530,1
295,936,-1
295,2950,1
295,1064,1
295,11484,1
295,8232,1
295,2815,1
295,11485,1
295,7474,1
295,2263,1
295,7776,1
295,7524,1
295,5790,1
295,11486,-1
295,11487,1
295,8603,-1
295,3790,-1
295,1839,1
295,11488,-1
295,947,-1
295,8785,-1
295,1242,-1
295,11489,-1
295,6336,-1
295,11490,-1
295,11491,1
295,948,-1
295,8604,1
295,11492,-1
295,1250,-1
295,3665,1
295,5878,1
295,11117,1
295,11493,1
295,11494,1
295,2973,1
295,8092,1
295,11495,1
295,11496,1
295,8896,1
295,915,-1
295,11497,1
295,11498,-1
295,8240,1
295,11499,-1
295,11500,-1
295,5152,1
295,11501,1
295,11502,-1
295,1422,-1
295,1443,-1
295,1960,1
295,6056,1
295,3524,1
295,11503,1
295,11504,-1
295,9265,1
295,3676,1
295,11505,-1
295,7540,1
295,11506,1
295,11507,1
295,3535,-1
295,11508,1
295,10195,1
295,2996,1
295,9281,1
295,11509,1
295,9970,1
295,11510,-1
295,8547,1
295,10088,1
295,11511,1
295,11512,1
295,10549,1
295,11513,1
295,11514,1
295,7413,-1
295,11515,1
295,11516,1
295,2064,1
295,11517,1
295,11518,1
295,10252,1
295,11519,1
295,11520,1
295,8379,1
295,9980,1
295,11521,1
295,11522,1
295,8618,1
295,11523,1
295,11524,1
295,11525,1
295,11526,1
295,11527,1
295,11528,1
295,11529,1
295,11530,1
295,11531,1
295,11532,1
295,11533,1
295,11534,1
295,11535,1
295,11536,1
295,11537,-1
295,11538,-1
295,11539,-1
295,11540,-1
295,11541,-1
295,10207,-1
295,11542,-1
295,11543,-1
295,366,1
295,387,1
296,1458,1
296,980,1
296,4736,1
296,4791,-1
296,3455,-1
296,4706,-1
296,3891,1
296,1535,1
296,1158,1
296,11544,1
296,11545,1
296,11546,1
296,11547,1
296,11548,1
296,438,-1
297,5026,1
299,4736,1
299,3455,-1
300,704,1
300,715,1
300,11549,1
300,10581,1
300,11550,1
300,11551,1
300,11552,1
301,1173,-1
301,1494,1
301,635,1
301,980,1
301,1023,-1
301,2096,1
301,309,1
301,356,1
301,362,1
301,404,1
301,445,1
301,497,1
301,649,1
301,696,-1
301,716,-1
301,2681,1
301,1024,-1
301,1025,-1
301,2252,1
301,921,-1
301,1039,1
301,1041,1
301,1785,1
301,1042,1
301,1788,1
301,1045,-1
301,1168,1
301,5369,1
301,5981,1
301,5420,1
301,1054,-1
301,2196,-1
301,1056,-1
301,2541,-1
301,1080,1
301,1104,-1
301,1124,-1
301,1141,-1
301,6105,1
301,11553,-1
301,2737,-1
301,9525,-1
301,3131,-1
301,7607,-1
301,11554,-1
301,11555,-1
301,11556,-1
301,11557,-1
301,302,1
301,304,1
301,310,1
301,324,1
301,326,1
301,327,1
301,328,1
301,331,1
301,335,1
301,336,1
301,348,1
301,349,1
301,361,1
301,363,1
301,366,1
301,369,1
301,373,1
301,381,1
301,419,1
301,423,1
301,430,1
301,438,1
301,439,1
301,441,1
301,444,1
301,450,1
301,456,1
301,458,1
301,459,1
301,462,1
301,474,1
301,480,1
302,992,1
302,995,1
302,4782,1
302,4976,1
302,327,1
302,404,1
302,408,1
302,631,1
302,747,1
302,831,1
302,840,1
302,10593,1
302,11558,1
302,4630,1
302,7100,1
302,854,1
302,2473,1
302,2590,1
302,921,1
302,1178,1
302,923,1
302,925,1
302,1719,1
302,2108,1
302,11172,1
302,1044,1
302,1791,1
302,1201,1
302,2216,1
302,1203,1
302,11559,1
302,6089,1
302,11560,1
302,1047,1
302,2127,1
302,7500,1
302,1209,1
302,3326,1
302,4064,1
302,7104,1
302,2257,1
302,1550,1
302,9164,1
302,1817,1
302,2806,1
302,3786,1
302,10713,1
302,7070,1
302,2138,1
302,2521,1
302,937,1
302,10866,1
302,1227,1
302,8892,1
302,11561,1
302,11562,1
302,3215,1
302,7907,1
302,942,1
302,8514,1
302,4644,1
302,6598,1
302,3936,1
302,11132,1
302,5115,1
302,3938,1
302,1089,1
302,1136,1
302,944,1
302,3503,1
302,6602,1
302,9768,1
302,11563,1
302,2229,1
302,949,1
302,11564,1
302,11565,1
302,11566,1
302,5311,1
302,11567,1
302,11568,1
302,11569,1
302,10836,1
302,1269,1
302,11570,1
302,11571,1
302,1320,1
302,11318,1
302,10667,1
302,7405,1
302,8653,1
302,11572,1
302,11573,1
302,11574,1
302,11575,1
302,11576,1
302,3678,1
302,11577,1
302,5950,1
302,10727,1
302,5051,1
302,11578,1
302,11579,1
302,11580,1
302,11581,1
302,11582,1
302,6062,1
302,8661,1
302,11583,1
302,11584,1
302,11585,1
302,11586,1
302,11587,1
302,11588,1
302,2060,1
302,1683,1
302,8589,1
302,11589,1
302,11590,1
302,11591,1
302,11592,1
302,2747,1
302,11593,1
302,11594,1
302,11595,1
302,11596,1
302,3017,1
302,11597,1
302,3570,1
302,11598,1
302,11599,1
302,5218,1
302,11600,1
302,9024,1
302,11601,1
302,11602,1
302,11603,1
302,11604,1
302,9673,1
302,5221,1
302,11605,1
302,5228,1
302,5277,1
302,11606,1
302,11607,1
302,11608,1
302,11609,1
302,11610,1
302,11611,1
302,11612,1
302,11613,1
302,11614,1
302,11615,1
302,9157,1
302,11616,1
302,11617,1
302,11618,1
302,11619,1
302,11620,1
302,11621,1
302,11622,1
302,11623,1
302,11624,1
302,11625,1
302,11626,1
302,11627,1
302,11628,1
302,11629,1
302,11630,1
302,11631,1
302,11632,1
302,11633,1
302,11634,1
302,11635,1
302,11636,1
302,11637,1
302,11638,1
302,11639,1
302,11640,1
302,11641,1
302,11642,1
304,4739,1
304,1967,1
304,1174,1
304,1500,1
304,1017,1
304,850,1
304,309,1
304,310,1
304,324,1
304,327,1
304,328,1
304,335,1
304,356,1
304,363,1
304,366,1
304,369,1
304,381,1
304,398,1
304,404,1
304,413,1
304,419,1
304,443,1
304,444,1
304,450,1
304,455,1
304,458,1
304,480,1
304,488,1
304,501,1
304,520,1
304,522,1
304,529,1
304,533,1
304,534,1
304,626,1
304,628,1
304,672,1
304,683,1
304,789,1
304,798,1
304,809,1
304,816,1
304,828,1
304,1972,1
304,1024,1
304,853,1
304,919,1
304,2190,1
304,2100,1
304,1749,1
304,1716,1
304,2101,1
304,921,1
304,857,1
304,1177,1
304,922,1
304,1028,1
304,1179,1
304,923,1
304,1181,1
304,1182,1
304,1183,1
304,3333,1
304,924,1
304,2701,1
304,11643,1
304,858,1
304,1184,1
304,926,1
304,1185,1
304,5739,1
304,9847,1
304,1332,1
304,2702,1
304,1978,1
304,2474,1
304,2104,1
304,1030,1
304,2476,1
304,1036,1
304,2110,1
304,2209,1
304,2398,1
304,1781,1
304,1724,1
304,2120,1
304,2212,1
304,1728,1
304,2121,1
304,1190,1
304,1192,1
304,1194,1
304,1793,1
304,1197,1
304,1198,1
304,1202,1
304,1203,1
304,1206,1
304,2687,1
304,11644,1
304,5766,1
304,2254,1
304,8450,1
304,1730,1
304,1811,1
304,1812,1
304,7305,1
304,1216,1
304,1217,1
304,6725,1
304,1219,1
304,2196,1
304,1221,1
304,935,1
304,6552,1
304,1222,1
304,2138,1
304,11111,1
304,1224,1
304,4638,1
304,11645,1
304,1228,1
304,8457,1
304,6484,1
304,945,1
304,11646,1
304,1233,1
304,11647,1
304,1236,1
304,9123,1
304,8603,1
304,1238,1
304,947,1
304,1844,1
304,1246,1
304,949,1
304,1249,1
304,9865,1
304,1254,1
304,1259,1
304,2655,1
304,11648,1
304,1582,1
304,1311,1
304,1586,1
304,11326,1
304,11391,1
304,9529,1
304,9650,1
304,11649,1
304,11650,1
304,11651,1
304,11652,1
304,5900,1
304,9394,1
304,11653,1
304,2169,1
304,11654,1
304,11655,1
304,11656,1
304,11657,1
304,6065,1
304,11658,1
304,11659,1
304,4667,1
304,11660,1
304,11661,1
304,6675,1
304,8573,1
304,10306,1
304,11662,1
304,11663,1
304,11664,1
304,11665,1
304,11666,1
304,11667,1
304,11668,1
304,11669,1
304,11670,1
304,11671,1
304,11672,1
304,11673,1
304,349,1
304,474,1
305,5291,1
305,4735,1
305,4809,-1
305,4286,1
305,545,1
305,614,1
305,728,1
305,2788,1
305,1523,-1
305,3776,-1
305,2301,1
305,2109,1
305,1768,1
305,2112,-1
305,1039,-1
305,2599,1
305,5520,-1
305,11674,1
305,2798,1
305,7516,1
305,11675,1
305,871,1
305,8917,1
305,3476,-1
305,11676,1
305,8901,1
305,11677,1
305,6725,1
305,11159,1
305,1220,-1
305,6595,1
305,2513,1
305,3212,1
305,3731,1
305,10139,-1
305,11678,1
305,2961,1
305,2962,1
305,1366,1
305,11679,-1
305,11680,1
305,6406,-1
305,11681,1
305,5149,1
305,2041,1
305,11682,-1
305,5791,1
305,1375,-1
305,6351,1
305,7124,1
305,3251,1
305,4385,-1
305,11683,1
305,11684,1
305,11685,1
305,2910,1
305,11686,1
305,11687,-1
305,11688,1
305,11689,1
305,11690,1
305,11691,1
305,11692,1
305,10900,1
305,11693,1
305,11694,1
305,11695,1
305,11696,1
305,11697,1
305,11698,1
305,11699,1
305,11700,1
305,11701,1
305,11702,1
305,11703,1
305,11704,-1
305,11705,-1
305,11706,-1
305,11707,-1
305,11708,-1
306,1173,1
306,577,-1
306,1020,-1
306,4883,-1
306,4898,1
306,854,1
306,2479,1
306,1668,1
306,9949,1
306,1798,1
306,6091,-1
306,1048,1
306,1802,1
306,1349,1
306,7110,1
306,11411,-1
306,2352,1
306,948,-1
306,1169,-1
306,11709,1
306,9257,1
306,11710,-1
306,11711,1
306,10242,1
306,11712,1
306,7946,1
306,11713,-1
307,1461,1
307,985,1
307,995,1
307,11714,1
307,11715,1
307,366,1
307,403,1
308,1714,1
308,807,1
308,310,1
308,329,1
308,335,1
308,336,1
308,348,1
308,356,1
308,364,1
308,381,1
308,450,1
308,762,1
308,2105,1
308,5368,1
308,2396,1
308,1794,1
308,6172,1
308,2728,1
308,1730,1
308,8970,1
308,1814,1
308,11716,1
308,11717,1
308,11718,1
308,11719,1
308,309,1
308,357,1
308,363,1
308,404,1
308,441,1
308,473,1
308,474,1
309,1494,1
309,635,1
309,995,1
309,2096,1
309,1967,1
309,4283,1
309,577,1
309,1173,1
309,324,1
309,326,1
309,328,1
309,329,1
309,335,1
309,344,1
309,348,1
309,349,1
309,356,1
309,364,1
309,381,1
309,382,1
309,404,1
309,413,1
309,430,1
309,438,1
309,441,1
309,444,1
309,445,1
309,450,1
309,456,1
309,458,1
309,459,1
309,474,1
309,477,1
309,480,1
309,487,1
309,488,1
309,490,1
309,496,1
309,497,1
309,501,1
309,511,1
309,520,1
309,521,1
309,529,1
309,533,1
309,534,1
309,604,1
309,622,1
309,646,1
309,649,1
309,668,1
309,672,1
309,675,1
309,679,1
309,690,1
309,696,1
309,709,1
309,714,1
309,716,1
309,762,1
309,2202,1
309,1972,1
309,1024,1
309,1025,1
309,2252,1
309,1716,1
309,921,1
309,2381,1
309,2102,1
309,1336,1
309,1718,1
309,2105,1
309,1030,1
309,1031,1
309,2476,1
309,2597,1
309,2109,1
309,1035,1
309,1535,1
309,1036,1
309,2110,1
309,2388,1
309,1039,1
309,2207,1
309,1774,1
309,1775,1
309,2115,1
309,1041,1
309,1721,1
309,2118,1
309,1723,1
309,1783,1
309,1725,1
309,2404,1
309,1785,1
309,1726,1
309,2120,1
309,2210,1
309,1043,1
309,2211,1
309,1787,1
309,2212,1
309,1044,1
309,2193,1
309,1790,1
309,2121,1
309,2122,1
309,2214,1
309,2124,1
309,1539,1
309,1045,1
309,1798,1
309,2437,1
309,932,1
309,2128,1
309,1049,1
309,2129,1
309,2131,1
309,2255,1
309,1807,-1
309,1730,1
309,2258,1
309,1816,1
309,2135,1
309,1055,1
309,2196,1
309,2500,1
309,2138,1
309,2197,1
309,2139,1
309,2534,1
309,1058,1
309,2541,1
309,1830,1
309,11720,1
309,1080,1
309,2145,1
309,5632,1
309,2627,1
309,2690,1
309,3759,1
309,2692,1
309,2234,1
309,2235,1
309,11721,1
309,5702,1
309,1853,1
309,10615,1
309,4565,1
309,2153,1
309,2640,1
309,2268,1
309,2643,1
309,4629,1
309,2747,1
309,11722,1
309,11723,-1
309,11436,-1
309,310,1
309,327,1
309,357,1
309,419,1
309,423,1
310,1494,1
310,995,1
310,4283,1
310,3772,1
310,1017,1
310,4739,1
310,324,1
310,328,1
310,335,1
310,348,1
310,349,1
310,356,1
310,364,1
310,381,1
310,404,1
310,413,1
310,443,1
310,444,1
310,450,1
310,456,1
310,458,1
310,473,1
310,474,1
310,480,1
310,488,1
310,501,1
310,521,1
310,522,1
310,533,1
310,534,1
310,604,1
310,622,1
310,672,1
310,798,1
310,825,1
310,1749,1
310,1717,1
310,1752,1
310,921,1
310,2104,1
310,1760,1
310,2105,1
310,1719,1
310,2597,1
310,2110,1
310,2111,1
310,2114,1
310,2394,1
310,1721,1
310,1780,1
310,1723,1
310,1724,1
310,2119,1
310,1783,1
310,1725,1
310,1726,1
310,1727,1
310,2212,1
310,2422,1
310,1791,1
310,1802,1
310,2349,1
310,1730,1
310,879,1
310,1812,1
310,1731,1
310,11111,1
310,1831,1
310,2627,1
310,11724,1
310,2736,1
310,2265,1
310,2266,1
310,11725,1
310,2666,1
310,11398,1
310,11726,1
310,11727,1
310,11728,1
310,11729,1
310,3142,1
310,2744,1
310,11730,1
310,7132,1
310,11731,1
310,11732,1
310,11733,1
310,11734,1
310,11735,1
310,423,1
310,439,1
311,11736,1
311,11737,1
312,4281,1
312,2918,1
312,365,1
312,404,1
312,411,1
312,438,1
312,499,1
312,540,1
312,547,1
312,816,-1
312,11738,1
312,2379,1
312,854,1
312,2190,1
312,1716,1
312,856,-1
312,3087,1
312,2701,-1
312,1184,-1
312,1185,-1
312,1762,1
312,10773,1
312,2402,1
312,4521,1
312,866,-1
312,2931,1
312,1538,1
312,1144,-1
312,2933,1
312,11739,1
312,11740,-1
312,10648,1
312,3838,1
312,2606,1
312,2133,1
312,2005,-1
312,7015,-1
312,3785,1
312,3301,1
312,1223,1
312,11741,1
312,4079,1
312,10352,-1
312,4084,-1
312,11742,1
312,1572,1
312,11743,1
312,3515,-1
312,10823,1
312,11744,-1
312,5327,-1
312,11571,1
312,8819,1
312,1586,1
312,11745,-1
312,5444,1
312,6346,-1
312,11746,1
312,7936,-1
312,11747,1
312,11748,-1
312,5558,1
312,11749,1
312,11750,1
312,11751,-1
312,11752,1
312,10298,1
312,11753,1
312,11754,1
312,11755,1
312,11756,1
312,11757,1
312,11758,1
312,11759,1
312,3697,1
312,11760,1
312,11761,1
312,11762,-1
312,11763,-1
312,11764,-1
312,11765,-1
312,11766,-1
312,11767,-1
312,11768,-1
312,11769,-1
312,11770,-1
312,11771,-1
313,4948,-1
313,587,1
313,599,-1
313,762,-1
313,11772,-1
313,852,-1
313,3776,-1
313,1985,-1
313,3901,-1
313,11773,1
313,3476,-1
313,2307,-1
313,5981,-1
313,5420,-1
313,11774,-1
313,2951,1
313,5376,1
313,8192,-1
313,2828,-1
313,11775,-1
313,11776,-1
313,2837,-1
313,6018,-1
313,7221,-1
313,11777,1
313,10362,-1
313,11778,-1
313,11779,1
313,11780,-1
313,11781,-1
315,11782,1
316,982,1
316,992,1
316,4726,1
316,4730,1
316,3772,1
316,11783,1
317,345,1
317,538,1
317,11784,1
317,11224,1
317,11785,1
317,11786,-1
317,484,1
318,1745,1
318,3462,1
318,2479,-1
318,1802,1
318,2134,1
318,11787,1
318,3131,1
318,11788,1
318,9098,1
318,11789,1
318,11790,1
318,11791,1
318,11792,1
318,6066,1
318,9795,1
318,10109,1
318,11793,1
318,11794,1
319,1172,1
319,1507,1
319,396,-1
319,926,-1
319,7893,-1
319,2191,1
319,1202,-1
319,4635,-1
319,936,-1
319,9122,-1
319,3305,-1
319,3238,1
319,6610,1
319,9394,-1
319,11795,-1
319,11796,1
319,11797,1
319,11798,1
319,11799,1
319,11800,1
319,11801,1
319,11802,-1
319,5077,-1
319,404,1
320,3436,1
320,404,1
321,1494,1
321,335,1
321,348,1
321,349,1
321,356,1
321,364,1
321,381,1
321,419,1
321,439,1
321,450,1
321,456,1
321,488,1
321,501,1
321,524,1
321,1718,1
321,1760,1
321,1030,1
321,2212,1
321,11803,1
321,1812,1
321,1139,1
321,884,-1
321,2360,1
321,11804,1
321,11805,1
321,423,1
322,1736,1
322,4553,1
322,1044,1
322,11806,1
322,3487,1
322,1227,1
322,2313,-1
322,11807,1
322,7782,1
322,6555,1
322,11808,1
322,11791,-1
322,3021,1
322,11809,1
322,11810,1
322,324,1
322,366,1
322,387,1
322,484,1
323,4787,1
323,1460,1
323,1023,1
323,4762,1
323,403,1
323,711,1
323,741,1
323,11811,1
323,11812,1
323,11813,1
323,2298,1
323,3888,1
323,11814,1
323,3893,1
323,5087,1
323,1993,1
323,11815,1
323,3908,1
323,3476,1
323,7453,1
323,11816,1
323,2006,1
323,11817,1
323,1053,1
323,5103,1
323,5105,1
323,10351,1
323,6810,1
323,2196,1
323,1824,1
323,5844,1
323,8075,1
323,11818,1
323,10987,1
323,11819,1
323,11820,1
323,9494,1
323,8091,1
323,7319,1
323,6192,1
323,11821,1
323,11822,1
323,11823,1
323,11824,1
323,11825,1
323,6006,1
323,5869,1
323,6220,1
323,4356,1
323,4651,1
323,7457,1
323,8808,1
323,2906,1
323,11317,1
323,11826,1
323,2837,1
323,4369,1
323,7807,1
323,6557,1
323,11827,1
323,11828,1
323,3534,1
323,11829,1
323,4375,1
323,11830,1
323,11831,1
323,11832,1
323,11833,1
323,6836,1
323,6839,1
323,11834,1
323,11790,1
323,11835,1
323,11836,1
323,11837,1
323,11838,1
323,11839,1
323,3006,1
323,11840,1
323,4481,1
323,5562,1
323,11841,1
323,11842,1
323,2363,1
323,11843,1
323,6746,1
323,11844,1
323,7421,1
323,11845,1
323,11846,1
323,7195,1
323,6428,1
323,3164,1
323,11847,1
323,7254,1
323,4543,1
323,11848,1
323,11849,1
323,8071,1
323,11850,1
323,7333,1
323,11851,1
323,6029,1
323,6160,1
323,6983,1
323,7085,1
323,7336,1
323,8214,1
323,11852,1
323,11853,1
323,11854,1
323,11855,1
323,11856,1
323,11857,1
323,9070,1
323,11858,1
323,11859,1
323,11860,1
323,11861,1
323,11862,1
323,11863,1
323,11864,1
323,11865,1
323,11866,1
323,11867,1
323,11868,1
323,11869,1
323,11870,1
323,11871,1
323,11872,1
323,11873,1
323,11874,1
323,11875,1
323,11876,1
323,11877,1
323,11878,1
323,11879,1
323,11880,1
323,11881,1
323,11882,1
323,11883,1
323,11884,1
323,11885,1
323,11886,1
323,11887,1
323,11888,1
323,11889,1
323,11890,1
324,1500,1
324,635,1
324,544,-1
324,577,1
324,1457,1
324,850,1
324,2097,1
324,326,1
324,328,1
324,335,1
324,344,1
324,348,1
324,357,1
324,364,1
324,373,1
324,381,1
324,404,1
324,413,1
324,431,1
324,441,1
324,443,1
324,445,1
324,450,1
324,458,1
324,473,1
324,474,1
324,480,1
324,488,1
324,489,1
324,495,1
324,496,1
324,501,1
324,520,1
324,521,1
324,522,1
324,524,1
324,622,1
324,649,1
324,672,1
324,675,1
324,709,1
324,762,1
324,789,1
324,798,1
324,10594,1
324,1026,1
324,1745,1
324,4557,1
324,1181,1
324,858,1
324,6547,1
324,2102,1
324,2474,1
324,1030,1
324,1031,1
324,2597,1
324,2109,1
324,1535,1
324,1036,1
324,1772,1
324,1720,1
324,2209,1
324,2117,1
324,1781,1
324,2118,1
324,1724,1
324,1042,1
324,2210,1
324,1043,1
324,1787,1
324,1788,1
324,1044,1
324,1342,1
324,2685,1
324,4298,1
324,8215,1
324,1539,1
324,1206,1
324,2125,1
324,11891,1
324,3472,1
324,2934,1
324,3203,1
324,2128,1
324,11892,1
324,2130,1
324,1803,1
324,2489,1
324,2348,1
324,2492,1
324,1729,1
324,2349,1
324,10262,1
324,1731,1
324,1814,1
324,4315,1
324,2947,1
324,3926,1
324,2137,1
324,1222,1
324,2138,1
324,2139,1
324,8643,1
324,2309,1
324,1830,1
324,3219,1
324,1101,1
324,11893,1
324,11894,1
324,2151,1
324,2235,1
324,1848,1
324,2237,1
324,11895,1
324,2776,1
324,10881,1
324,958,1
324,960,1
324,2640,1
324,11896,1
324,6363,1
324,2155,1
324,5554,1
324,11897,1
324,1427,1
324,11898,1
324,9391,1
324,11379,1
324,3524,1
324,11899,1
324,11900,1
324,4092,1
324,11020,1
324,6738,1
324,11901,1
324,8088,1
324,11902,1
324,11903,1
324,11904,1
324,11905,1
324,3146,1
324,8550,1
324,11906,1
324,10240,1
324,11907,1
324,11908,1
324,11909,1
324,11910,1
324,11911,1
324,11912,1
324,11913,1
324,11914,1
324,11915,1
324,11916,1
324,11917,1
324,11918,1
324,11919,1
324,11920,1
324,11921,1
324,11922,1
324,11923,1
324,349,1
324,419,1
324,423,1
324,439,1
324,444,-1
325,3451,1
325,2890,1
325,4295,1
325,9163,1
325,2853,1
325,8104,1
325,11924,1
325,11925,1
326,1494,1
326,635,1
326,2096,1
326,1017,1
326,850,1
326,1328,1
326,328,1
326,331,1
326,335,1
326,348,1
326,349,1
326,364,1
326,373,1
326,381,1
326,404,1
326,430,1
326,438,1
326,439,1
326,441,1
326,444,1
326,445,1
326,450,1
326,456,1
326,458,1
326,462,1
326,473,1
326,474,1
326,488,1
326,492,1
326,495,1
326,496,1
326,497,1
326,501,1
326,508,1
326,511,1
326,518,1
326,520,1
326,521,1
326,522,1
326,529,1
326,649,1
326,765,1
326,798,1
326,815,1
326,2202,1
326,10255,-1
326,1745,1
326,853,1
326,920,1
326,2252,1
326,1975,1
326,2476,1
326,1035,1
326,1036,1
326,1039,1
326,1774,1
326,2208,1
326,1775,1
326,2115,1
326,2209,1
326,1721,1
326,2118,1
326,1723,1
326,1783,1
326,2405,1
326,1042,1
326,2120,1
326,2378,1
326,2211,1
326,1787,1
326,1788,1
326,2420,1
326,2121,1
326,1795,1
326,2215,1
326,1049,1
326,1693,1
326,1730,1
326,1731,1
326,1814,1
326,1058,1
326,10714,1
326,6482,1
326,1363,1
326,1089,1
326,2628,1
326,4227,1
326,8339,1
326,11926,1
326,2151,1
326,2236,1
326,9495,1
326,11927,1
326,2641,1
326,1399,1
326,1923,1
326,9013,1
326,4413,1
326,11928,1
326,11929,1
326,11930,1
326,5717,1
326,11931,1
326,11932,-1
326,327,1
326,459,1
327,1494,1
327,1460,1
327,995,1
327,4883,-1
327,635,1
327,2587,1
327,335,1
327,336,1
327,348,1
327,349,1
327,356,1
327,364,1
327,366,1
327,381,1
327,382,1
327,390,1
327,392,1
327,404,1
327,441,1
327,443,1
327,444,1
327,450,1
327,456,1
327,458,1
327,473,1
327,474,1
327,477,1
327,488,1
327,489,1
327,496,1
327,501,1
327,508,1
327,511,1
327,521,1
327,524,1
327,532,1
327,664,1
327,665,1
327,668,1
327,709,1
327,714,1
327,920,1
327,2101,1
327,921,1
327,1718,1
327,2474,1
327,10377,1
327,860,1
327,1760,1
327,2191,1
327,1763,1
327,1979,1
327,2476,1
327,1765,1
327,11933,1
327,1535,1
327,2110,1
327,2113,1
327,2114,1
327,1775,1
327,2115,1
327,1041,1
327,2119,1
327,1783,1
327,1786,1
327,1787,1
327,1044,1
327,2193,1
327,1790,1
327,2121,1
327,2303,1
327,11934,1
327,1797,1
327,2604,1
327,11935,1
327,2128,1
327,2605,1
327,1670,1
327,1803,1
327,2486,1
327,5095,1
327,10600,1
327,2255,1
327,2133,1
327,11936,1
327,2257,1
327,1052,1
327,2728,1
327,2349,1
327,2610,1
327,1731,1
327,1816,1
327,1817,1
327,1818,1
327,6725,1
327,3786,1
327,3107,1
327,1552,1
327,2138,1
327,2221,1
327,1058,1
327,7111,1
327,1225,1
327,2222,1
327,1827,1
327,3731,1
327,8902,1
327,1009,1
327,3080,1
327,1830,1
327,2951,1
327,2140,1
327,11937,1
327,6334,1
327,11938,1
327,943,1
327,7594,1
327,11008,1
327,2312,1
327,5121,1
327,6603,1
327,5122,1
327,2147,1
327,3759,1
327,2232,1
327,2631,1
327,2151,1
327,2235,1
327,5878,1
327,2266,1
327,11939,1
327,9739,1
327,10715,1
327,11566,1
327,1853,1
327,3516,1
327,10797,1
327,1859,1
327,10832,1
327,7217,1
327,6243,1
327,2199,1
327,2666,1
327,7922,1
327,8652,1
327,7930,1
327,10950,1
327,5168,1
327,6965,1
327,7940,1
327,7129,1
327,11940,1
327,11710,1
327,11928,1
327,11941,1
327,5200,1
327,2244,1
327,6619,1
327,5203,1
327,11942,1
327,6856,1
327,11943,1
327,11944,1
327,8671,1
327,11945,1
327,11946,1
327,11947,1
327,11948,1
327,11949,1
327,11950,1
327,11951,1
327,11952,1
327,423,1
328,1494,1
328,1495,1
328,1500,1
328,634,1
328,635,1
328,1714,1
328,850,1
328,995,1
328,1967,1
328,577,1
328,335,1
328,344,1
328,348,1
328,349,1
328,356,1
328,361,1
328,364,1
328,381,1
328,382,1
328,390,1
328,404,1
328,413,1
328,419,1
328,430,1
328,438,1
328,439,1
328,441,1
328,443,1
328,444,1
328,445,1
328,450,1
328,456,1
328,458,1
328,462,1
328,473,1
328,474,1
328,480,1
328,487,1
328,488,1
328,490,1
328,492,1
328,495,1
328,496,1
328,497,1
328,501,1
328,511,1
328,518,1
328,519,1
328,521,1
328,522,1
328,524,1
328,529,1
328,533,1
328,534,1
328,561,1
328,604,1
328,622,1
328,646,1
328,668,1
328,675,1
328,679,1
328,690,1
328,696,1
328,735,1
328,789,1
328,814,1
328,2202,1
328,2681,1
328,10593,1
328,1744,1
328,853,1
328,920,1
328,1749,1
328,1715,1
328,1716,1
328,2204,1
328,1717,1
328,11953,1
328,2381,1
328,926,-1
328,2102,1
328,1718,1
328,2474,1
328,1760,1
328,2723,1
328,2105,1
328,1719,1
328,2476,1
328,2108,1
328,2597,1
328,1036,1
328,2110,1
328,864,1
328,1772,1
328,2112,1
328,1039,1
328,2207,1
328,2113,1
328,1773,1
328,1774,1
328,1775,1
328,2115,1
328,2209,1
328,1041,1
328,1721,1
328,1779,1
328,1780,1
328,2118,1
328,1722,1
328,1723,1
328,1724,1
328,2119,1
328,1784,1
328,1785,1
328,1786,1
328,1726,1
328,2411,1
328,2120,1
328,2210,1
328,2344,1
328,1727,1
328,1043,1
328,2211,1
328,1787,1
328,2212,1
328,2418,1
328,1788,1
328,1044,1
328,1789,1
328,2422,1
328,2193,1
328,2423,1
328,1790,1
328,1728,1
328,2122,1
328,2213,1
328,3296,1
328,2216,1
328,1539,1
328,1797,1
328,1798,1
328,8774,1
328,2128,1
328,1049,1
328,2130,1
328,2131,1
328,1802,1
328,1803,1
328,2255,1
328,878,1
328,2728,1
328,1729,1
328,2349,1
328,1730,1
328,1812,1
328,1814,1
328,2258,1
328,1054,1
328,1823,1
328,2500,1
328,9236,1
328,1080,1
328,1089,1
328,1117,1
328,2225,1
328,2145,1
328,1839,1
328,2147,1
328,1844,1
328,2149,-1
328,3228,1
328,2735,1
328,2629,1
328,3759,1
328,2630,1
328,2264,1
328,2632,1
328,2692,1
328,2151,1
328,11954,1
328,2234,1
328,2235,1
328,2635,1
328,2237,1
328,9495,1
328,2153,1
328,2638,1
328,2639,1
328,2640,1
328,2198,1
328,2268,1
328,1860,1
328,2270,1
328,2199,1
328,8342,-1
328,3131,1
328,11728,1
328,11955,1
328,5167,1
328,11956,1
328,2744,1
328,9496,1
328,11957,1
328,2365,1
328,2750,1
328,11958,1
328,11959,-1
328,357,1
328,363,1
328,423,1
328,459,1
329,331,1
329,348,1
329,356,1
329,381,1
329,382,1
329,404,1
329,456,1
329,474,1
329,496,1
329,521,1
329,534,1
329,668,1
329,672,1
329,675,1
329,2202,1
329,2681,1
329,2252,1
329,2105,1
329,11960,1
329,1037,1
329,1039,1
329,1775,1
329,1721,1
329,1723,1
329,2120,1
329,2212,1
329,1788,1
329,2193,1
329,2121,1
329,2213,1
329,11961,1
329,1798,1
329,2255,1
329,2309,1
329,4644,1
329,1085,1
329,2225,1
329,11962,1
329,2145,1
329,2227,1
329,11009,1
329,2627,1
329,6729,1
329,2237,1
329,5064,1
329,2153,1
329,2639,1
329,2640,1
329,11963,1
329,8434,1
329,11956,1
329,11964,1
329,11137,1
329,2746,1
329,11211,1
329,11965,1
329,11966,1
329,450,1
330,995,1
330,1173,1
330,432,1
330,677,-1
330,2190,1
330,1764,1
330,1036,1
330,1188,-1
330,2933,1
330,3326,-1
330,1007,-1
330,877,1
330,4527,-1
330,5372,1
330,1833,1
330,11967,-1
330,948,-1
330,5044,-1
330,11968,1
330,11969,1
330,11970,1
330,4247,1
330,3058,-1
330,11971,1
330,11972,1
330,11973,1
330,11974,-1
330,11975,-1
330,11976,-1
330,11977,-1
330,404,1
331,1494,1
331,335,1
331,381,1
331,382,1
331,441,1
331,444,1
331,480,1
331,497,1
331,529,1
331,2202,1
331,1972,1
331,1036,1
331,2388,1
331,1039,1
331,1723,1
331,2404,1
331,2120,1
331,3467,1
331,2216,1
331,2130,1
331,2270,1
331,404,1
331,445,1
332,2108,-1
332,2726,-1
332,11978,1
332,8456,-1
332,10725,1
333,1739,1
333,347,1
333,361,1
333,851,1
333,930,1
333,11979,1
333,2488,1
333,1007,1
333,3931,1
333,4644,1
333,7594,1
333,5941,1
333,11980,1
333,10680,1
333,11981,1
333,11982,1
333,8094,1
333,11983,1
333,11984,1
333,7942,1
333,10953,1
333,11985,1
333,11986,1
333,10747,1
333,11987,1
333,11988,1
333,11989,1
333,11990,1
333,11991,1
333,11992,1
333,11993,1
333,11994,1
334,4790,1
334,852,-1
334,2298,1
334,1184,-1
334,1337,1
334,2420,1
334,1790,1
334,7314,1
334,2488,1
334,1470,1
334,7474,-1
334,11995,1
334,1375,1
334,3016,1
334,11996,1
334,11997,1
334,11998,1
334,11999,1
334,12000,1
334,12001,1
334,12002,1
334,404,1
335,1494,1
335,635,1
335,993,1
335,995,1
335,2096,1
335,4283,1
335,4841,1
335,634,1
335,344,1
335,348,1
335,349,1
335,356,1
335,362,1
335,364,1
335,369,1
335,381,1
335,382,1
335,390,1
335,404,1
335,410,1
335,419,1
335,427,1
335,430,1
335,438,1
335,441,1
335,444,1
335,445,1
335,456,1
335,458,1
335,474,1
335,477,1
335,487,1
335,489,1
335,490,1
335,492,1
335,496,1
335,497,1
335,501,1
335,511,1
335,519,1
335,520,1
335,521,1
335,522,1
335,524,1
335,529,1
335,534,1
335,555,1
335,604,1
335,646,1
335,668,1
335,672,1
335,675,1
335,679,1
335,687,1
335,696,1
335,735,1
335,762,1
335,838,1
335,2202,1
335,10593,1
335,1741,1
335,853,1
335,2381,1
335,2102,1
335,2382,1
335,1718,1
335,1760,1
335,2723,1
335,2105,1
335,1030,1
335,1031,1
335,1762,1
335,2476,1
335,2109,1
335,1036,1
335,2110,1
335,2388,1
335,2112,1
335,1039,1
335,1775,1
335,2115,1
335,1721,1
335,1723,1
335,1724,1
335,1783,1
335,1785,1
335,1726,1
335,2120,1
335,2210,1
335,1727,1
335,1043,1
335,2413,1
335,2211,1
335,2212,1
335,1788,1
335,2422,1
335,2193,1
335,2423,1
335,1791,1
335,2121,1
335,2122,1
335,2213,1
335,12003,1
335,2124,1
335,1539,1
335,12004,1
335,1798,1
335,2484,1
335,2935,1
335,2128,1
335,2605,1
335,12005,1
335,2131,1
335,2255,1
335,7588,1
335,1052,1
335,9492,1
335,1729,1
335,2349,1
335,1730,1
335,1731,1
335,1814,1
335,3105,1
335,1818,1
335,3107,1
335,2614,1
335,10874,1
335,2309,1
335,2775,1
335,1830,1
335,2141,1
335,1838,1
335,3304,1
335,1080,1
335,1089,1
335,1139,1
335,1141,-1
335,2225,1
335,2145,1
335,1839,1
335,2227,1
335,9247,1
335,2690,1
335,2147,1
335,1844,1
335,2149,1
335,12006,1
335,2629,1
335,2630,1
335,2264,1
335,2232,1
335,2632,1
335,2449,1
335,2233,1
335,2692,1
335,2151,1
335,2235,1
335,2354,1
335,2638,1
335,12007,1
335,8341,1
335,9525,-1
335,10459,1
335,2156,1
335,2199,1
335,8342,-1
335,1911,1
335,1937,1
335,11346,1
335,12008,1
335,12009,1
335,12010,1
335,12011,1
335,12012,1
335,12013,1
335,12014,1
335,12015,1
335,12016,1
335,12017,1
335,12018,1
335,12019,1
335,12020,1
335,12021,1
335,12022,1
335,12023,1
335,12024,1
335,12025,-1
335,363,1
335,423,1
335,439,1
335,450,1
335,459,1
336,344,1
336,349,1
336,356,1
336,364,1
336,381,1
336,404,1
336,413,1
336,423,1
336,444,1
336,450,1
336,456,1
336,474,1
336,480,1
336,501,1
336,521,1
336,534,1
336,672,1
336,1717,1
336,2474,1
336,1721,1
336,1724,1
336,2344,1
336,1192,1
336,1203,1
336,1812,1
336,12026,1
336,2227,1
336,1573,1
336,1853,1
336,8653,1
336,11044,1
337,9247,1
337,12027,1
337,12028,1
337,12029,1
338,5025,1
339,1968,1
339,1492,1
339,4773,1
339,435,1
339,471,1
339,499,1
339,532,1
339,703,1
339,1745,1
339,7067,1
339,6332,1
339,5321,1
339,9513,1
339,12030,1
339,10882,1
339,7531,1
339,11681,1
339,10458,1
339,12031,1
339,9966,1
339,9968,1
339,12032,1
339,12033,1
339,12034,1
339,12035,1
339,12036,1
339,366,1
340,645,1
341,410,1
341,476,1
342,4790,1
342,1173,-1
342,345,1
342,370,1
342,434,1
342,444,1
342,518,1
342,538,1
342,599,1
342,715,1
342,1520,1
342,9735,1
342,3776,1
342,861,-1
342,10853,1
342,12037,1
342,1168,1
342,1808,1
342,3921,1
342,12038,1
342,4322,-1
342,9374,1
342,5575,1
342,4075,1
342,12039,-1
342,5551,1
342,5348,-1
342,2826,1
342,12040,1
342,7923,-1
342,1439,1
342,11120,1
342,12041,1
342,3973,1
342,2851,1
342,12042,1
342,12043,1
342,7832,1
342,12044,1
342,4615,1
342,12045,1
342,11863,1
342,12046,1
342,12047,1
342,12048,1
342,12049,1
342,12050,1
343,1175,-1
343,413,1
343,875,1
343,12051,-1
343,12052,-1
343,361,-1
343,376,1
343,430,1
343,445,1
344,995,1
344,850,-1
344,364,1
344,381,1
344,458,1
344,474,1
344,480,1
344,490,1
344,501,1
344,521,1
344,552,-1
344,626,-1
344,1970,-1
344,1028,-1
344,924,-1
344,2701,-1
344,1184,-1
344,1718,1
344,1188,-1
344,8443,-1
344,2687,1
344,878,-1
344,1212,-1
344,4220,-1
344,2495,-1
344,2713,-1
344,2615,1
344,2442,1
344,886,-1
344,1255,-1
344,12053,-1
344,12054,-1
344,9398,1
344,12055,-1
344,12056,1
344,12057,1
344,11654,-1
344,5783,1
344,4128,1
344,12058,-1
344,8127,-1
344,5545,1
344,12059,1
344,12060,1
344,12061,1
344,12062,-1
344,356,1
344,404,1
344,413,1
344,423,1
344,439,1
344,445,1
344,459,1
344,473,1
345,1504,1
345,3449,1
345,983,1
345,992,1
345,4706,1
345,636,1
345,4726,1
345,2096,1
345,1737,1
345,4782,1
345,4791,1
345,4796,1
345,4804,1
345,4283,1
345,4821,1
345,4838,1
345,4855,1
345,4856,1
345,4868,1
345,4870,1
345,4894,1
345,4555,1
345,4919,1
345,4973,1
345,2098,1
345,5019,1
345,446,1
345,684,1
345,5368,1
345,2108,-1
345,7650,1
345,3488,1
345,2495,1
345,6666,1
345,12063,1
345,3737,1
345,12064,1
345,12065,1
345,12066,1
345,12067,1
345,12068,1
345,12069,1
345,12070,1
345,373,1
345,403,1
345,427,1
345,430,1
345,438,1
345,441,1
346,636,1
346,10462,1
346,7291,1
347,980,1
347,444,1
347,832,-1
347,2681,1
347,1745,-1
347,1979,1
347,1053,-1
347,8456,-1
347,3226,1
347,11679,-1
347,12071,1
347,12072,-1
347,4431,-1
347,12073,-1
347,12074,-1
347,12075,1
347,12076,1
347,12077,1
347,12078,1
347,12079,1
347,12080,-1
347,366,1
347,387,1
347,399,1
347,441,1
348,1494,1
348,635,1
348,993,1
348,1173,1
348,1495,1
348,349,1
348,356,1
348,362,1
348,373,1
348,381,1
348,392,1
348,404,1
348,413,1
348,427,1
348,430,1
348,441,1
348,443,1
348,444,1
348,450,1
348,456,1
348,458,1
348,473,1
348,474,1
348,477,1
348,480,1
348,487,1
348,490,1
348,496,1
348,497,1
348,501,1
348,508,1
348,511,1
348,521,1
348,522,1
348,524,1
348,533,1
348,534,1
348,540,1
348,561,1
348,604,1
348,622,1
348,646,1
348,672,1
348,679,1
348,681,1
348,709,1
348,716,1
348,765,1
348,814,1
348,815,1
348,831,1
348,2787,1
348,852,1
348,3622,1
348,2099,1
348,1747,1
348,1749,1
348,1716,1
348,1717,1
348,1752,1
348,2381,1
348,1718,1
348,2474,1
348,10377,1
348,2105,1
348,2108,1
348,2109,1
348,2192,1
348,1036,1
348,2110,1
348,1536,1
348,2388,1
348,2113,1
348,2114,1
348,2391,1
348,2392,1
348,1777,1
348,2115,1
348,2209,1
348,1041,1
348,1721,1
348,2117,1
348,1722,1
348,1724,1
348,1783,1
348,1725,1
348,1785,1
348,1727,1
348,2413,1
348,1787,1
348,2212,1
348,1788,1
348,1339,1
348,2193,1
348,2423,1
348,1728,1
348,2121,1
348,2684,1
348,8524,1
348,1797,1
348,1798,1
348,12081,1
348,2603,1
348,2128,1
348,2725,1
348,2132,1
348,10600,1
348,12082,1
348,2349,1
348,7589,1
348,1730,1
348,1812,1
348,1731,1
348,2195,1
348,2614,1
348,12083,1
348,12084,1
348,12085,1
348,2309,1
348,12086,1
348,1836,1
348,12087,1
348,3939,1
348,12026,1
348,2145,1
348,2227,1
348,2627,1
348,6337,1
348,1844,1
348,5126,1
348,2633,1
348,2736,1
348,12088,1
348,2153,1
348,2694,1
348,2268,1
348,10819,1
348,9257,1
348,12089,1
348,6059,1
348,12090,1
348,12091,1
348,12092,1
348,3072,1
348,7324,1
348,12010,1
348,12093,1
348,12094,1
348,1683,1
348,12095,1
348,12096,1
348,3595,1
348,2750,1
348,12097,1
348,9322,1
348,7187,1
348,12098,1
348,12099,1
348,12100,1
348,12101,1
348,364,1
348,382,1
348,423,1
348,439,1
348,445,1
349,1494,1
349,995,1
349,2584,1
349,4841,1
349,577,1
349,1173,1
349,1495,1
349,1500,1
349,356,1
349,357,1
349,362,1
349,364,1
349,369,1
349,381,1
349,382,1
349,404,1
349,413,1
349,430,1
349,439,1
349,441,1
349,444,1
349,450,1
349,456,1
349,458,1
349,459,1
349,473,1
349,474,1
349,477,1
349,480,1
349,488,1
349,489,1
349,490,1
349,495,1
349,511,1
349,519,1
349,520,1
349,521,1
349,522,1
349,524,1
349,529,1
349,533,1
349,534,1
349,604,1
349,672,1
349,716,1
349,798,1
349,845,-1
349,852,1
349,853,1
349,920,1
349,4557,1
349,1715,1
349,1716,1
349,1717,1
349,11262,1
349,3755,1
349,2105,1
349,1719,1
349,1762,1
349,5547,1
349,2476,1
349,2384,1
349,1035,1
349,2192,1
349,2110,1
349,2388,1
349,1777,1
349,2209,1
349,1778,1
349,1721,1
349,1780,1
349,2399,1
349,1722,1
349,2119,1
349,1783,1
349,1725,1
349,1726,1
349,2411,1
349,2120,1
349,1727,1
349,1787,1
349,1788,1
349,2420,1
349,1044,1
349,1339,1
349,2253,1
349,2124,1
349,1543,1
349,2941,1
349,10600,1
349,2255,1
349,877,1
349,9491,1
349,2257,1
349,1052,1
349,11269,1
349,1809,1
349,3839,1
349,12102,1
349,12103,1
349,12104,1
349,12105,1
349,2134,1
349,2728,1
349,7105,1
349,9492,1
349,3104,1
349,12106,1
349,1810,1
349,1729,1
349,2349,1
349,7589,1
349,4065,1
349,11803,1
349,1730,1
349,1811,1
349,2610,1
349,879,1
349,12107,1
349,12108,1
349,12109,1
349,6951,1
349,1812,1
349,7305,1
349,9493,1
349,2611,1
349,12110,1
349,1813,1
349,2729,1
349,8970,1
349,3758,1
349,10262,1
349,1731,1
349,880,1
349,1814,1
349,2563,1
349,2493,-1
349,423,1
350,364,1
350,381,1
350,490,1
350,1837,1
350,12111,1
350,357,1
350,404,1
350,439,1
350,458,1
351,2353,1
351,12112,1
351,458,1
352,4872,1
352,353,1
352,717,1
352,927,1
352,7258,1
352,8903,1
352,12113,1
352,12114,-1
352,12115,1
352,421,1
353,1493,1
353,1504,1
353,634,1
353,1460,1
353,4686,1
353,4791,1
353,1968,1
353,4286,1
353,637,1
353,4960,1
353,4987,1
353,2471,1
353,5025,1
353,428,1
353,435,1
353,464,1
354,634,1
354,3455,1
354,4982,1
354,2931,1
354,2132,1
354,5096,1
354,3920,1
354,1058,1
354,3499,1
354,2316,1
354,6556,1
354,5644,1
354,11349,-1
354,9534,1
354,12116,1
354,9971,1
354,11212,-1
354,12117,1
354,4244,1
354,12118,1
354,8202,1
354,12119,1
354,12120,1
354,12121,1
354,7310,1
354,12122,1
354,12123,1
354,12124,1
354,12125,1
354,12126,1
354,12127,1
354,12128,1
354,12129,1
356,1494,1
356,995,1
356,363,1
356,364,1
356,392,1
356,404,1
356,413,1
356,430,1
356,441,1
356,443,1
356,456,1
356,458,1
356,474,1
356,495,1
356,496,1
356,511,1
356,521,1
356,522,1
356,524,1
356,529,1
356,533,1
356,664,1
356,735,1
356,8638,1
356,1749,1
356,1716,1
356,1336,1
356,1718,1
356,2474,1
356,1760,1
356,2105,1
356,1030,1
356,1719,1
356,2207,1
356,2114,1
356,1774,1
356,2391,1
356,2208,1
356,1775,1
356,1777,1
356,2115,1
356,2209,1
356,1721,1
356,1722,1
356,1724,1
356,2119,1
356,1786,1
356,2210,1
356,1043,1
356,1787,1
356,1788,1
356,1728,1
356,2213,1
356,1539,1
356,11961,1
356,6770,1
356,2131,1
356,5413,1
356,2255,1
356,12130,1
356,11269,1
356,2349,1
356,12108,1
356,1812,1
356,1731,1
356,2258,1
356,2614,1
356,2628,1
356,2231,1
356,2151,1
356,2635,1
356,2237,1
356,12131,1
356,2153,1
356,3233,1
356,2694,1
356,2649,1
356,1956,1
356,8434,1
356,2360,1
356,7132,1
356,8665,1
356,8595,1
356,12132,1
356,10550,1
356,12133,1
356,12134,1
356,381,1
356,419,1
356,423,1
356,444,1
356,450,1
357,807,-1
357,577,1
357,1017,1
357,4283,1
357,364,1
357,381,1
357,404,1
357,444,1
357,450,1
357,477,1
357,480,1
357,488,1
357,495,1
357,501,1
357,520,1
357,521,1
357,522,1
357,532,1
357,533,1
357,534,1
357,622,1
357,716,1
357,765,1
357,2380,1
357,920,1
357,1715,1
357,1716,1
357,2474,1
357,2105,1
357,1719,1
357,2384,1
357,2108,1
357,2110,1
357,2388,1
357,2209,1
357,1721,1
357,1723,1
357,2119,1
357,1725,1
357,1786,1
357,1787,1
357,2122,1
357,12135,1
357,10262,1
357,2628,1
357,2736,1
357,2156,1
357,12136,1
357,12137,1
357,12138,1
357,384,-1
358,4556,-1
358,1184,-1
358,926,-1
358,4216,1
358,12139,-1
359,807,-1
359,1174,1
359,1500,1
359,850,1
359,363,1
359,450,1
359,3284,1
359,864,1
359,3357,1
359,1194,1
359,878,1
359,1212,1
359,10176,1
359,1216,1
359,1217,1
359,12140,1
359,9120,1
359,8527,1
360,995,1
360,3772,1
360,927,-1
360,1342,1
360,5310,1
360,1201,-1
360,7780,-1
360,12141,1
360,3247,1
360,11578,-1
360,12142,1
360,12143,1
360,404,1
361,1173,1
361,1460,-1
361,368,1
361,381,1
361,404,1
361,441,1
361,444,1
361,450,1
361,456,1
361,480,1
361,487,1
361,495,1
361,497,1
361,529,1
361,540,1
361,549,1
361,550,1
361,646,1
361,679,1
361,762,-1
361,765,1
361,832,-1
361,847,1
361,2202,1
361,8438,1
361,2791,1
361,920,1
361,2190,-1
361,2252,1
361,1715,1
361,1178,-1
361,1182,-1
361,925,-1
361,3462,1
361,2924,-1
361,1031,-1
361,2476,1
361,1034,1
361,1035,1
361,1036,-1
361,1037,1
361,1039,1
361,2115,1
361,1723,1
361,1042,1
361,1043,1
361,2211,1
361,2420,1
361,2193,1
361,1342,1
361,2602,-1
361,4300,-1
361,1045,-1
361,8443,1
361,6386,1
361,1168,1
361,2127,1
361,932,1
361,12144,1
361,1210,-1
361,2488,-1
361,2255,1
361,5981,1
361,1213,-1
361,8136,-1
361,2008,1
361,12145,-1
361,2495,1
361,1054,-1
361,12146,-1
361,4638,-1
361,1063,1
361,3931,1
361,12147,-1
361,1833,-1
361,9377,-1
361,3217,-1
361,1080,1
361,1101,1
361,2144,1
361,4078,-1
361,1366,-1
361,10566,-1
361,2147,1
361,9864,-1
361,10157,-1
361,910,-1
361,12148,1
361,1399,-1
361,7405,-1
361,10158,1
361,12149,-1
361,5329,1
361,10676,1
361,10689,1
361,7124,-1
361,5051,-1
361,2165,1
361,11137,1
361,12150,1
361,12151,-1
361,12152,-1
361,12153,1
361,4247,-1
361,7847,-1
361,8430,1
361,12154,-1
361,12155,1
361,12156,1
361,12157,-1
361,12158,-1
361,12159,-1
361,12160,-1
361,12161,-1
361,12162,-1
361,12163,-1
361,12164,-1
361,12165,-1
361,12166,-1
361,421,1
361,439,1
361,459,1
361,474,1
362,4739,1
362,381,1
362,382,1
362,413,1
362,432,1
362,441,1
362,445,1
362,474,1
362,480,1
362,487,1
362,488,1
362,490,1
362,492,1
362,496,1
362,497,1
362,501,1
362,511,1
362,2202,1
362,1975,1
362,3463,1
362,1718,1
362,1031,1
362,1036,1
362,2115,1
362,1041,1
362,2405,1
362,2211,1
362,1787,1
362,2214,1
362,2604,1
362,1049,1
362,877,1
362,1730,1
362,12167,1
362,4638,1
362,2950,1
362,2633,1
362,2235,1
362,12168,1
362,4382,1
362,3986,1
362,12169,1
362,377,1
362,404,1
362,423,1
362,439,1
362,456,1
362,473,1
363,577,1
363,1495,1
363,1174,1
363,1500,1
363,1457,1
363,1018,1
363,850,1
363,364,1
363,382,1
363,404,1
363,428,1
363,443,1
363,444,1
363,450,1
363,480,1
363,488,1
363,497,1
363,518,1
363,520,1
363,529,1
363,533,1
363,534,1
363,561,1
363,604,1
363,765,1
363,789,1
363,809,1
363,853,1
363,1749,1
363,1715,1
363,1716,1
363,11082,1
363,1717,1
363,921,1
363,1330,1
363,1182,1
363,1184,1
363,926,1
363,1185,1
363,1332,1
363,1336,1
363,2474,1
363,2110,1
363,1773,1
363,2209,1
363,2396,1
363,1721,1
363,2399,1
363,1723,1
363,2193,1
363,1197,1
363,1203,1
363,1343,1
363,2934,1
363,878,1
363,1812,1
363,8970,1
363,10939,1
363,1818,1
363,1217,1
363,3840,1
363,1823,1
363,12170,1
363,12171,1
363,1233,1
363,1367,1
363,2353,1
363,2316,1
363,6363,1
363,2450,1
363,1418,1
363,12172,1
363,12173,1
363,12174,1
363,4236,1
363,12175,1
363,12176,1
363,12177,1
363,12178,1
363,12179,1
363,12180,1
363,12181,1
363,2457,1
363,8406,1
364,635,1
364,2096,1
364,369,1
364,381,1
364,382,1
364,392,1
364,404,1
364,419,1
364,430,1
364,439,1
364,441,1
364,443,1
364,445,1
364,450,1
364,458,1
364,459,1
364,473,1
364,474,1
364,480,1
364,487,1
364,488,1
364,489,1
364,496,1
364,497,1
364,501,1
364,519,1
364,521,1
364,522,1
364,529,1
364,534,1
364,604,1
364,622,1
364,672,1
364,675,1
364,709,1
364,714,1
364,759,1
364,839,1
364,2202,1
364,1972,1
364,1716,1
364,1717,1
364,921,1
364,1185,1
364,1976,1
364,1336,1
364,2474,1
364,1760,1
364,2191,1
364,3755,1
364,2105,1
364,1030,1
364,1031,1
364,1719,1
364,1763,1
364,2384,1
364,1535,1
364,1036,1
364,2110,1
364,1187,1
364,2112,1
364,2113,1
364,2114,1
364,1773,1
364,1774,1
364,2392,1
364,1775,1
364,1777,1
364,2209,1
364,1041,1
364,2396,1
364,1721,1
364,1780,1
364,2119,1
364,2404,1
364,1786,1
364,2344,1
364,2211,1
364,1787,1
364,2212,1
364,1788,1
364,1044,1
364,2193,1
364,1728,1
364,2121,1
364,2122,1
364,2684,1
364,1201,1
364,2216,1
364,1797,1
364,867,1
364,1798,1
364,2128,1
364,1049,1
364,2130,1
364,2131,1
364,5413,1
364,1802,1
364,2255,1
364,1730,1
364,8970,1
364,1731,1
364,1814,1
364,2258,1
364,1817,1
364,1054,1
364,2135,1
364,2219,1
364,1139,1
364,2225,1
364,2145,1
364,2627,1
364,2147,1
364,2232,1
364,9494,1
364,2265,1
364,2266,1
364,2237,1
364,5064,1
364,2693,1
364,1857,1
364,3233,1
364,10720,1
364,4649,1
364,1859,1
364,2270,1
364,2199,1
364,5523,1
364,6410,1
364,1678,1
364,12182,1
364,12183,1
364,12184,1
364,12185,1
364,9012,1
364,9013,1
364,4426,1
364,11522,1
364,12186,1
364,2878,1
364,12014,1
364,12187,1
364,11718,1
364,12188,1
364,12189,1
364,12190,1
364,12191,1
364,12192,1
364,12193,1
364,423,1
364,464,-1
365,403,1
365,404,1
366,634,1
366,1460,1
366,995,1
366,1173,1
366,3453,1
366,1507,1
366,4773,1
366,4801,1
366,1968,1
366,4898,1
366,2097,1
366,3621,1
366,370,-1
366,400,1
366,403,1
366,404,1
366,412,1
366,419,1
366,438,1
366,456,1
366,485,1
366,488,1
366,491,1
366,502,1
366,520,1
366,521,1
366,525,1
366,537,1
366,547,1
366,549,-1
366,581,1
366,625,1
366,638,1
366,641,1
366,663,1
366,668,1
366,673,1
366,696,1
366,702,1
366,713,1
366,715,1
366,729,1
366,736,1
366,744,1
366,746,1
366,750,1
366,752,1
366,755,-1
366,761,-1
366,762,-1
366,765,-1
366,11812,1
366,1520,1
366,4680,1
366,1740,1
366,4289,1
366,4290,-1
366,3196,-1
366,2792,1
366,2100,1
366,1526,1
366,2252,-1
366,1754,1
366,1182,-1
366,5739,-1
366,12194,1
366,859,1
366,12195,1
366,10385,1
366,2104,1
366,10414,-1
366,1979,1
366,5547,1
366,3775,1
366,12196,1
366,5620,1
366,861,1
366,2596,1
366,12197,1
366,1534,1
366,1767,-1
366,12198,1
366,5062,1
366,862,1
366,1038,1
366,2209,-1
366,2411,1
366,1042,-1
366,1787,1
366,2422,1
366,1790,1
366,12199,1
366,5548,-1
366,5520,1
366,3632,1
366,2482,1
366,3472,1
366,1541,1
366,12200,1
366,12201,1
366,10169,1
366,4559,1
366,11268,-1
366,2937,1
366,5842,1
366,1544,1
366,10600,1
366,7207,1
366,1006,1
366,6548,1
366,8869,1
366,7751,1
366,12103,1
366,1731,1
366,2493,-1
366,2896,1
366,3486,1
366,4313,1
366,5102,1
366,2009,1
366,10052,1
366,3063,1
366,3925,1
366,5106,1
366,3301,1
366,6596,1
366,3927,1
366,2515,1
366,7011,1
366,7901,1
366,3493,1
366,12202,1
366,3930,1
366,9860,1
366,1511,1
366,2732,1
366,2016,1
366,2817,1
366,10141,1
366,5321,1
366,7910,1
366,2621,1
366,12203,1
366,9169,1
366,8120,1
366,1075,1
366,5041,1
366,12204,1
366,12205,1
366,12206,1
366,7213,1
366,8988,1
366,1844,1
366,1573,1
366,6456,-1
366,6005,1
366,2637,1
366,12207,1
366,2976,1
366,7082,-1
366,7655,1
366,9257,1
366,10848,1
366,12208,1
366,8143,1
366,2762,1
366,12209,1
366,4358,-1
366,3960,1
366,2763,1
366,8827,1
366,7046,1
366,1586,1
366,11303,1
366,11342,1
366,5806,1
366,12210,1
366,12211,1
366,12212,1
366,12213,1
366,3247,1
366,1593,1
366,5351,1
366,10726,1
366,5168,1
366,2844,1
366,12214,1
366,3539,1
366,12215,-1
366,5172,1
366,12216,1
366,12217,1
366,9968,1
366,12218,1
366,12219,1
366,12220,1
366,12221,1
366,12222,1
366,2169,1
366,5192,1
366,3691,1
366,12150,-1
366,10092,1
366,3555,1
366,12223,1
366,12224,1
366,5459,1
366,3561,1
366,12225,1
366,12226,-1
366,12227,1
366,12228,1
366,3994,1
366,12229,1
366,10094,1
366,12230,1
366,6538,1
366,12231,1
366,12232,1
366,10102,1
366,10104,1
366,3828,1
366,6143,1
366,12233,1
366,6990,1
366,8287,1
366,12234,1
366,12235,1
366,9333,1
366,12236,1
366,12237,1
366,12238,1
366,12239,1
366,12240,1
366,12241,1
366,12242,1
366,12243,1
366,12244,1
366,12245,1
366,12246,1
366,12247,1
366,12248,1
366,12249,1
366,12250,1
366,12251,1
366,12252,1
366,12253,1
366,12254,1
366,12255,1
366,12256,1
366,12257,1
366,12258,1
366,12259,1
366,12260,1
366,12261,1
366,12262,1
366,12263,1
366,12264,1
366,12265,1
366,12266,-1
366,12267,-1
366,12268,-1
366,381,1
366,458,1
367,1173,1
367,4281,1
367,814,1
367,831,1
367,1026,1
367,2380,1
367,1978,-1
367,1760,1
367,3755,1
367,12269,1
367,12270,1
367,2107,1
367,6945,1
367,2193,1
367,1350,1
367,5036,1
367,2134,1
367,2349,1
367,3758,1
367,2947,1
367,1558,1
367,8893,1
367,9379,1
367,8700,1
367,12271,1
367,12272,1
367,4649,1
367,6794,1
367,12273,1
367,9471,1
367,9878,1
367,2275,1
367,4386,1
367,10242,1
367,4443,1
367,1683,1
367,12274,1
367,12275,1
367,12276,1
367,12277,1
367,12278,1
367,12279,-1
368,11173,1
368,12280,1
368,10652,1
368,8997,-1
368,12281,1
368,12282,-1
368,381,1
369,634,1
369,381,1
369,404,1
369,409,1
369,427,1
369,428,1
369,435,1
369,456,1
369,480,1
369,489,1
369,490,1
369,561,1
369,626,-1
369,672,1
369,677,1
369,753,1
369,789,1
369,798,1
369,814,1
369,815,1
369,829,1
369,840,-1
369,1740,1
369,9735,1
369,853,1
369,2252,1
369,856,-1
369,921,1
369,1177,-1
369,923,-1
369,1182,-1
369,1185,-1
369,10382,1
369,1763,-1
369,3775,1
369,2392,1
369,1789,1
369,5087,1
369,7313,1
369,1668,1
369,1798,1
369,2346,1
369,6285,1
369,10648,1
369,2486,1
369,2942,1
369,1806,1
369,2255,1
369,3643,1
369,5036,1
369,12283,-1
369,10778,1
369,1729,1
369,5893,-1
369,4315,1
369,7110,1
369,2522,1
369,1225,-1
369,11275,1
369,3731,1
369,1063,1
369,8531,1
369,1830,1
369,12284,1
369,1228,1
369,8464,1
369,8492,-1
369,12285,1
369,3293,1
369,12286,1
369,945,1
369,2448,1
369,4082,1
369,5121,1
369,9379,1
369,8988,1
369,5777,-1
369,9384,1
369,12287,1
369,11287,1
369,9864,1
369,949,1
369,9738,1
369,1257,-1
369,2265,1
369,10157,-1
369,8990,1
369,1851,1
369,8538,1
369,2827,1
369,4086,1
369,12288,1
369,12289,1
369,4649,1
369,12290,1
369,12291,1
369,10823,1
369,3241,1
369,12292,1
369,12293,1
369,9390,1
369,2450,-1
369,12294,-1
369,1870,1
369,1921,1
369,11396,-1
369,11198,1
369,7119,1
369,2985,1
369,8656,-1
369,11728,1
369,12295,-1
369,1592,1
369,12296,-1
369,5160,1
369,6350,-1
369,12297,-1
369,7511,1
369,4382,1
369,12298,-1
369,9925,1
369,2995,-1
369,5331,-1
369,12299,-1
369,10728,-1
369,12300,1
369,1602,1
369,12301,1
369,6649,1
369,12302,1
369,12303,-1
369,12304,-1
369,12305,1
369,10242,1
369,12306,1
369,12307,1
369,5194,1
369,12308,-1
369,9138,1
369,3261,1
369,12309,1
369,12310,1
369,3739,-1
369,12311,1
369,5564,1
369,12312,1
369,3017,1
369,12313,-1
369,12314,-1
369,12315,1
369,12316,1
369,2325,1
369,12317,1
369,12318,1
369,12319,1
369,12320,1
369,12321,1
369,7847,1
369,12322,1
369,12323,1
369,12324,1
369,12325,1
369,12326,1
369,4135,1
369,12327,1
369,12328,1
369,12329,1
369,12330,1
369,12331,1
369,12332,1
369,12333,1
369,12334,1
369,12335,1
369,12336,1
369,9028,1
369,12337,1
369,12338,1
369,12275,-1
369,12339,-1
369,12340,-1
369,12341,-1
369,12342,-1
370,3436,1
370,4823,1
370,848,1
370,416,1
370,421,1
371,636,1
371,1504,1
371,551,1
371,3091,1
371,5407,1
371,12343,1
371,12055,1
372,1500,1
372,2918,1
372,443,1
372,471,1
372,2890,1
372,2920,1
372,853,1
372,856,1
372,921,1
372,926,-1
372,1185,-1
372,1335,-1
372,2724,1
372,2596,1
372,6465,1
372,12344,1
372,11265,1
372,862,1
372,2408,1
372,3427,1
372,6038,1
372,2601,1
372,4632,1
372,7313,1
372,12345,1
372,6388,-1
372,10260,1
372,12346,1
372,2490,1
372,8300,1
372,1811,1
372,12347,1
372,2260,1
372,2703,1
372,1822,1
372,10874,1
372,3302,1
372,12348,1
372,12349,1
372,12350,1
372,3840,1
372,12351,1
372,12352,1
372,12353,1
372,12354,1
372,1552,1
372,10053,1
372,12355,1
372,12356,1
372,12357,1
372,12358,1
372,12359,1
372,12360,1
372,12361,1
372,12362,1
372,12363,1
372,4067,1
372,1553,1
372,12364,1
372,12365,1
372,9859,1
372,5372,1
372,12366,1
372,12367,1
372,12368,1
372,12369,1
372,12370,1
372,2261,1
372,12371,1
372,12372,1
372,9228,1
372,12373,1
372,12374,1
372,12375,1
372,12376,1
372,12377,1
372,12378,1
372,12379,1
372,12380,1
372,12381,1
372,12382,1
372,12383,1
372,12384,1
372,10602,1
372,10263,1
372,12385,1
372,12386,1
372,1823,1
372,12387,1
372,12388,1
372,12389,1
372,12390,1
372,12391,1
372,6096,1
372,12392,-1
372,1221,-1
372,2730,-1
372,935,-1
372,12393,-1
372,12394,-1
373,1490,1
373,985,1
373,4787,1
373,4841,1
373,993,1
373,4737,1
373,4874,1
373,4898,1
373,4909,1
373,4941,1
373,382,1
373,398,1
373,403,1
373,411,1
373,456,1
373,477,1
373,480,1
373,511,1
373,520,1
373,522,1
373,537,1
373,539,1
373,550,1
373,682,1
373,3457,-1
373,7758,1
373,2472,1
373,2099,1
373,5922,1
373,12395,1
373,1753,1
373,1754,-1
373,1178,1
373,3893,1
373,3466,1
373,2192,1
373,863,1
373,2405,1
373,2407,1
373,1042,1
373,1044,1
373,12396,1
373,3296,1
373,5622,1
373,6948,1
373,1046,-1
373,12397,1
373,12398,1
373,12399,1
373,10923,1
373,7587,1
373,8042,1
373,6390,1
373,12400,1
373,1146,1
373,3299,1
373,5573,1
373,1671,1
373,7105,1
373,9493,1
373,12401,1
373,5105,1
373,1553,1
373,9507,1
373,12402,1
373,1561,1
373,12403,1
373,2817,1
373,6045,-1
373,8062,1
373,12404,1
373,2768,1
373,12405,1
373,2822,1
373,9244,1
373,7214,1
373,12406,1
373,12407,1
373,2235,1
373,12408,1
373,7915,1
373,1171,1
373,2036,1
373,1855,1
373,12409,1
373,5726,1
373,4345,1
373,12410,1
373,8929,1
373,12411,1
373,12412,-1
373,12413,-1
373,2038,1
373,10846,1
373,4352,1
373,3240,1
373,4534,1
373,4362,1
373,1376,1
373,12414,1
373,5899,1
373,7537,1
373,12415,1
373,12416,1
373,12417,1
373,6964,1
373,11955,1
373,12418,1
373,12419,1
373,4388,1
373,12420,1
373,12421,1
373,8080,1
373,12422,1
373,9295,1
373,12423,-1
373,12094,1
373,3558,1
373,11033,1
373,5202,1
373,12424,1
373,12425,1
373,12426,1
373,12427,1
373,12428,1
373,12429,1
373,12430,1
373,12431,1
373,12432,1
373,12433,1
373,12434,1
373,12435,1
373,12436,1
373,12437,1
373,12438,1
373,12439,1
373,12440,1
373,6779,1
373,12441,1
373,12442,1
373,12443,1
373,12444,1
373,8098,1
373,12445,1
373,12446,1
373,12447,1
373,12448,1
373,12449,1
373,12450,1
373,3995,1
373,7956,1
373,12451,1
373,12452,1
373,12453,1
373,12454,1
373,12455,1
373,12456,1
373,12457,1
373,12458,1
373,12459,1
373,12460,1
373,12461,1
373,12462,1
373,12463,1
373,12464,1
373,12465,1
373,12466,1
373,12467,1
373,12468,1
373,12469,1
373,12470,1
373,12471,1
373,11039,1
373,12472,1
373,12473,1
373,12474,1
373,12475,1
373,10626,1
373,12476,1
373,12477,1
373,12478,1
373,12479,-1
373,12480,-1
373,12481,-1
373,12482,-1
373,12483,-1
373,12484,-1
373,404,1
373,428,1
374,1507,1
374,4303,1
374,11132,1
374,2314,1
374,2228,1
374,12219,1
374,12485,1
375,12486,1
376,2587,1
376,435,1
376,484,1
376,525,1
376,682,1
376,762,1
376,1745,1
376,9217,1
376,1767,1
376,1036,1
376,12487,1
376,2387,1
376,2405,1
376,1538,1
376,8215,1
376,9218,1
376,3200,1
376,8916,1
376,1347,1
376,2488,1
376,6041,1
376,12488,1
376,5893,1
376,12489,1
376,939,-1
376,12404,1
376,2141,1
376,3221,1
376,1567,1
376,6486,1
376,8784,1
376,9647,1
376,10715,1
376,5132,1
376,951,1
376,10839,1
376,2646,1
376,6606,1
376,1942,1
376,4234,1
376,4373,1
376,3683,1
376,12490,1
376,12491,1
376,12492,1
376,12493,1
376,12494,1
376,3545,1
376,12495,1
376,12496,1
376,12497,1
376,12498,1
376,12499,1
376,12500,1
376,12501,1
376,12502,1
376,8937,1
376,12503,1
376,12504,1
376,12505,1
376,12506,1
376,12507,1
376,12508,1
376,12509,1
376,12510,1
376,12511,1
377,4867,1
377,413,1
377,474,1
377,520,1
377,2426,1
377,2591,1
377,7312,1
377,2475,1
377,1032,1
377,2392,1
377,1789,1
377,12512,1
377,12513,1
377,12514,1
377,9694,1
377,3800,1
377,7124,1
377,5051,-1
377,12515,1
377,9404,-1
377,8089,-1
377,5203,1
377,12516,1
377,11041,1
377,12517,-1
377,12518,1
377,12519,1
377,12520,1
377,12521,1
377,12522,-1
377,12523,-1
378,411,1
378,520,1
378,2305,1
378,3911,1
378,3476,1
378,7067,1
378,7110,1
378,3656,1
378,7597,1
378,893,1
378,10515,1
379,12524,1
380,4853,1
380,3772,1
380,634,1
380,2786,1
380,390,1
380,740,-1
380,927,-1
380,1978,1
380,1031,-1
380,1979,-1
380,1768,1
380,3630,1
380,2932,1
380,2798,-1
380,4632,1
380,874,-1
380,3480,1
380,877,-1
380,8027,1
380,1053,1
380,5371,1
380,2260,1
380,8982,1
380,1132,1
380,12525,1
380,7479,1
380,7403,1
380,12526,-1
380,1440,1
380,12527,-1
380,9013,1
380,3685,1
380,12009,1
380,7460,1
380,12528,1
380,12321,1
380,12529,1
381,1494,1
381,635,1
381,994,1
381,995,1
381,2096,1
381,1967,1
381,4841,1
381,576,1
381,577,1
381,1173,1
381,1460,1
381,1462,1
381,993,1
381,4739,1
381,4777,1
381,2098,1
381,382,1
381,390,1
381,392,1
381,404,1
381,409,1
381,410,1
381,413,1
381,419,1
381,427,1
381,430,1
381,435,1
381,438,1
381,439,1
381,441,1
381,443,1
381,444,1
381,445,1
381,450,1
381,456,1
381,458,1
381,462,1
381,473,1
381,474,1
381,477,1
381,480,1
381,486,1
381,487,1
381,488,1
381,489,1
381,492,1
381,495,1
381,496,1
381,497,1
381,501,1
381,511,1
381,518,1
381,521,1
381,522,1
381,524,1
381,529,1
381,532,1
381,534,1
381,549,1
381,588,1
381,604,1
381,622,1
381,646,1
381,649,1
381,668,1
381,669,1
381,672,1
381,675,1
381,679,1
381,690,1
381,692,1
381,696,1
381,699,1
381,714,1
381,716,1
381,735,1
381,765,1
381,798,1
381,12530,1
381,2202,1
381,2681,1
381,5888,1
381,1024,1
381,1740,1
381,852,1
381,1744,1
381,853,1
381,2380,1
381,1747,1
381,3198,1
381,920,1
381,1027,1
381,2252,1
381,1716,1
381,2204,1
381,12531,1
381,1717,1
381,2381,1
381,2102,1
381,1336,1
381,2383,1
381,1718,1
381,2474,1
381,10386,1
381,2105,1
381,1031,1
381,1719,1
381,1762,1
381,2476,1
381,2108,1
381,2597,1
381,2109,1
381,1035,1
381,1535,1
381,2192,1
381,1036,1
381,2110,1
381,863,1
381,1037,1
381,864,1
381,2388,1
381,2112,1
381,1039,1
381,2207,1
381,1774,1
381,2208,1
381,2392,1
381,1775,1
381,1777,1
381,2115,1
381,2209,1
381,1041,1
381,2396,1
381,1721,1
381,1779,1
381,1780,1
381,2118,1
381,1723,1
381,1783,1
381,1725,1
381,2404,1
381,2405,1
381,1785,1
381,1786,1
381,1726,1
381,1042,1
381,2120,1
381,2210,1
381,1727,1
381,1043,1
381,2378,1
381,2413,1
381,2211,1
381,1787,1
381,2212,1
381,2418,1
381,1788,1
381,2420,1
381,1044,1
381,1339,1
381,2193,1
381,1790,1
381,1728,1
381,1791,1
381,2121,1
381,2122,1
381,2213,1
381,2684,1
381,2601,1
381,1539,1
381,2686,1
381,867,1
381,1798,1
381,2604,1
381,2127,1
381,5369,1
381,2128,1
381,1049,1
381,2605,1
381,7206,1
381,2130,1
381,2131,1
381,10648,1
381,1693,1
381,2255,1
381,2491,1
381,3757,1
381,1702,1
381,5981,1
381,3483,1
381,5416,1
381,3484,1
381,11483,1
381,2134,1
381,1730,1
381,6951,1
381,9493,1
381,8970,1
381,1731,1
381,1814,1
381,2258,1
381,1816,1
381,1817,1
381,1818,1
381,1055,1
381,2614,1
381,4316,1
381,2500,1
381,1057,1
381,2138,1
381,9955,1
381,2441,1
381,2309,1
381,1063,1
381,1830,1
381,7506,1
381,1360,1
381,10652,1
381,7474,1
381,2311,1
381,1838,1
381,2621,1
381,9169,1
381,1080,1
381,1082,1
381,1084,1
381,1089,1
381,1101,1
381,1140,1
381,2225,1
381,2226,1
381,2145,1
381,1839,1
381,6603,1
381,12532,1
381,2690,1
381,8366,1
381,6105,1
381,6729,1
381,1847,1
381,2231,1
381,2264,1
381,1573,1
381,2232,1
381,2632,1
381,2634,1
381,2692,1
381,2151,1
381,2234,1
381,2235,1
381,12168,1
381,2354,1
381,9487,1
381,2237,1
381,4337,1
381,5702,1
381,2036,1
381,2738,1
381,12533,1
381,2153,1
381,2638,1
381,5428,1
381,2639,1
381,3233,1
381,12534,1
381,2640,1
381,5072,1
381,2694,1
381,2198,1
381,5727,1
381,3517,1
381,10798,1
381,2268,1
381,2642,1
381,10514,1
381,12535,1
381,2270,1
381,2239,1
381,2650,1
381,2199,1
381,2662,1
381,2357,1
381,2041,1
381,12536,1
381,4572,1
381,12537,1
381,1960,1
381,2272,1
381,9531,1
381,3533,1
381,12182,1
381,12538,1
381,2165,1
381,12539,1
381,2242,1
381,11137,1
381,9013,1
381,12540,1
381,12541,1
381,12542,1
381,10624,1
381,11211,1
381,12543,1
381,12544,1
381,12545,1
381,12546,1
381,12547,1
381,12548,1
381,5385,1
381,8201,1
381,12549,1
381,12550,1
381,12551,1
381,12552,1
381,12553,1
381,12554,1
381,3566,1
381,12555,1
381,12556,1
381,12557,1
381,12558,1
381,3149,1
381,9022,1
381,2857,1
381,12559,1
381,12560,1
381,11103,1
381,5579,1
381,12561,1
381,12562,1
381,5465,1
381,7266,1
381,12563,1
381,5466,1
381,12564,1
381,423,1
381,459,1
382,1458,1
382,995,1
382,2096,1
382,4283,1
382,404,1
382,413,1
382,438,1
382,441,1
382,445,1
382,456,1
382,458,1
382,473,1
382,474,1
382,480,1
382,488,1
382,496,1
382,498,1
382,501,1
382,511,1
382,521,1
382,524,1
382,529,1
382,604,1
382,646,1
382,649,1
382,668,1
382,672,1
382,675,1
382,690,1
382,699,1
382,814,1
382,4053,1
382,1024,1
382,10771,1
382,918,1
382,921,1
382,2381,1
382,2102,1
382,2383,1
382,2103,1
382,1508,1
382,1031,1
382,1535,1
382,2112,1
382,2207,1
382,2113,1
382,1774,1
382,1775,1
382,1721,1
382,1780,1
382,1723,1
382,1724,1
382,2119,1
382,1783,1
382,1725,1
382,2120,1
382,2210,1
382,2418,1
382,1788,1
382,2193,1
382,2423,1
382,1728,1
382,2121,1
382,8599,1
382,1539,1
382,8600,1
382,2686,1
382,11178,1
382,12565,1
382,11740,1
382,2129,1
382,2131,1
382,6472,1
382,5093,1
382,3770,1
382,2255,1
382,1052,1
382,2728,1
382,1813,1
382,10262,1
382,1731,1
382,1819,1
382,1824,1
382,2500,1
382,2556,1
382,2309,1
382,4323,1
382,12566,1
382,1089,1
382,1141,1
382,2225,1
382,2145,1
382,5632,1
382,1839,1
382,2227,1
382,9866,1
382,6187,1
382,2232,1
382,2634,1
382,2692,1
382,2151,1
382,9494,1
382,5878,1
382,2237,1
382,9495,1
382,6109,1
382,960,1
382,1854,1
382,2153,1
382,2902,1
382,2639,1
382,1860,1
382,2642,1
382,9525,1
382,12567,1
382,4356,1
382,2652,1
382,2199,1
382,2357,1
382,2673,1
382,3243,1
382,12568,1
382,12569,1
382,12570,1
382,11211,1
382,2246,1
382,12571,1
382,12572,1
382,12573,1
382,12574,1
382,12325,1
382,12575,1
382,3169,1
382,3714,1
382,5263,1
382,11966,1
382,12576,1
382,12577,1
382,12578,1
382,12579,1
382,12580,1
382,12581,1
382,12582,1
382,12583,1
382,12584,1
382,439,1
382,459,1
384,798,1
384,1142,1
385,4787,1
385,4876,1
385,432,1
385,450,1
385,520,1
385,529,1
385,547,1
385,1520,1
385,6452,1
385,8133,1
385,1979,1
385,2797,1
385,9210,1
385,2727,1
385,3107,1
385,11162,1
385,4324,-1
385,3502,1
385,952,1
385,2268,1
385,2041,1
385,3526,1
385,1588,1
385,12585,1
385,12586,1
385,12587,1
385,12588,1
385,12589,-1
385,7625,1
385,12590,1
385,12591,1
385,12592,1
385,12593,1
385,12594,1
386,637,1
386,544,-1
387,995,1
387,5291,1
387,4832,1
387,398,1
387,437,1
387,449,1
387,495,1
387,508,1
387,520,1
387,719,1
387,5888,1
387,6574,1
387,7649,1
387,2589,1
387,1182,-1
387,1976,1
387,927,1
387,11400,1
387,3891,1
387,2205,1
387,9851,1
387,2797,1
387,2108,1
387,1342,1
387,1046,1
387,3633,1
387,1798,1
387,3638,1
387,8776,1
387,2009,1
387,4638,1
387,9231,1
387,2951,1
387,1561,1
387,8694,1
387,2018,1
387,1119,1
387,11490,-1
387,3229,1
387,964,1
387,2641,1
387,10885,1
387,1926,1
387,2044,1
387,12595,1
387,10950,1
387,12596,1
387,12597,1
387,9774,1
387,12598,1
387,12599,1
387,12600,1
387,12601,1
387,8544,1
387,12602,1
387,12603,1
387,2273,1
387,12604,1
387,7933,1
387,12297,1
387,12605,1
387,12606,1
387,2048,1
387,12607,1
387,12608,1
387,12609,1
387,1595,-1
388,12610,1
388,12611,1
390,1507,1
390,391,1
390,404,1
390,421,1
390,425,1
390,439,1
390,533,1
390,9705,1
390,1031,1
390,3869,1
390,2108,1
390,2192,1
390,1036,1
390,1783,1
390,1786,1
390,1787,1
390,2420,1
390,1991,1
390,869,1
390,1344,1
390,2603,1
390,12399,1
390,5095,1
390,12612,1
390,2349,1
390,1730,1
390,2703,1
390,12613,1
390,8475,1
390,1674,1
390,12614,1
390,12615,1
390,2266,1
390,3516,1
390,3797,1
390,12616,1
390,9965,1
390,12617,1
390,5172,1
390,12618,1
390,12619,1
390,8586,1
390,12620,1
390,4011,1
390,12193,1
390,12621,1
390,12622,1
390,12623,1
390,12624,1
390,12625,1
390,12626,1
390,12627,1
390,12628,1
390,423,1
391,4841,1
391,2591,1
391,1978,1
391,4642,1
391,12629,1
391,12630,1
391,12631,1
391,421,1
392,576,1
392,577,1
392,3771,1
392,404,1
392,430,1
392,438,1
392,445,1
392,458,1
392,474,1
392,480,1
392,490,1
392,501,1
392,521,1
392,522,1
392,533,1
392,716,1
392,798,1
392,825,1
392,1978,1
392,1336,1
392,1760,1
392,10406,1
392,2108,1
392,1727,1
392,1787,1
392,1728,1
392,12632,1
392,2253,1
392,1540,1
392,1210,1
392,2257,1
392,1817,1
392,2494,1
392,1356,1
392,8530,1
392,12633,1
392,1226,1
392,8923,1
392,12634,1
392,1063,1
392,3649,1
392,1227,1
392,12635,1
392,8531,1
392,1830,1
392,9211,1
392,3650,1
392,12636,1
392,423,1
393,4281,1
393,12637,-1
393,12638,-1
393,12639,-1
393,5807,-1
394,883,-1
394,12640,1
394,12641,1
394,12642,1
396,1172,-1
396,3436,-1
396,985,1
396,544,-1
396,1781,1
396,1064,1
396,3679,1
396,10440,-1
396,12643,1
396,12644,1
396,12645,-1
396,458,-1
397,4853,1
397,12646,1
398,1500,1
398,544,-1
398,4991,1
398,2603,1
398,2827,1
398,4571,1
398,12647,1
398,12648,1
398,404,1
398,430,1
398,474,1
398,484,1
399,2205,1
399,12649,1
400,1979,-1
400,9210,1
400,3484,1
400,1055,1
400,2950,1
400,5725,-1
400,1870,1
400,9469,1
400,12650,1
400,12651,1
400,12652,1
400,12653,1
400,12654,1
400,12655,1
403,1489,1
403,1458,-1
403,4283,1
403,995,1
403,411,1
403,449,1
403,470,1
403,526,1
403,625,1
403,681,1
403,703,1
403,2788,-1
403,7100,1
403,5546,1
403,6452,1
403,3094,1
403,2592,1
403,1765,1
403,5062,1
403,6467,1
403,870,1
403,2603,1
403,2604,1
403,12656,1
403,8584,1
403,12657,1
403,2488,-1
403,6477,1
403,6176,1
403,4221,1
403,6177,1
403,3107,1
403,2613,1
403,12658,1
403,1058,1
403,3493,1
403,4222,1
403,9231,1
403,3064,1
403,7907,1
403,10603,1
403,4644,1
403,3936,1
403,5114,1
403,2733,1
403,3221,-1
403,2143,1
403,9923,1
403,7783,1
403,6817,1
403,9250,1
403,12659,1
403,12660,1
403,12661,-1
403,1260,-1
403,2760,1
403,12662,1
403,2040,1
403,12663,1
403,12664,-1
403,7802,1
403,3133,1
403,5950,1
403,5900,1
403,12665,1
403,12666,1
403,12667,-1
403,2849,1
403,7324,1
403,12668,1
403,12669,1
403,6514,-1
403,12670,-1
403,12671,1
403,11985,1
403,12445,1
403,12672,1
403,4001,-1
403,9182,1
403,12673,1
403,10099,1
403,3178,-1
403,5259,1
403,12674,1
403,8295,-1
403,12675,1
403,12676,1
403,11624,1
403,12677,1
403,12678,1
403,12679,1
403,12680,1
403,12681,1
403,12682,1
403,12683,1
403,12684,1
403,12685,1
403,12686,1
403,12687,1
403,452,1
404,1494,1
404,1500,1
404,1460,1
404,635,1
404,994,1
404,995,1
404,2584,1
404,4739,1
404,2585,1
404,576,1
404,1172,1
404,769,1
404,577,1
404,1173,1
404,1495,1
404,774,1
404,992,1
404,4283,1
404,4924,1
404,413,1
404,419,1
404,430,1
404,438,1
404,439,1
404,441,1
404,443,1
404,445,1
404,450,1
404,458,1
404,470,1
404,474,1
404,477,1
404,480,1
404,486,1
404,487,1
404,488,1
404,489,1
404,492,1
404,495,1
404,496,1
404,497,1
404,501,1
404,511,1
404,519,1
404,521,1
404,522,1
404,524,1
404,529,1
404,532,1
404,533,1
404,534,1
404,535,1
404,553,1
404,588,1
404,599,1
404,604,1
404,646,1
404,649,1
404,672,1
404,686,1
404,709,1
404,716,1
404,720,1
404,727,1
404,762,1
404,765,1
404,789,1
404,795,1
404,798,1
404,815,1
404,831,1
404,834,1
404,2202,1
404,1024,1
404,1745,1
404,853,1
404,1747,1
404,2190,1
404,2100,1
404,1749,1
404,2252,1
404,1715,1
404,1716,1
404,3461,1
404,1717,1
404,1752,1
404,921,1
404,1753,1
404,2205,1
404,2102,1
404,12688,1
404,1336,1
404,2383,1
404,1718,1
404,2474,1
404,2104,1
404,10391,1
404,2191,1
404,10410,1
404,2105,1
404,1030,1
404,1031,1
404,1719,1
404,12689,1
404,1762,1
404,1033,1
404,2597,1
404,2109,1
404,1035,1
404,1036,1
404,864,1
404,2388,1
404,2112,1
404,2207,1
404,1774,1
404,2208,1
404,1775,1
404,2394,1
404,2115,1
404,2209,1
404,1041,1
404,1778,1
404,1721,1
404,1779,1
404,1780,1
404,2117,1
404,2118,1
404,1724,1
404,2403,1
404,1783,1
404,1725,1
404,2405,1
404,1785,1
404,1786,1
404,1726,1
404,2411,1
404,1042,1
404,2120,1
404,1727,1
404,1043,1
404,2211,1
404,1787,1
404,2212,1
404,2418,1
404,1044,1
404,1339,1
404,2193,1
404,1790,1
404,1728,1
404,2425,1
404,2122,1
404,11266,1
404,8524,1
404,1538,1
404,5622,1
404,2124,1
404,1539,1
404,1797,1
404,867,1
404,2892,1
404,1798,1
404,2603,1
404,2604,1
404,2128,1
404,1049,1
404,2605,1
404,2194,1
404,3838,1
404,1803,1
404,2562,1
404,12690,1
404,3783,1
404,3770,1
404,2255,1
404,2609,1
404,7588,1
404,1052,1
404,2134,1
404,2728,1
404,1729,1
404,2349,1
404,1730,1
404,2610,1
404,7305,1
404,12110,1
404,2729,1
404,8970,1
404,10262,1
404,1814,1
404,1816,1
404,2195,1
404,6550,1
404,12691,1
404,1470,1
404,10601,1
404,2496,1
404,1824,1
404,2138,1
404,2529,1
404,1058,1
404,2222,1
404,2441,1
404,2309,1
404,2617,1
404,1836,1
404,9236,1
404,1363,1
404,3936,1
404,1479,1
404,11008,1
404,9169,1
404,11189,1
404,1073,1
404,1089,1
404,1141,1
404,2225,1
404,2226,1
404,2145,1
404,2227,1
404,8893,1
404,12692,1
404,2628,1
404,8973,1
404,11926,1
404,1844,1
404,10785,1
404,2427,1
404,12693,1
404,12694,1
404,7398,1
404,6050,1
404,3793,1
404,12695,1
404,2735,1
404,12696,1
404,12697,1
404,11288,1
404,1847,1
404,12698,1
404,2629,1
404,12699,1
404,12071,1
404,3759,1
404,12700,1
404,2231,1
404,2630,1
404,12701,1
404,12702,1
404,2264,1
404,1573,1
404,12703,1
404,10659,1
404,2232,1
404,11289,1
404,11724,1
404,2631,1
404,2632,1
404,2150,1
404,12704,1
404,12705,1
404,12706,1
404,12707,1
404,2633,1
404,2449,1
404,2233,1
404,12708,1
404,2634,1
404,2692,1
404,12709,1
404,12710,1
404,2151,1
404,11954,1
404,12711,1
404,12712,1
404,12713,1
404,2971,1
404,10613,1
404,9494,1
404,12714,1
404,5128,1
404,12715,1
404,2234,1
404,2235,1
404,11721,1
404,12716,1
404,12717,1
404,5878,1
404,2236,1
404,1848,1
404,3069,1
404,12718,1
404,3512,1
404,12168,1
404,12719,1
404,2635,1
404,12720,1
404,2354,1
404,12721,1
404,2736,1
404,12722,1
404,6774,1
404,12723,1
404,7914,1
404,423,1
404,459,1
404,473,1
406,474,1
406,765,1
406,1777,1
406,2346,1
406,12724,-1
406,12725,-1
406,12726,1
406,8516,1
406,12727,1
407,3436,1
407,5622,1
407,12728,1
408,12729,1
409,807,-1
409,1173,1
409,850,1
409,415,1
409,419,1
409,444,-1
409,540,1
409,12730,1
409,1027,1
409,921,1
409,1530,1
409,1142,1
409,8449,1
409,2495,1
409,3210,1
409,1225,-1
409,3492,-1
409,11275,1
409,12731,1
409,1134,1
409,5427,1
409,5754,1
409,12732,1
409,12733,1
409,6500,1
409,12734,1
409,12735,1
409,12736,-1
409,12737,1
409,12738,1
409,12739,1
409,12740,-1
409,12741,-1
409,456,1
409,474,1
410,4782,1
410,1328,1
410,432,1
410,750,1
410,863,1
410,9377,1
410,8083,1
410,12742,1
410,7828,1
410,12743,1
410,12744,1
410,4010,1
410,12745,1
410,12746,-1
410,441,1
411,4686,1
411,4790,1
411,4796,1
411,4283,1
411,4853,1
412,4555,1
412,1176,1
412,1500,-1
412,837,-1
412,856,1
412,12747,1
412,2937,1
412,7905,-1
412,6998,-1
412,12748,1
412,6611,1
412,7950,-1
412,12749,-1
412,12750,-1
413,1500,1
413,1501,1
413,1460,1
413,4281,1
413,3772,1
413,4960,1
413,2471,1
413,3090,1
413,1173,1
413,1457,1
413,450,1
413,480,1
413,490,1
413,501,1
413,522,1
413,524,1
413,532,1
413,534,1
413,561,1
413,622,1
413,672,1
413,789,1
413,798,1
413,832,-1
413,852,1
413,1025,1
413,1744,1
413,9155,1
413,1749,1
413,1718,1
413,2104,1
413,1760,1
413,3894,1
413,2384,1
413,2206,1
413,2597,1
413,2387,1
413,2392,1
413,2209,1
413,2398,1
413,1339,1
413,2121,1
413,1192,1
413,2684,1
413,8524,1
413,1203,1
413,6468,1
413,8060,1
413,932,1
413,877,1
413,7521,1
413,3842,1
413,10979,1
413,3655,1
413,4079,1
413,948,-1
413,1246,1
413,1250,-1
413,5427,1
413,3517,1
413,2696,1
413,2660,1
413,9386,1
413,12751,1
413,12752,1
413,3695,1
413,11426,1
413,9628,1
413,12753,1
413,12754,1
413,8666,1
413,12755,1
413,9308,1
413,12756,1
413,12757,1
413,12758,1
413,12759,1
413,12760,1
413,12761,1
413,423,1
413,439,1
413,444,1
413,456,1
413,458,1
413,473,1
413,474,1
414,992,1
414,2918,1
414,538,1
414,656,1
414,789,1
414,4289,1
414,1178,1
414,927,-1
414,6467,1
414,2601,1
414,878,1
414,3293,1
414,12762,1
414,8403,1
414,2459,1
414,3882,1
414,12680,1
414,12763,1
414,12764,-1
414,416,1
415,1493,1
415,4735,-1
415,4867,1
415,2846,1
416,4281,1
416,9705,1
416,1754,1
416,6591,1
416,862,1
416,2397,1
416,12765,1
416,10648,1
416,12766,1
416,10053,1
416,3937,1
416,4079,1
416,12704,1
416,4344,1
416,12767,1
416,3240,1
416,3957,1
416,11297,1
416,3677,1
416,8544,1
416,3968,1
416,12768,1
416,2459,1
416,12769,1
416,12770,1
416,10219,1
416,12771,1
416,12772,1
416,12773,1
416,12774,1
416,12775,1
416,12776,1
417,1183,-1
418,634,1
418,1458,1
418,1966,-1
418,1736,1
418,985,1
418,4804,1
418,1005,-1
418,6169,-1
418,3776,-1
418,8651,-1
418,12777,-1
418,6294,-1
418,12778,1
418,466,1
419,1173,1
419,1457,1
419,4876,1
419,444,1
419,456,1
419,474,1
419,480,1
419,487,1
419,488,1
419,489,1
419,490,1
419,501,1
419,520,1
419,522,1
419,529,1
419,646,1
419,681,1
419,765,1
419,920,1
419,1027,1
419,1715,1
419,11082,1
419,11953,1
419,1757,1
419,1718,1
419,2474,1
419,1760,1
419,1719,1
419,1763,1
419,1035,1
419,1536,1
419,2388,1
419,2114,1
419,2209,1
419,1723,1
419,1724,1
419,1727,1
419,2420,1
419,1339,1
419,2933,1
419,8446,1
419,2255,1
419,12105,1
419,1729,1
419,12779,1
419,9169,1
419,6729,1
419,6456,1
419,2165,1
419,12780,1
419,12781,1
419,12782,1
419,12783,1
419,423,1
421,807,1
421,1172,1
421,1489,1
421,1004,1
421,4282,1
421,4898,1
421,520,1
421,628,1
421,720,1
421,722,1
421,765,1
421,3460,1
421,3094,1
421,2592,1
421,1337,1
421,3095,1
421,4210,1
421,6465,1
421,5062,1
421,2405,1
421,9085,1
421,7644,1
421,12784,1
421,3836,1
421,5934,1
421,2603,1
421,7587,1
421,6453,1
421,7689,1
421,3299,1
421,2943,1
421,10778,1
421,9491,1
421,12785,1
421,12786,1
421,9227,1
421,8453,1
421,12394,1
421,3928,1
421,2950,1
421,2617,1
421,2443,1
421,6397,1
421,6485,1
421,6601,1
421,1073,1
421,2823,1
421,12787,1
421,5128,1
421,10879,1
421,12788,1
421,3229,1
421,10143,1
421,10790,1
421,8143,1
421,12789,1
421,12790,1
421,12791,1
421,2998,1
421,12792,1
421,8185,1
421,9627,1
421,12793,1
421,3980,1
421,12794,1
421,12795,1
421,12647,1
421,12796,1
421,12797,1
421,12798,1
421,12799,1
421,12800,1
421,12801,1
421,9404,1
421,2243,1
421,9291,1
421,12802,1
421,12803,1
421,12804,1
421,12805,1
421,3008,1
421,5053,1
421,7133,1
421,9975,1
421,12806,1
421,12807,1
421,12808,1
421,12809,1
421,9292,1
421,4238,1
421,12810,-1
422,634,1
422,539,1
422,815,1
422,2190,1
422,12811,1
422,1765,1
422,3633,1
422,12565,1
422,2019,1
422,3506,1
422,12812,1
422,12768,1
422,3253,1
422,8723,1
422,7307,1
423,577,1
423,1494,1
423,1500,1
423,634,1
423,430,1
423,438,1
423,441,1
423,443,1
423,444,-1
423,450,1
423,456,1
423,458,1
423,462,1
423,474,1
423,477,1
423,480,1
423,484,1
423,488,1
423,489,1
423,490,1
423,495,1
423,501,1
423,519,1
423,521,1
423,522,1
423,529,1
423,532,1
423,533,1
423,534,1
423,604,1
423,622,1
423,668,1
423,672,1
423,1745,1
423,1752,1
423,921,1
423,2383,1
423,1718,1
423,2104,1
423,1760,1
423,2723,1
423,2105,1
423,1030,1
423,1719,1
423,1762,1
423,2108,1
423,2192,1
423,2110,1
423,2114,1
423,1777,1
423,2209,1
423,1721,1
423,1779,1
423,1723,1
423,1724,1
423,2119,1
423,2403,1
423,1783,1
423,1785,1
423,1786,1
423,1726,1
423,1727,1
423,1787,1
423,2420,1
423,2422,1
423,1728,1
423,8524,1
423,2687,1
423,1803,1
423,2254,1
423,2134,1
423,1730,1
423,2610,1
423,1812,1
423,9493,1
423,1817,1
423,1824,1
423,9236,1
423,12026,1
423,8789,1
423,2628,1
423,2691,1
423,2147,1
423,1844,1
423,2151,1
423,2235,-1
423,2699,1
423,2664,1
423,8833,1
423,1680,1
423,2747,1
423,5223,1
423,12813,1
423,12814,1
423,12815,-1
425,3449,1
425,1328,1
425,4992,1
425,510,1
425,515,1
425,556,1
425,2890,1
425,1049,1
425,1824,1
425,9230,1
425,8700,1
425,12816,1
425,3243,1
425,11369,1
425,3017,1
425,12817,1
425,12818,1
425,8571,1
425,12819,1
425,8681,1
425,12820,1
425,12821,1
425,12822,1
425,12823,1
425,12824,1
425,12825,1
425,12826,1
425,12827,1
425,12828,-1
427,635,1
427,1176,1
427,1462,1
427,1739,1
427,498,1
427,551,1
427,746,1
427,2890,1
427,2594,1
427,1718,1
427,1534,1
427,2113,1
427,1168,1
427,5317,1
427,6475,1
427,5538,1
427,7207,1
427,4638,1
427,1563,1
427,10606,1
427,10609,1
427,5429,1
427,11318,1
427,2572,1
427,11423,1
427,12829,1
427,12830,1
427,3688,1
427,12831,1
427,12832,1
427,12833,1
427,12834,1
427,12835,1
427,12836,1
427,12837,1
427,12838,1
427,430,1
428,4949,1
428,432,1
428,455,1
428,561,1
428,614,1
428,704,1
428,715,1
428,856,1
428,5310,1
428,2131,1
428,7102,1
428,11097,1
428,4320,1
428,12839,1
428,5423,1
428,11008,1
428,5714,1
428,3508,1
428,11565,1
428,3950,1
428,4361,1
428,6057,1
428,5051,1
428,6614,1
428,12840,1
428,9423,1
428,5463,1
428,6356,1
428,12841,1
428,12842,1
428,12843,1
428,12844,1
428,12845,1
428,12846,1
428,12847,1
428,12848,1
428,12849,1
428,12850,1
428,12851,1
428,12852,1
428,12853,1
429,1172,1
429,2097,1
429,3773,-1
429,472,1
430,1494,1
430,635,1
430,4706,1
430,544,-1
430,1018,1
430,850,1
430,2471,1
430,441,1
430,443,1
430,445,1
430,450,1
430,456,1
430,462,1
430,480,1
430,488,1
430,497,1
430,511,1
430,522,1
430,533,1
430,534,1
430,604,1
430,716,1
430,789,1
430,798,1
430,848,1
430,9705,1
430,852,1
430,2190,1
430,1752,1
430,3624,1
430,3325,1
430,1336,1
430,1718,1
430,1760,1
430,3755,1
430,1031,1
430,1764,1
430,12854,1
430,12855,1
430,12487,1
430,864,1
430,1040,1
430,2114,1
430,1775,1
430,1777,1
430,2115,1
430,1041,1
430,1724,1
430,1786,1
430,2210,1
430,1727,1
430,3427,1
430,2305,1
430,1200,1
430,1203,1
430,2435,1
430,6688,1
430,11935,1
430,4303,1
430,1729,1
430,1812,1
430,3758,1
430,12856,1
430,9643,1
430,4638,1
430,1064,1
430,7652,1
430,10943,1
430,2149,1
430,2353,1
430,5128,1
430,2237,1
430,910,1
430,7917,1
430,2154,1
430,3520,1
430,12857,1
430,1585,1
430,12858,1
430,11572,1
430,7408,1
430,12859,1
430,12860,1
430,8375,1
430,4110,1
430,8580,1
430,2085,1
430,2288,1
430,12861,1
430,4015,1
430,12862,1
430,12863,1
430,12864,1
430,12865,1
430,458,1
430,459,1
430,473,1
430,474,1
431,3838,1
431,12866,1
432,1493,1
432,1966,1
432,636,1
432,1173,1
432,504,1
432,518,1
432,1975,1
432,3463,1
432,2382,1
432,12867,1
432,12868,1
432,932,1
432,10648,1
432,7689,1
432,7105,1
432,3499,-1
432,8983,1
432,12869,1
432,12870,1
432,12871,1
432,7025,1
432,12872,1
432,452,1
433,980,1
433,1175,1
433,4747,1
433,4787,1
433,1968,1
433,4868,1
433,4999,1
433,5025,1
434,1504,1
434,4977,1
434,4282,1
434,4909,1
434,682,1
434,726,1
434,733,1
434,740,1
434,1520,-1
434,1024,-1
434,852,-1
434,12873,1
434,4290,1
434,3624,1
434,1979,1
434,2107,1
434,1795,1
434,11175,1
434,4625,-1
434,1995,-1
434,871,-1
434,1542,-1
434,12874,1
434,3476,1
434,12875,1
434,5936,1
434,7067,1
434,10051,1
434,3644,-1
434,4311,1
434,2196,-1
434,12876,1
434,7209,-1
434,6043,1
434,2961,1
434,2818,1
434,12877,-1
434,2826,1
434,5977,1
434,12878,-1
434,5781,1
434,2678,1
434,5437,-1
434,5048,1
434,12209,-1
434,2982,1
434,8809,-1
434,5603,-1
434,3533,1
434,4376,1
434,12879,-1
434,2051,1
434,12880,1
434,12881,-1
434,12882,1
434,12883,-1
434,12884,1
434,8098,1
434,11689,-1
434,12885,-1
434,6860,-1
434,10107,1
434,12886,1
434,12887,1
434,12888,-1
434,12889,1
434,10633,1
434,12890,-1
434,12891,-1
434,12892,1
434,12893,-1
434,12894,-1
434,12895,-1
434,12896,-1
434,12897,-1
435,968,1
435,972,1
435,1172,1
435,1493,1
435,3436,1
435,1736,1
435,4823,1
435,2097,1
435,2471,1
435,12898,1
435,12899,-1
437,4832,1
437,926,-1
437,2710,1
438,1500,1
438,1736,1
438,994,1
438,995,1
438,4790,1
438,4283,1
438,1968,1
438,1176,1
438,544,-1
438,2098,1
438,1018,1
438,441,1
438,445,1
438,449,-1
438,450,1
438,480,1
438,490,1
438,497,1
438,520,1
438,677,1
438,679,1
438,715,-1
438,762,-1
438,789,1
438,2202,1
438,4556,1
438,853,1
438,2380,1
438,1715,1
438,1751,1
438,856,1
438,857,1
438,2597,1
438,1039,1
438,2207,1
438,2209,1
438,1041,1
438,1723,1
438,1189,1
438,2937,1
438,1055,-1
438,2196,-1
438,1825,1
438,9169,1
438,884,-1
438,1844,1
438,1251,1
438,6794,1
438,12900,1
438,11420,1
438,12901,1
438,6122,1
438,12902,1
438,12903,1
438,4654,1
438,12904,1
438,12905,1
438,12906,1
438,12907,1
438,12908,1
438,12909,1
438,12910,1
438,439,1
438,456,1
438,473,1
438,474,1
439,1494,1
439,635,1
439,576,1
439,1173,1
439,441,1
439,443,1
439,444,1
439,445,1
439,456,1
439,458,1
439,473,1
439,474,1
439,480,1
439,487,1
439,488,1
439,492,1
439,495,1
439,496,1
439,497,1
439,501,1
439,511,1
439,518,1
439,520,1
439,521,1
439,522,1
439,529,1
439,549,1
439,604,1
439,622,1
439,672,1
439,716,1
439,789,1
439,853,1
439,3198,1
439,1753,1
439,1718,1
439,2105,1
439,1031,1
439,1719,1
439,2476,1
439,2108,1
439,1035,1
439,2110,1
439,2112,1
439,1774,1
439,2115,1
439,2209,1
439,1041,1
439,2396,1
439,1721,1
439,1723,1
439,1783,1
439,1725,1
439,1785,1
439,1042,1
439,2120,1
439,1727,1
439,1787,1
439,2212,1
439,1788,1
439,1044,1
439,7440,1
439,1795,1
439,5699,1
439,1798,1
439,2128,1
439,2605,1
439,1730,1
439,6951,1
439,1814,1
439,1818,1
439,1552,1
439,2309,1
439,2226,1
439,1250,1
439,1847,1
439,2449,1
439,2151,1
439,2235,1
439,12911,1
439,2199,1
439,7048,1
439,12912,1
439,12913,1
439,12742,1
439,9531,1
439,12914,1
441,1494,1
441,635,1
441,983,1
441,995,1
441,2096,1
441,1173,1
441,444,1
441,445,1
441,450,1
441,456,1
441,459,1
441,462,1
441,473,1
441,474,1
441,488,1
441,489,1
441,490,1
441,492,1
441,495,1
441,496,1
441,497,1
441,511,1
441,519,1
441,520,1
441,522,1
441,524,1
441,529,1
441,534,1
441,538,1
441,540,1
441,549,1
441,604,1
441,646,1
441,672,1
441,675,1
441,679,1
441,696,1
441,709,1
441,735,1
441,2202,1
441,1972,1
441,2203,-1
441,920,1
441,2252,1
441,1715,1
441,921,-1
441,2381,1
441,2102,1
441,2104,1
441,1760,1
441,2105,1
441,2476,1
441,2108,1
441,1035,1
441,2192,1
441,2110,1
441,1039,1
441,2207,1
441,1774,1
441,2208,1
441,1775,1
441,1188,1
441,1777,1
441,2115,1
441,1041,1
441,1779,1
441,1722,1
441,1723,1
441,1724,1
441,1783,1
441,1725,1
441,1785,1
441,1042,1
441,2120,1
441,2210,1
441,2344,1
441,1727,1
441,2211,1
441,1787,1
441,2212,1
441,1788,1
441,2420,1
441,1044,1
441,2422,1
441,2193,1
441,1728,1
441,2122,1
441,2213,1
441,2214,1
441,12915,1
441,2216,1
441,1047,1
441,1049,1
441,2131,1
441,12657,1
441,2254,1
441,2255,1
441,11483,1
441,2728,1
441,9492,1
441,1730,1
441,2610,1
441,1814,1
441,2258,1
441,1550,1
441,1816,1
441,2614,1
441,2196,-1
441,10652,-1
441,1080,1
441,1082,1
441,1089,1
441,1106,-1
441,2225,1
441,2226,1
441,2351,1
441,2145,1
441,12916,1
441,5632,1
441,1839,1
441,2227,1
441,2627,-1
441,2029,1
441,2629,1
441,2630,1
441,2264,1
441,2232,1
441,2692,1
441,2235,1
441,11721,1
441,2236,1
441,2635,1
441,2354,1
441,2736,1
441,2237,1
441,12917,1
441,9495,1
441,2638,1
441,2639,1
441,8341,1
441,2650,1
441,2199,1
441,2356,1
441,1937,1
441,10554,1
441,3133,1
441,12041,1
441,12918,1
441,5172,1
441,11137,1
441,12919,1
441,5202,1
441,2248,1
441,12920,1
441,12921,1
441,12545,1
441,11103,1
441,10980,1
441,6750,1
441,12019,-1
441,12023,1
441,12134,1
441,12922,1
441,12923,1
441,12924,1
441,12925,1
441,458,1
442,1328,1
442,12926,1
442,11082,1
442,12927,1
442,2258,1
442,2802,1
442,10693,1
442,4093,1
442,12928,1
443,1494,1
443,1495,1
443,450,1
443,474,1
443,477,1
443,488,1
443,489,1
443,501,1
443,533,1
443,534,1
443,622,1
443,672,1
443,786,-1
443,809,1
443,1744,1
443,853,1
443,1747,1
443,1717,1
443,1752,1
443,921,1
443,1330,1
443,1760,1
443,1719,1
443,1762,-1
443,2476,-1
443,2192,1
443,1771,1
443,2114,1
443,1773,1
443,1774,1
443,2391,-1
443,1775,1
443,2209,1
443,1721,1
443,1780,1
443,1722,1
443,1724,1
443,2119,1
443,1725,1
443,2408,1
443,1726,1
443,1727,1
443,1787,1
443,1044,1
443,2422,1
443,8642,1
443,1797,1
443,2125,1
443,1802,1
443,878,1
443,2349,1
443,1811,1
443,2008,-1
443,2293,1
443,2140,1
443,1838,1
443,884,-1
443,2627,-1
443,2691,1
443,2265,1
443,10715,1
443,12929,1
443,1412,1
443,1956,1
443,8542,1
443,11726,1
443,4092,1
443,6059,1
443,12930,1
443,11735,1
443,2747,1
443,12931,1
443,2362,1
443,12932,1
443,12933,1
443,12934,-1
443,12935,1
443,2178,1
443,12936,1
443,12937,1
443,12938,1
443,12939,-1
444,1493,1
444,1494,1
444,635,1
444,636,1
444,4883,-1
444,577,1
444,1173,1
444,4624,1
444,445,1
444,447,1
444,450,1
444,456,1
444,459,1
444,462,1
444,464,-1
444,473,1
444,474,1
444,480,1
444,486,1
444,487,-1
444,488,1
444,489,1
444,495,1
444,496,1
444,497,1
444,501,-1
444,511,1
444,519,-1
444,520,1
444,521,1
444,524,1
444,529,1
444,533,1
444,534,1
444,549,1
444,604,1
444,626,1
444,654,1
444,679,1
444,762,-1
444,818,-1
444,842,-1
444,5888,1
444,8362,1
444,1025,-1
444,2299,1
444,2791,1
444,1747,1
444,920,1
444,2252,1
444,1715,1
444,11953,1
444,2474,1
444,10377,1
444,10378,1
444,10405,-1
444,2105,1
444,1761,1
444,1031,-1
444,1719,1
444,1762,-1
444,1763,1
444,2108,1
444,2109,-1
444,1035,1
444,1036,1
444,1039,1
444,1040,-1
444,1777,1
444,1778,1
444,2398,-1
444,1722,1
444,1723,1
444,1042,1
444,2120,1
444,2211,1
444,1787,1
444,1788,1
444,2420,1
444,1728,1
444,2477,1
444,3393,1
444,1198,1
444,1199,1
444,1794,1
444,12940,-1
444,2253,1
444,2124,-1
444,12941,1
444,2892,1
444,1798,1
444,6387,1
444,12565,-1
444,12942,1
444,10170,-1
444,11004,1
444,932,1
444,5369,1
444,3729,1
444,6285,1
444,2489,-1
444,4064,1
444,2255,1
444,7746,-1
444,2895,-1
444,10778,1
444,2257,1
444,1052,-1
444,12105,1
444,1729,1
444,1730,1
444,1812,1
444,1731,1
444,5101,1
444,1550,1
444,1817,1
444,12943,-1
444,12944,1
444,1054,-1
444,2218,1
444,2260,-1
444,1824,-1
444,2521,1
444,2534,1
444,2537,-1
444,12779,1
444,4070,-1
444,7992,1
444,3646,-1
444,12945,-1
444,12876,1
444,3731,1
444,12634,1
444,3650,1
444,4639,1
444,3931,1
444,1228,1
444,11937,1
444,12946,1
444,4529,-1
444,9510,-1
444,10603,-1
444,2224,-1
444,12947,1
444,12948,-1
444,9169,1
444,1069,1
444,1082,1
444,1101,1
444,1102,-1
444,1106,-1
444,1141,-1
444,12949,-1
444,7911,-1
444,7114,1
444,2026,1
444,5777,-1
444,12950,1
444,12951,1
444,12952,1
444,12953,1
444,12954,1
444,8366,1
444,10611,1
444,12955,1
444,12956,1
444,4084,1
444,9863,1
444,12957,1
444,12958,1
444,6186,1
444,12959,1
444,12960,1
444,12961,1
444,11980,1
444,12962,1
444,6105,1
444,12963,1
444,3507,1
444,12964,1
444,12965,1
444,12966,1
444,4227,1
444,6337,1
444,2691,1
444,12967,1
444,2228,1
444,2969,1
444,12968,1
444,12969,1
444,8339,1
444,12970,1
444,12287,1
444,11926,1
444,2028,1
444,8340,1
444,12971,1
444,2146,1
444,12972,1
444,5309,1
444,12973,1
444,1571,1
444,12974,1
444,12975,1
444,11563,1
444,6729,1
444,12976,1
444,12977,1
444,2147,1
444,2970,1
444,5124,1
444,4336,1
444,5125,1
444,11114,1
444,12978,1
444,12979,1
444,12980,1
444,12981,1
444,11679,1
444,11287,1
444,12982,1
444,2029,1
444,7635,1
444,1844,1
444,11011,1
444,12983,1
444,12984,1
444,5942,-1
444,12985,-1
444,12986,-1
444,12987,-1
444,12988,-1
444,2229,-1
444,2148,-1
444,12989,-1
444,12990,-1
444,12991,-1
444,4561,-1
444,12992,-1
444,12993,-1
444,12994,-1
444,11133,-1
444,12995,-1
444,12996,-1
444,12997,-1
444,12998,-1
444,12999,-1
444,9737,-1
444,13000,-1
444,13001,-1
444,3872,-1
444,2030,-1
444,13002,-1
444,13003,-1
444,9958,-1
444,2230,-1
444,13004,-1
444,2149,-1
444,13005,-1
444,13006,-1
444,11553,-1
444,13007,-1
444,10180,-1
444,13008,-1
444,13009,-1
444,10878,-1
444,10612,-1
444,13010,-1
444,6401,-1
444,13011,-1
445,994,1
445,2098,1
445,768,1
445,577,1
445,2587,1
445,544,1
445,458,1
445,474,1
445,480,1
445,487,1
445,495,1
445,497,1
445,501,1
445,503,1
445,511,1
445,521,1
445,524,1
445,529,1
445,558,1
445,604,1
445,646,1
445,672,1
445,679,1
445,686,1
445,715,1
445,735,1
445,759,1
445,765,1
445,2202,1
445,2682,1
445,2190,1
445,2252,1
445,11082,1
445,10154,1
445,1975,1
445,3625,1
445,1718,1
445,2105,1
445,1035,1
445,1037,1
445,2385,1
445,2112,1
445,1039,1
445,2115,1
445,1778,1
445,1722,1
445,1723,1
445,1724,1
445,2405,1
445,1042,1
445,1043,1
445,2413,1
445,2211,1
445,1787,1
445,2212,1
445,1788,1
445,2423,1
445,1790,1
445,1728,1
445,2121,1
445,2213,1
445,2684,1
445,2214,1
445,1797,1
445,8060,1
445,3910,1
445,1049,1
445,2130,1
445,1670,1
445,2131,1
445,2486,1
445,2255,1
445,2609,1
445,2729,1
445,1731,1
445,1054,1
445,1824,1
445,2813,1
445,1080,1
445,1084,1
445,1085,1
445,1101,1
445,2225,1
445,1839,1
445,10611,1
445,6105,1
445,4561,1
445,2151,1
445,12719,1
445,2237,1
445,5064,1
445,13012,1
445,12533,1
445,3233,1
445,2239,1
445,2659,1
445,5316,1
445,13013,1
445,9934,1
445,2842,1
445,7248,1
445,5731,1
445,4205,1
445,4103,1
445,13014,1
445,10890,1
445,13015,1
445,5381,1
445,13016,1
445,13017,1
445,13018,1
445,13019,1
445,11137,1
445,5181,1
445,13020,1
445,9283,1
445,13021,1
445,13022,1
445,13023,1
446,1183,-1
446,928,-1
446,7315,1
446,13024,1
446,13025,1
446,13026,1
446,13027,1
446,13028,1
448,535,1
448,13029,1
449,1460,1
449,1736,1
449,3453,1
449,4868,1
449,4893,-1
449,1176,1
449,13030,1
449,13031,1
450,1494,1
450,1495,1
450,850,1
450,995,1
450,1175,1
450,577,1
450,1173,1
450,1500,1
450,456,1
450,458,1
450,459,1
450,474,1
450,487,1
450,489,1
450,501,1
450,521,1
450,524,1
450,529,1
450,533,1
450,534,1
450,549,1
450,626,1
450,672,1
450,716,1
450,765,1
450,1747,1
450,1749,1
450,1715,1
450,1716,1
450,1752,1
450,921,1
450,1336,1
450,1718,1
450,10377,1
450,1760,1
450,2105,1
450,2114,1
450,2391,1
450,1777,1
450,2209,1
450,2396,1
450,1778,1
450,1721,1
450,1780,1
450,1722,1
450,1724,1
450,2119,1
450,1725,1
450,1042,1
450,2120,1
450,2344,1
450,1727,1
450,1787,1
450,2416,1
450,1788,1
450,2420,1
450,1044,1
450,2122,1
450,8642,1
450,1797,1
450,2938,1
450,11181,1
450,1802,1
450,1803,1
450,10777,1
450,2257,1
450,1729,1
450,1811,1
450,1812,1
450,1731,1
450,1824,1
450,1058,1
450,2293,1
450,4072,1
450,1733,1
450,1082,1
450,2225,1
450,2227,1
450,6603,1
450,3504,1
450,13032,1
450,11133,1
450,2230,1
450,9745,1
450,8882,1
450,2234,1
450,12917,1
450,9257,1
450,5147,1
450,8802,1
450,1376,1
450,1900,1
450,1940,1
450,8653,1
450,13033,1
450,11727,1
450,13034,1
450,13035,1
450,11137,1
450,13036,1
450,13037,1
450,7488,1
450,13038,1
450,13039,1
450,13040,1
450,13041,1
450,13042,1
450,13043,1
450,12931,1
450,13044,1
450,13045,1
450,2748,1
450,2362,1
450,13046,1
450,13047,1
450,13048,1
450,13049,1
450,13050,1
450,13051,1
450,5207,1
450,13052,1
450,13053,1
450,13054,1
451,634,1
451,1156,1
451,13055,1
452,995,1
452,471,1
452,518,1
452,522,1
452,538,1
452,619,1
452,715,1
452,5062,1
452,1036,1
452,2480,1
452,4301,1
452,7039,1
452,8450,1
452,3493,1
452,5723,1
452,8470,1
452,10947,1
452,7915,1
452,2317,1
452,1953,1
452,3526,1
452,13056,-1
452,13057,1
452,5560,1
452,10477,1
452,13058,1
452,13059,1
452,13060,1
453,3885,1
453,865,1
453,6956,1
453,7152,1
453,13061,1
455,1500,1
455,8482,1
455,13062,1
455,13063,1
456,1494,1
456,635,1
456,458,1
456,462,1
456,473,1
456,474,1
456,480,1
456,488,1
456,489,1
456,490,1
456,492,1
456,495,1
456,496,1
456,497,1
456,501,1
456,511,1
456,520,1
456,529,1
456,534,1
456,549,1
456,588,1
456,649,1
456,668,1
456,709,1
456,714,1
456,762,-1
456,765,1
456,2202,1
456,5303,1
456,920,1
456,2252,1
456,1715,1
456,1716,1
456,11953,1
456,2205,1
456,6547,1
456,2102,1
456,2474,1
456,1763,1
456,2476,1
456,2797,1
456,1035,1
456,1535,1
456,1037,1
456,1039,1
456,2113,1
456,1774,1
456,2208,1
456,2115,1
456,2209,1
456,1041,1
456,1778,1
456,1723,1
456,1783,1
456,1785,1
456,1786,1
456,1042,1
456,2210,1
456,1043,1
456,2211,1
456,1787,1
456,1788,1
456,2420,1
456,1790,1
456,2477,1
456,2124,-1
456,1539,1
456,867,1
456,1798,1
456,1168,1
456,2127,1
456,932,1
456,2130,1
456,7207,1
456,13064,1
456,2255,1
456,12105,1
456,2728,1
456,1729,1
456,1730,1
456,6951,1
456,1813,1
456,1731,1
456,1058,-1
456,2552,1
456,1830,1
456,9861,1
456,9169,1
456,1069,1
456,1080,1
456,1101,1
456,2145,1
456,11280,1
456,2628,1
456,11926,1
456,6729,1
456,2147,1
456,12981,1
456,2029,1
456,1844,1
456,11133,1
456,2632,1
456,2633,1
456,2235,1
456,12722,1
456,11117,1
456,2237,1
456,9739,1
456,1853,1
456,3233,1
456,5144,1
456,11137,1
456,13065,1
456,9496,1
456,1653,1
456,13066,1
456,13067,1
456,13068,1
457,4855,1
458,1460,1
458,1714,1
458,995,1
458,2096,1
458,577,1
458,1173,1
458,4864,1
458,544,-1
458,480,1
458,488,1
458,489,1
458,490,1
458,492,1
458,495,1
458,496,1
458,501,1
458,519,1
458,520,1
458,521,1
458,522,1
458,529,1
458,533,1
458,534,1
458,547,-1
458,716,-1
458,789,1
458,814,-1
458,852,1
458,2791,-1
458,2588,1
458,1715,1
458,921,-1
458,3624,-1
458,1028,-1
458,1183,-1
458,924,-1
458,858,1
458,927,1
458,2205,1
458,2594,1
458,9490,1
458,2723,1
458,2343,1
458,2105,1
458,1030,1
458,1031,1
458,3627,-1
458,1762,1
458,1763,1
458,2206,1
458,2108,1
458,1187,1
458,2392,1
458,1777,1
458,2209,1
458,1783,1
458,1785,1
458,1786,1
458,1727,1
458,1787,1
458,1198,1
458,1199,1
458,3778,-1
458,1203,-1
458,867,1
458,2125,1
458,1346,-1
458,2128,1
458,5063,1
458,5318,-1
458,10174,1
458,5891,-1
458,11483,1
458,2728,1
458,1729,1
458,1730,1
458,3758,1
458,1814,1
458,2493,1
458,1550,1
458,7010,1
458,4067,1
458,936,-1
458,3212,-1
458,1227,-1
458,1563,-1
458,2014,1
458,941,1
458,5845,-1
458,2022,-1
458,2352,1
458,948,-1
458,11894,1
458,1844,1
458,2031,1
458,13069,1
458,1169,-1
458,3305,1
458,11192,-1
458,2670,1
458,13070,-1
458,13071,-1
458,1921,1
458,11360,-1
458,2044,1
458,8653,-1
458,13072,1
458,9774,1
458,13073,-1
458,8715,1
458,3682,1
458,13074,-1
458,8198,-1
458,13075,-1
458,13076,-1
458,7138,-1
458,13077,1
458,6619,1
458,13078,1
458,13079,1
458,9884,1
458,3015,1
458,13080,1
458,7460,1
458,13081,1
458,13082,1
458,13083,1
458,13084,-1
458,13085,-1
458,13086,-1
458,13087,-1
458,13088,-1
458,13089,-1
458,13090,-1
458,13091,-1
458,13092,-1
458,13093,-1
458,13094,-1
458,13095,-1
458,13096,-1
458,459,1
458,474,1
459,1494,1
459,462,1
459,473,1
459,480,1
459,487,1
459,488,1
459,490,1
459,495,1
459,501,1
459,511,1
459,520,1
459,521,1
459,604,1
459,716,1
459,920,1
459,1030,1
459,1762,1
459,2597,1
459,1035,1
459,1723,1
459,1787,1
459,1788,1
459,2420,1
459,1798,1
461,630,1
461,800,-1
461,1744,1
461,2379,1
461,1715,-1
461,1185,-1
461,9848,-1
461,1757,-1
461,1196,-1
461,2933,1
461,13097,1
461,10779,1
461,1327,1
461,9745,-1
461,10796,1
461,13098,1
461,1440,1
461,5812,1
461,13099,1
461,13100,1
461,13101,1
461,13102,1
462,3436,1
462,635,1
462,1173,1
462,1023,-1
462,480,1
462,487,1
462,497,1
462,501,1
462,549,1
462,815,1
462,830,1
462,854,1
462,1526,1
462,1979,1
462,12197,1
462,1035,1
462,1039,1
462,1781,1
462,1723,1
462,1783,1
462,2405,1
462,1042,1
462,1342,1
462,932,1
462,1543,1
462,877,1
462,2622,1
462,2044,1
462,473,1
462,474,1
463,13103,-1
464,1175,-1
464,837,-1
464,920,-1
464,5546,-1
464,3333,-1
464,2701,-1
464,3627,-1
464,6463,1
464,13104,-1
464,1767,-1
464,12855,-1
464,10445,-1
464,2799,-1
464,11405,-1
464,877,-1
464,13105,-1
464,3488,-1
464,1359,-1
464,13106,1
464,13107,-1
464,2224,1
464,1069,-1
464,5309,-1
464,12041,-1
464,5771,1
464,13108,-1
464,9004,-1
464,13109,1
464,5994,-1
464,4125,-1
464,12313,-1
464,13110,-1
464,13111,-1
464,13112,-1
464,13113,1
464,13114,-1
464,13115,-1
464,13116,-1
464,13117,-1
464,13118,-1
466,1504,1
466,13119,1
466,2436,1
467,10076,1
467,12650,1
467,13120,1
468,10175,1
468,8182,1
468,11984,1
469,2701,-1
469,1184,-1
470,1173,-1
470,634,1
470,487,1
470,753,1
470,8443,1
470,1946,1
470,13121,1
470,13122,1
470,13123,1
470,10482,1
471,1490,1
471,1493,1
471,634,1
471,3449,1
471,1736,1
471,1175,-1
471,4855,1
471,4883,1
471,3772,1
471,4973,1
471,4978,-1
471,1460,1
471,5408,-1
471,13124,1
471,9858,-1
471,10051,1
471,3488,1
471,9618,1
471,8482,1
471,12617,1
471,13125,1
471,6563,1
471,13126,1
471,13127,1
471,10905,1
471,13128,-1
471,13129,1
471,13130,1
472,807,1
472,1173,1
472,2590,1
472,926,-1
472,13131,1
472,933,1
472,1364,1
472,1593,1
472,12752,1
473,807,-1
473,1494,1
473,635,1
473,4283,1
473,474,1
473,480,1
473,488,1
473,489,1
473,495,1
473,497,1
473,501,1
473,511,1
473,520,1
473,529,1
473,533,1
473,604,1
473,672,1
473,709,1
473,762,1
473,789,1
473,798,1
473,10593,1
473,13119,1
473,1740,1
473,1025,1
473,2203,-1
473,921,1
473,1184,1
473,2723,1
473,2105,1
473,1031,1
473,1719,1
473,1762,1
473,2476,1
473,2108,1
473,2110,1
473,1188,1
473,2209,1
473,1779,1
473,1722,1
473,1723,1
473,2403,1
473,1783,1
473,1785,1
473,1042,-1
473,2120,1
473,1787,1
473,2420,1
473,1790,1
473,2121,1
473,1794,1
473,8524,1
473,870,1
473,2128,1
473,1803,1
473,1052,1
473,2728,1
473,1810,1
473,1729,1
473,2610,1
473,6951,1
473,3758,1
473,10262,1
473,1731,1
473,1824,1
473,1830,1
473,13132,1
473,1833,1
473,10652,1
473,2017,1
473,5632,1
473,2227,1
473,2147,1
473,2632,1
473,2151,1
473,9494,1
473,2235,1
473,2736,1
473,2237,1
473,2664,1
473,8434,1
473,13133,1
473,11033,1
473,11045,1
473,13134,1
473,13135,1
473,13136,1
473,13137,1
473,13138,1
473,13139,1
474,1494,1
474,1714,1
474,995,1
474,4841,1
474,1500,1
474,1017,1
474,635,1
474,994,1
474,2096,1
474,4739,1
474,2097,1
474,2587,1
474,477,1
474,480,1
474,486,1
474,487,1
474,488,1
474,489,1
474,490,1
474,495,1
474,496,1
474,497,1
474,501,1
474,511,1
474,519,1
474,520,1
474,521,1
474,524,1
474,532,1
474,534,1
474,549,1
474,604,1
474,622,1
474,646,1
474,649,1
474,672,1
474,690,1
474,709,1
474,714,1
474,716,1
474,735,1
474,759,1
474,762,1
474,765,1
474,786,1
474,2202,1
474,1972,1
474,1024,1
474,1025,1
474,853,1
474,2473,1
474,920,1
474,2252,1
474,1715,1
474,1716,1
474,1717,1
474,921,1
474,2381,1
474,1757,1
474,2102,1
474,1718,1
474,2474,1
474,10377,1
474,2104,1
474,1760,1
474,2191,1
474,2105,1
474,1031,1
474,1762,1
474,1763,1
474,2476,1
474,3775,1
474,2597,1
474,2109,1
474,1035,1
474,1535,1
474,1036,1
474,2110,1
474,864,1
474,2111,1
474,2388,1
474,2112,1
474,2207,1
474,2113,1
474,2114,1
474,1774,1
474,2392,1
474,1775,1
474,2115,1
474,2209,1
474,1041,1
474,1721,1
474,1779,1
474,2397,1
474,2118,1
474,1723,1
474,1724,1
474,1783,1
474,1725,1
474,2404,1
474,1785,1
474,2408,1
474,1786,1
474,1726,1
474,1042,1
474,2120,1
474,2210,1
474,1727,1
474,1043,1
474,2413,1
474,2211,1
474,1787,1
474,2212,1
474,1788,1
474,2420,1
474,2421,1
474,1044,1
474,1339,1
474,2193,1
474,1790,1
474,1728,1
474,1791,1
474,2425,1
474,2122,1
474,2213,1
474,1342,1
474,10597,1
474,2253,1
474,2124,1
474,1539,1
474,1798,1
474,2127,1
474,2128,1
474,1049,1
474,2130,1
474,2131,1
474,1803,1
474,10600,1
474,2255,1
474,1052,1
474,1809,1
474,2134,1
474,2728,1
474,2349,1
474,1730,1
474,2610,1
474,1812,1
474,1731,1
474,1816,1
474,1818,1
474,1552,1
474,2138,1
474,2197,1
474,1058,1
474,2309,1
474,1561,1
474,1836,1
474,7594,1
474,1089,1
474,2225,1
474,2226,1
474,1839,1
474,6603,1
474,2627,1
474,2628,1
474,3228,1
474,3759,1
474,12700,1
474,2231,1
474,2630,1
474,2234,1
474,2235,1
474,1848,1
474,12168,1
474,2266,1
474,2237,1
474,2037,1
474,2638,1
474,13140,1
474,3517,1
474,2239,1
474,2651,1
474,2199,1
474,2357,1
474,1865,1
474,1931,1
474,13141,1
474,13142,1
476,4790,1
476,2097,1
476,2594,1
476,1984,1
476,3902,1
476,2124,1
476,13143,1
476,13144,1
476,7554,1
476,13145,1
476,13146,1
476,13147,1
476,13148,1
476,13149,1
477,3332,1
477,4787,1
477,637,1
477,480,1
477,13150,1
480,1494,1
480,635,1
480,994,1
480,2096,1
480,4841,1
480,488,1
480,495,1
480,496,1
480,497,1
480,501,1
480,511,1
480,521,1
480,522,1
480,529,-1
480,533,1
480,604,1
480,679,1
480,762,-1
480,10593,1
480,1972,1
480,921,1
480,2102,1
480,3755,1
480,1762,1
480,929,1
480,2208,1
480,2115,1
480,1721,1
480,1723,1
480,2405,1
480,2210,1
480,1727,1
480,2211,1
480,1788,1
480,1044,1
480,1728,1
480,1791,1
480,3467,1
480,2214,1
480,5413,1
480,2728,1
480,1730,1
480,2610,1
480,2729,1
480,3758,1
480,1054,1
480,1055,-1
480,2139,-1
480,1084,1
480,1141,1
480,2227,1
480,2627,-1
480,2690,1
480,2149,1
480,2233,1
480,10613,-1
480,2235,1
480,2236,1
480,5702,1
480,2153,1
480,10720,1
480,2694,1
480,2239,1
480,11019,1
480,11088,-1
480,13151,1
480,12545,1
480,11959,1
480,11717,1
480,13152,1
480,12925,1
480,13153,1
480,13154,1
480,13155,1
480,13156,1
480,13157,1
480,13158,1
480,13159,-1
480,13160,-1
480,13161,-1
480,13162,-1
480,13163,-1
481,2096,1
481,530,1
481,1520,1
481,3529,1
481,13164,-1
481,13165,1
481,7940,-1
481,13166,1
481,11427,1
481,13167,1
481,13168,1
481,13169,1
482,4867,1
482,5411,1
483,13170,-1
483,13171,-1
484,636,1
484,4847,1
484,4855,-1
484,4935,1
484,544,1
484,526,1
484,7755,1
484,2589,1
484,13172,-1
484,11814,1
484,1752,1
484,9708,1
484,10047,1
484,10399,1
484,9932,1
484,8335,1
484,2929,1
484,3628,1
484,3869,1
484,1537,1
484,3353,1
484,1793,1
484,865,1
484,8776,1
484,2941,1
484,13173,1
484,7590,1
484,8136,1
484,3486,1
484,10535,1
484,8921,1
484,8980,1
484,2011,-1
484,7011,1
484,10059,1
484,13174,1
484,8232,1
484,11185,1
484,10875,1
484,13175,1
484,13176,1
484,9168,1
484,8478,1
484,7908,-1
484,5422,1
484,6601,1
484,13177,1
484,4333,1
484,3939,-1
484,4078,1
484,3117,1
484,10783,1
484,13178,1
484,13179,1
484,13180,1
484,13181,1
484,6048,1
485,995,1
485,2097,1
486,995,1
486,4747,1
486,4782,1
487,3436,-1
487,4726,-1
487,4893,-1
488,1494,1
488,1500,1
488,635,1
488,4726,-1
488,4283,1
489,1494,1
489,635,1
490,4283,1
490,4891,1
491,1458,1
495,1494,1
495,2585,1
495,4883,-1
496,1494,1
497,1494,1
497,635,1
497,993,1
497,995,1
497,2096,1
498,983,1
498,4999,1
499,634,1
499,1460,1
499,4703,1
499,1968,1
499,4853,1
499,4867,1
499,2097,1
501,1494,1
501,635,1
501,995,1
501,2096,1
506,1493,1
508,995,1
508,544,-1
510,1966,1
510,3449,1
510,980,1
510,4747,1
511,1494,1
511,635,1
511,995,1
515,1172,-1
517,1173,1
517,1493,1
517,3436,1
517,1968,1
518,3436,-1
518,3449,1
518,1736,1
518,1967,1
518,4791,1
518,4283,1
518,4883,-1
520,1494,1
520,3436,-1
520,635,1
520,985,1
520,1175,1
520,636,1
520,4283,1
520,4883,-1
520,4893,-1
521,1494,1
521,635,1
521,1714,1
521,995,1
521,2096,1
522,1500,1
522,985,1
522,4283,1
522,637,1
524,1714,1
524,995,1
524,1328,1
525,4796,1
525,3455,1
525,2471,1
527,995,1
529,1494,1
529,2096,1
532,992,-1
532,4741,1
532,4893,1
533,1494,1
534,1494,1
534,1714,1
534,995,1
536,1458,1
536,980,1
536,4726,1
536,3332,1
536,4555,1
537,4730,1
538,3454,1
538,980,1
538,983,1
538,4707,1
538,4726,1
538,4728,1
538,4730,1
538,4833,1
538,4867,1
538,4868,-1
538,4870,1
538,4883,-1
538,4901,1
538,2587,1
538,4955,-1
538,1969,1
538,4977,1
539,4726,1
539,4883,-1
539,3772,1
539,544,-1
539,4999,1
540,4726,-1
540,3332,1
540,4785,1
540,2585,1
543,544,-1
544,3449,1
544,980,1
544,4699,1
544,4706,-1
544,4726,1
544,4730,-1
544,4762,-1
544,4765,1
544,4774,1
544,4780,-1
544,4784,-1
544,2770,-1
544,4791,-1
544,3884,-1
544,4846,1
544,4856,-1
544,4883,1
544,4901,1
544,1173,-1
544,1505,1
544,2097,1
544,581,-1
544,622,-1
544,630,-1
544,699,-1
544,809,-1
544,814,-1
544,855,1
544,3333,-1
544,858,-1
544,1976,1
544,7893,-1
544,3463,-1
544,2594,-1
544,3774,-1
544,2104,-1
544,2433,-1
544,1508,1
544,3627,-1
544,4210,1
544,3896,-1
544,1765,-1
544,1766,1
544,2108,-1
544,2109,1
544,7894,1
544,7895,1
544,2398,-1
544,3356,1
544,1191,-1
544,1793,1
544,3384,-1
544,1199,-1
544,2123,-1
544,7896,-1
544,1991,1
544,3756,1
544,5719,1
544,2933,-1
544,3633,-1
544,871,1
544,931,-1
544,1048,1
544,7897,-1
544,7898,-1
544,3205,-1
544,874,-1
544,4218,-1
544,7304,-1
544,2001,-1
544,7899,-1
544,2491,1
544,5036,-1
544,1816,-1
544,7900,-1
544,1470,-1
544,3925,1
544,6810,1
544,2705,-1
544,2528,1
544,4638,-1
544,7901,-1
544,7902,1
544,3651,1
544,7903,1
544,7904,1
544,5111,-1
544,2013,-1
544,6288,-1
544,6100,-1
544,7905,1
544,1563,1
544,7906,-1
544,7907,-1
544,7908,-1
544,7909,-1
544,2900,1
544,6484,-1
544,7910,1
544,7911,-1
544,6956,1
544,4078,-1
544,2352,-1
544,7912,-1
544,7913,-1
544,3846,-1
544,7397,-1
544,7244,1
544,7914,-1
544,7915,-1
544,7916,1
544,900,-1
544,5781,-1
544,7917,-1
544,7918,-1
544,7919,-1
544,7920,1
544,7921,1
544,6197,-1
544,7922,-1
544,7923,-1
544,7924,-1
544,7925,-1
544,7926,-1
544,7927,-1
544,1582,-1
544,3850,-1
544,7928,-1
544,1415,-1
544,1925,1
544,1958,1
544,1964,-1
544,7929,-1
544,7405,-1
544,7118,-1
544,7930,-1
544,7931,-1
544,7932,-1
544,7933,-1
544,7934,1
544,7935,-1
544,7936,-1
544,7937,-1
544,7938,-1
544,4391,1
544,7939,-1
544,7940,1
544,7941,1
544,2054,1
544,7942,-1
544,7943,-1
544,7944,1
544,7945,-1
544,5192,-1
544,7946,-1
544,3867,1
544,7947,-1
544,7948,-1
544,7949,-1
544,7950,-1
544,7138,-1
544,7951,-1
544,7952,-1
544,7953,-1
544,7954,-1
544,7955,-1
544,7956,1
544,7957,-1
544,7615,-1
544,7958,-1
544,7959,-1
544,7960,1
544,7961,1
544,7962,-1
544,7963,-1
544,7964,1
544,7965,-1
544,7170,-1
544,7349,-1
544,7966,1
544,7967,1
544,7968,1
544,7969,1
544,7970,-1
544,7971,-1
544,7972,-1
544,7973,-1
544,7974,-1
544,7975,-1
544,7976,-1
544,7977,-1
544,7978,-1
544,7979,-1
544,7980,-1
544,7981,-1
544,7982,-1
544,7983,-1
544,7984,-1
544,1969,1
544,4989,-1
544,3079,-1
544,5014,-1
544,5016,-1
545,1493,1
547,1493,1
547,1174,1
547,634,1
547,1460,1
547,3436,1
547,980,1
547,992,1
547,4717,-1
547,4735,1
547,4796,1
547,1328,1
547,5026,1
549,1458,-1
549,4553,1
550,1458,-1
551,1504,1
551,1458,-1
551,3436,1
553,4785,1
555,995,1
556,4841,1
558,1504,1
561,1174,1
561,850,1
562,1493,1
562,1504,1
566,3436,-1
567,3449,1
569,1502,1
570,634,1
575,4741,1
576,967,1
576,771,1
576,577,1
577,970,1
577,1489,1
577,1173,1
577,1490,1
577,1491,1
577,1492,1
577,1493,1
577,1494,1
577,1495,1
577,1174,1
577,1496,1
577,1497,1
577,1498,1
577,1499,1
577,1500,1
577,1501,1
577,1502,1
577,1017,1
577,1503,1
577,1504,1
577,1505,1
577,634,1
577,1506,1
581,634,1
581,4883,-1
582,4841,1
583,1503,1
583,983,1
583,2587,1
585,1460,1
587,1460,1
587,980,1
587,995,1
587,636,1
587,4728,1
587,3771,-1
587,2585,1
587,4821,1
587,4832,1
587,4838,1
587,4853,1
587,4935,1
587,2786,1
588,4731,1
588,4856,1
588,4977,1
595,4554,1
599,992,-1
599,636,1
599,2770,-1
599,4853,-1
599,4901,-1
599,4999,1
601,1968,1
604,1494,1
604,635,1
604,2096,1
604,4283,1
606,1504,1
608,4787,1
610,972,1
610,3436,1
610,4790,1
610,4960,1
614,1460,1
615,1504,1
615,634,1
615,1458,-1
615,1460,1
615,636,1
615,4893,-1
615,637,1
616,637,1
617,3885,1
619,1737,1
621,4853,-1
621,4893,1
621,5025,1
622,995,1
622,2096,1
622,4978,-1
623,4774,1
626,807,-1
626,1172,-1
627,980,1
627,4853,1
628,3436,1
628,4790,1
628,4796,-1
628,3772,-1
630,980,1
630,4553,-1
631,995,1
634,1966,1
634,781,1
634,2918,1
634,1328,1
634,2682,1
634,2919,1
634,2890,1
634,2920,1
634,2921,1
634,1975,1
634,2922,1
634,2923,1
634,1530,1
634,2205,1
634,2924,1
634,2925,1
634,2474,1
634,2104,1
634,2723,1
634,2926,1
634,2927,1
634,2928,1
634,2929,1
634,1768,1
634,2110,1
634,2113,1
634,1722,1
634,2930,1
634,1796,1
634,2931,1
634,2932,1
634,2933,1
634,1993,1
634,1668,1
634,2934,1
634,2437,1
634,2126,1
634,2603,1
634,2935,1
634,2936,1
634,2937,1
634,2938,1
634,2939,1
634,2940,1
634,1544,1
634,2941,1
634,1804,1
634,2942,1
634,2943,1
634,2944,1
634,2945,1
634,2946,1
634,2947,1
634,2948,1
634,2949,1
634,2293,1
634,2950,1
634,1064,1
634,2951,1
634,2952,1
634,2953,1
634,2815,1
634,2443,1
634,2954,1
634,2955,1
634,2956,1
634,2957,1
634,2958,1
634,2959,1
634,2960,1
634,2961,1
634,2962,1
634,2963,1
634,2964,1
634,2965,1
634,2966,1
634,2967,1
634,2351,1
634,2968,1
634,2969,1
634,2970,1
634,2971,1
634,2972,1
634,2973,1
634,2974,1
634,2975,1
634,2976,1
634,2977,1
634,2978,1
634,2979,1
634,2980,1
634,2981,1
634,1863,1
634,2982,1
634,2983,1
634,2984,1
634,2985,1
634,2986,1
634,2987,1
634,2988,1
634,2989,1
634,2990,1
634,2991,1
634,2992,1
634,2993,1
634,2994,1
634,2995,1
634,2996,1
634,2997,1
634,2998,1
634,2999,1
634,3000,1
634,3001,1
634,3002,1
634,3003,1
634,3004,1
634,3005,1
634,3006,1
634,3007,1
634,2243,1
634,3008,1
634,2361,1
634,2461,1
634,3009,1
634,3010,1
634,3011,1
634,3012,1
634,3013,1
634,3014,1
634,3015,1
634,3016,1
634,3017,1
634,3018,1
634,3019,1
634,3020,1
634,3021,1
634,3022,1
634,3023,1
634,3024,1
634,3025,1
634,1659,1
634,3026,1
634,3027,1
634,3028,1
634,3029,1
634,3030,1
634,3031,1
634,3032,1
634,3033,1
634,3034,1
634,3035,1
634,3036,1
634,3037,1
634,3038,1
634,3039,1
634,3040,1
634,3041,1
634,3042,1
634,3043,1
634,3044,1
634,3045,1
634,3046,1
634,3047,1
634,3048,1
634,3049,1
634,3050,1
634,3051,1
634,3052,1
634,3053,1
634,3054,1
634,3055,1
634,3056,1
634,3057,1
634,3058,1
634,3059,1
634,980,1
634,4853,1
634,637,1
635,1734,1
635,995,1
635,672,1
635,675,1
635,696,1
635,2202,1
635,2252,1
635,1336,1
635,3755,1
635,2105,1
635,1719,1
635,2476,1
635,1036,1
635,863,1
635,2207,1
635,1775,1
635,1721,1
635,1779,1
635,1780,1
635,1723,1
635,1785,1
635,2120,1
635,2210,1
635,1787,1
635,2212,1
635,2418,1
635,1788,1
635,2420,1
635,2193,1
635,2122,1
635,2213,1
635,1539,1
635,3756,1
635,2255,1
635,3757,1
635,2728,1
635,3758,1
635,1731,1
635,1324,1
635,2137,1
635,2139,1
635,2542,1
635,1069,1
635,1104,-1
635,1117,1
635,2225,1
635,2145,1
635,3759,1
635,2234,1
635,3760,1
635,2239,1
635,3761,1
635,3762,1
635,3763,1
635,3764,1
635,3765,1
635,3766,1
635,3767,1
635,3768,1
635,3769,1
636,995,1
636,970,1
636,1173,1
636,1504,1
636,4900,1
636,1328,1
636,2587,1
636,2471,1
636,656,1
636,666,1
636,679,1
636,740,1
636,1520,1
636,852,1
636,1743,-1
636,920,1
636,5546,1
636,1754,1
636,3463,1
636,1979,1
636,5547,1
636,1534,1
636,1795,1
636,5548,1
636,1985,1
636,2932,1
636,1798,1
636,2799,1
636,1995,-1
636,5549,1
636,5318,-1
636,877,1
636,2495,1
636,1053,-1
636,5550,1
636,2706,1
636,1117,1
636,1140,1
636,5551,1
636,4333,-1
636,5552,1
636,5553,1
636,5554,1
636,5555,1
636,5556,1
636,5557,1
636,1586,1
636,1588,1
636,3133,1
636,5163,1
636,3967,1
636,5558,1
636,5559,1
636,5560,1
636,4275,1
636,5185,1
636,5561,1
636,5562,1
636,5563,1
636,5564,1
636,5565,1
636,5566,1
636,5567,1
636,5568,1
636,5569,1
636,5570,-1
636,4841,1
636,4846,1
636,1005,1
636,1176,1
636,5025,1
637,980,1
637,995,1
637,4776,1
637,1967,1
637,1968,1
637,4898,1
637,638,1
637,644,1
637,683,1
637,703,1
637,718,1
637,720,1
637,746,1
637,7514,1
637,1520,1
637,2890,1
637,7515,1
637,6546,1
637,2592,1
637,2205,1
637,5547,1
637,5062,1
637,3777,1
637,4297,1
637,3296,1
637,3779,1
637,3631,1
637,7516,1
637,3756,1
637,7517,1
637,5719,1
637,3910,1
637,3911,1
637,3485,1
637,7518,1
637,7519,1
637,2729,1
637,7520,1
637,7521,1
637,2499,1
637,2537,1
637,7522,1
637,3303,1
637,3932,1
637,7523,1
637,2958,1
637,7524,1
637,7525,1
637,7526,1
637,7527,1
637,1075,1
637,3505,1
637,7528,1
637,7529,1
637,7530,1
637,7531,1
637,7532,1
637,7533,1
637,7044,1
637,7534,1
637,6408,1
637,5151,1
637,2984,1
637,7535,1
637,7536,1
637,7537,1
637,7538,1
637,7539,1
637,7540,1
637,6345,1
637,7541,1
637,7542,1
637,7543,1
637,7544,1
637,7545,1
637,7546,1
637,7547,1
637,7548,1
637,7549,1
637,7550,1
637,7551,1
637,7552,1
637,3016,1
637,7553,1
637,7554,1
637,3609,1
637,7555,1
637,7556,1
637,7557,1
637,7558,1
637,7559,1
637,7560,1
637,7561,1
637,7562,1
637,7563,1
637,7564,1
637,7565,1
637,7566,1
637,7567,1
637,7568,1
637,7569,1
637,7570,1
637,7571,1
637,7572,1
637,7573,1
637,7574,1
637,7575,1
637,7576,1
637,7577,1
637,7578,1
637,7579,1
637,7580,1
640,1968,1
641,1507,1
641,1738,1
641,4883,-1
641,3772,1
641,2587,1
643,4765,-1
643,4868,-1
644,4977,1
645,992,1
645,4713,1
645,1969,1
646,1494,1
646,994,1
646,995,1
646,4752,1
647,4841,1
648,4955,-1
651,3772,1
651,4975,1
653,993,1
654,1504,1
654,1458,1
654,3449,1
654,4686,1
654,4894,-1
654,3885,1
656,2770,-1
656,4553,-1
656,4868,1
656,2587,1
656,2098,1
656,5025,1
665,2471,1
666,3449,1
666,4730,-1
666,4752,1
666,2770,1
666,4791,-1
666,4847,1
666,4868,1
666,4916,-1
666,4973,-1
666,4998,1
668,1460,1
668,2096,1
668,4821,1
670,3436,-1
671,4984,1
672,1494,1
672,2584,1
673,1005,-1
675,1493,1
675,1494,1
675,1460,1
675,995,1
675,2096,1
675,4747,1
675,1967,1
675,4823,1
677,1458,-1
679,994,1
679,4887,-1
679,4985,1
679,4996,-1
681,3436,1
682,1458,1
682,3449,1
682,980,1
682,1737,1
682,4846,1
683,1504,1
683,4686,1
683,4855,1
684,1736,1
686,1504,1
686,1458,1
686,980,1
686,993,1
686,4853,1
686,2098,1
690,807,-1
692,995,1
692,1967,1
692,4804,1
692,4855,-1
692,1005,-1
693,1460,1
693,4717,1
693,4833,1
693,3772,1
695,4726,1
695,3455,1
699,1494,1
699,4813,1
699,4984,1
701,980,1
701,4889,1
703,995,1
704,1173,-1
704,1460,1
704,3449,1
704,4730,1
704,4796,1
704,4838,1
711,992,1
711,4791,1
711,4856,1
711,4998,1
711,5019,1
711,5025,1
714,1494,1
714,4854,1
715,1173,-1
715,1503,-1
715,1460,1
715,3438,-1
715,3453,1
715,980,1
715,4782,1
715,2770,-1
715,4798,1
715,4804,1
715,4853,1
715,4854,-1
715,4905,-1
715,2918,1
715,2587,1
715,1176,1
715,4973,1
715,4977,1
715,2471,1
715,4998,1
715,5022,1
716,1495,1
716,1460,1
716,4283,1
717,980,1
717,1737,1
718,1467,1
719,982,1
723,1173,-1
723,4283,1
725,980,1
726,4765,-1
727,807,-1
729,1736,1
729,2096,1
729,4791,1
729,4985,1
732,3455,1
735,1494,1
737,1504,1
737,4855,1
740,971,-1
740,1503,-1
740,1504,1
740,992,-1
740,4706,1
740,4797,1
740,4856,-1
740,2587,1
740,4955,1
740,4967,1
740,5025,1
741,1504,1
741,4282,1
747,4846,1
750,3449,1
750,4553,1
753,4706,1
753,4751,1
753,1968,1
753,4855,-1
757,982,1
757,4796,-1
758,5288,1
762,1173,-1
762,3449,1
762,1023,1
762,2096,-1
762,4736,1
762,1967,1
762,4796,1
762,4814,-1
762,4905,-1
762,1005,1
762,4989,-1
762,5020,1
764,4796,1
765,4555,1
767,967,1
767,773,1
767,777,1
767,996,1
767,997,1
767,998,1
767,999,1
767,1000,1
767,1001,1
767,1002,1
767,1003,1
768,1172,1
768,770,-1
768,1020,1
768,1734,1
768,980,1
769,1471,1
769,1474,1
769,1475,1
770,3089,1
770,1020,1
771,1020,1
772,1020,1
772,1499,1
772,3324,1
772,774,1
773,777,1
773,3325,1
773,3326,-1
773,3327,1
773,3328,1
773,3329,1
773,3330,1
773,3331,1
774,1172,1
774,1174,-1
774,1461,-1
774,1018,-1
774,850,-1
774,1507,-1
774,3332,-1
774,2379,-1
774,2426,-1
774,921,-1
774,1528,-1
774,3333,-1
774,2701,-1
774,858,-1
774,926,-1
774,1332,-1
774,2398,-1
774,1781,-1
774,1724,1
774,3334,1
774,3335,1
774,3336,1
774,3337,1
774,3338,1
774,3339,1
774,3340,1
774,3341,1
774,3342,1
774,3343,1
774,3344,1
774,3345,1
774,3346,1
774,1792,1
774,3347,1
774,3348,1
774,3349,1
774,3350,1
774,3351,1
774,3352,-1
774,3353,-1
774,2930,-1
774,3354,-1
774,1190,-1
774,3355,-1
774,3356,-1
774,3357,-1
774,2303,-1
774,1191,-1
774,3358,-1
774,3359,-1
774,3360,-1
774,3361,-1
774,3362,-1
774,3363,-1
774,1192,-1
774,3364,-1
774,1342,-1
774,3365,-1
774,3366,-1
774,3367,-1
774,1193,-1
774,3368,-1
774,2477,-1
774,1194,-1
774,3369,-1
774,3370,-1
774,3371,-1
774,3372,-1
774,3373,-1
774,3374,-1
774,3375,-1
774,3376,-1
774,3377,-1
774,3378,-1
774,3379,-1
774,3380,-1
774,3381,-1
774,1793,-1
774,1195,-1
774,3382,-1
774,3383,-1
774,3384,-1
774,1196,-1
774,3385,-1
774,3386,-1
774,3387,-1
774,3388,-1
774,3389,-1
774,3390,-1
774,3391,-1
774,2434,-1
774,3392,-1
774,3393,-1
774,1197,-1
774,3394,-1
774,3395,-1
774,3396,-1
774,3397,-1
774,3398,-1
774,1198,-1
774,3399,-1
774,3400,-1
774,3401,-1
774,3402,-1
774,3403,-1
774,3404,-1
774,3405,-1
774,3406,-1
774,3407,-1
774,2304,-1
774,3408,-1
774,3409,-1
774,3410,-1
774,3411,-1
774,3412,-1
774,3413,-1
774,3414,-1
774,3415,-1
774,1199,-1
774,3416,-1
774,3417,-1
774,3418,-1
774,3419,-1
774,3420,-1
774,3421,-1
774,3422,-1
774,3423,-1
774,3424,-1
774,3425,-1
774,3426,-1
774,3427,-1
774,3428,-1
774,3429,-1
774,3430,-1
774,1983,-1
774,3431,-1
774,3432,-1
775,3433,1
775,3434,1
779,780,1
779,782,1
779,1070,1
779,1501,1
779,1020,1
780,1020,1
780,2613,1
780,3320,1
780,3321,1
780,3322,1
780,3323,1
780,4960,1
781,970,1
781,4283,1
781,4894,1
781,4960,1
781,5025,1
789,807,-1
789,1174,1
789,1500,1
789,3436,1
789,850,1
795,1498,1
798,807,-1
798,1174,1
798,850,1
806,3772,1
807,1173,-1
807,1174,1
807,1018,-1
807,850,-1
807,1175,-1
807,1176,-1
807,809,-1
807,828,-1
807,853,-1
807,919,-1
807,921,-1
807,857,-1
807,1177,-1
807,1178,-1
807,1179,-1
807,1180,-1
807,923,-1
807,1181,-1
807,1182,-1
807,1183,-1
807,924,-1
807,925,-1
807,1184,-1
807,926,-1
807,1185,-1
807,1029,-1
807,1186,-1
807,860,-1
807,1031,-1
807,929,-1
807,1187,-1
807,1188,-1
807,1189,-1
807,1190,-1
807,1191,-1
807,1192,-1
807,1193,-1
807,1194,-1
807,1195,-1
807,1196,-1
807,1197,-1
807,1198,-1
807,1199,-1
807,1200,-1
807,1201,-1
807,1202,-1
807,1203,-1
807,1204,-1
807,1205,-1
807,1206,-1
807,1207,-1
807,1208,-1
807,932,-1
807,1209,-1
807,1210,-1
807,875,-1
807,1211,-1
807,1212,-1
807,1213,-1
807,1214,-1
807,1052,-1
807,1215,-1
807,1216,-1
807,1217,-1
807,1218,-1
807,1219,-1
807,1220,-1
807,1221,-1
807,935,-1
807,1222,-1
807,1223,-1
807,1224,-1
807,1225,-1
807,1226,-1
807,1227,-1
807,938,-1
807,1228,-1
807,1229,-1
807,1230,-1
807,1231,-1
807,1114,-1
807,1116,-1
807,1125,-1
807,1134,-1
807,1232,-1
807,944,-1
807,945,-1
807,946,-1
807,1233,-1
807,1234,-1
807,1235,-1
807,1236,-1
807,1237,-1
807,1238,-1
807,1239,-1
807,1240,-1
807,1241,-1
807,1242,-1
807,1243,-1
807,1244,-1
807,1245,-1
807,1246,-1
807,1247,-1
807,949,-1
807,1248,-1
807,1249,-1
807,1250,-1
807,1251,-1
807,1252,-1
807,1253,-1
807,1254,-1
807,1255,-1
807,1256,-1
807,1257,-1
807,1258,-1
807,1259,-1
807,1260,-1
807,1261,-1
807,1262,-1
807,953,-1
807,957,-1
807,1263,-1
807,1264,-1
807,1265,-1
807,1266,-1
807,1267,-1
807,1268,-1
807,1269,-1
807,1270,-1
807,1271,-1
807,1272,-1
807,1273,-1
807,1274,-1
807,1275,-1
807,1276,-1
807,1277,-1
807,1278,-1
807,1279,-1
807,1280,-1
807,1281,-1
807,1282,-1
807,1283,-1
807,1284,-1
807,1285,-1
807,1286,-1
807,1287,-1
807,1288,-1
807,1289,-1
807,1290,-1
807,1291,-1
807,1292,-1
807,1293,-1
807,1294,-1
807,1295,-1
807,1296,-1
807,1297,-1
807,1298,-1
807,1299,-1
807,1300,-1
807,1301,-1
807,1302,-1
807,1303,-1
807,1304,-1
807,1305,-1
807,1306,-1
807,1307,-1
807,1308,-1
807,1309,-1
807,1310,-1
807,1311,-1
807,1312,-1
807,1313,-1
807,1314,-1
807,1315,-1
807,1316,-1
807,1317,-1
807,1318,-1
807,1319,-1
807,1320,-1
807,1321,-1
807,1322,-1
807,1323,-1
807,1172,1
808,1005,-1
809,1175,-1
809,1005,-1
811,1467,1
815,4726,1
823,4719,-1
829,1490,1
830,4789,1
830,4883,-1
832,1172,-1
832,3436,-1
832,1966,-1
832,4893,-1
834,1172,1
834,1173,1
834,3454,1
834,4283,1
837,1173,1
848,4833,1
848,4850,1
848,4960,1
848,5026,1
850,1500,1
850,1461,1
850,1734,1
850,1457,1
850,1018,1
850,1742,1
850,1716,1
850,921,1
850,858,1
850,1184,-1
850,926,-1
850,1185,1
850,3879,-1
850,1337,1
850,2108,1
850,2438,1
850,3770,1
850,1217,1
850,942,1
850,3880,1
850,1427,1
850,1964,-1
850,3881,1
850,3882,1
850,3883,1
851,4855,1
851,4868,-1
851,2097,-1
852,1174,-1
852,3436,-1
852,980,1
852,1175,1
852,4717,1
852,4883,-1
852,4893,-1
852,2471,1
852,2786,1
853,1172,-1
853,1174,1
853,3436,1
853,3442,1
853,1175,1
853,4883,-1
854,1173,1
854,5294,1
854,4790,1
854,4796,1
854,4883,-1
855,2097,1
856,1172,-1
856,1173,1
856,1174,1
856,1500,1
856,985,1
856,1175,1
856,1005,-1
857,1172,-1
858,1172,-1
858,1174,1
858,1455,1
858,4796,1
859,1173,1
859,982,1
859,4855,1
859,2786,1
860,3455,1
861,1503,1
861,4686,1
861,4726,-1
861,4796,-1
861,4814,1
862,1458,-1
862,4765,1
862,4774,1
862,4796,1
862,4553,1
862,4905,-1
864,1174,1
864,995,1
864,1507,1
864,4893,-1
867,980,1
867,4784,-1
868,4853,-1
869,1173,1
869,3436,1
869,4796,1
870,3449,1
871,3436,1
871,1966,1
871,4686,-1
871,4283,1
874,3436,-1
874,995,1
874,4790,1
874,4823,1
874,1176,1
877,1504,1
877,1461,-1
877,4893,-1
877,3772,-1
878,1172,-1
878,1174,1
878,1501,1
878,3445,-1
879,1504,1
879,4283,1
879,4847,1
880,1504,1
880,4853,-1
882,1493,1
882,980,1
882,4883,-1
882,5021,-1
883,1966,-1
883,1175,1
884,1173,1
884,4796,-1
884,4553,-1
887,4853,-1
902,1460,1
903,4790,1
904,4553,1
904,4846,1
906,1174,-1
910,4883,-1
914,4883,1
918,1172,-1
919,1172,-1
920,1493,-1
921,982,1
921,985,1
921,1967,1
922,1172,-1
923,1172,-1
924,1172,-1
924,1500,-1
924,1461,1
924,4847,-1
924,1005,-1
925,1461,1
925,992,-1
926,1172,-1
926,1491,-1
926,1504,1
926,1461,-1
926,1175,1
926,4823,-1
926,4847,-1
926,4855,-1
926,4893,-1
926,1005,-1
927,3436,-1
927,2770,-1
927,4791,-1
927,4796,-1
927,4803,-1
927,4846,-1
927,2097,-1
927,1969,-1
927,4973,1
927,4989,-1
927,4999,-1
928,1504,1
928,3436,-1
928,1175,1
929,1736,1
930,1968,1
931,1504,1
931,4855,1
932,1172,-1
932,1173,1
932,3445,1
932,3771,-1
932,3772,-1
933,1174,1
933,4883,-1
933,3079,1
935,1172,-1
935,1175,1
935,3772,-1
936,1172,-1
936,1174,1
936,1005,-1
938,1172,-1
938,1174,1
939,1461,1
939,4796,1
945,1172,-1
945,1173,1
945,1175,1
947,1172,-1
948,1174,1
948,3436,-1
948,1966,-1
948,4283,-1
948,5009,-1
949,1467,-1
952,3442,1
967,968,1
967,969,1
967,970,1
967,971,1
967,972,1
967,973,1
967,974,1
967,975,1
967,976,1
967,977,1
967,1493,-1
967,4791,1
968,978,1
968,979,1
968,972,1
968,977,1
969,976,1
970,980,1
970,981,1
970,982,1
970,983,1
970,984,1
970,985,1
970,986,1
970,987,1
970,988,1
970,989,1
970,990,1
970,991,1
970,992,1
970,993,1
970,994,1
970,995,1
970,4706,1
970,4717,1
970,4726,1
970,4765,1
970,4791,1
970,4868,1
970,4894,1
970,4554,1
970,4555,1
970,4973,1
970,4998,1
970,5019,1
971,1004,-1
971,1005,1
971,1006,1
971,1007,-1
971,1008,1
971,1009,1
971,1010,1
971,1011,1
971,1012,1
971,1013,1
971,1014,1
971,1015,1
971,1016,-1
971,4853,1
972,975,1
972,1142,1
972,1143,1
972,1144,1
972,1145,1
972,978,1
972,1146,1
972,1147,1
972,1148,1
972,1149,-1
972,1150,1
972,979,1
972,1151,1
972,1152,1
972,977,1
974,976,1
975,978,1
975,1153,1
975,977,1
976,1154,1
976,1155,1
976,1156,1
976,1157,1
976,1158,1
976,1159,1
976,1160,1
976,1161,1
976,1162,1
976,1163,1
976,1164,1
976,1165,1
976,1166,1
976,1167,-1
977,1168,1
977,978,1
977,1150,1
977,1169,-1
977,1170,1
977,1171,1
980,4280,1
980,3771,1
980,4281,1
980,4282,1
980,4283,1
980,4284,1
980,4285,1
980,4286,1
980,2471,1
980,4287,1
980,4288,1
980,4055,1
980,2298,1
980,2891,1
980,1745,1
980,1329,1
980,3889,1
980,4289,1
980,4290,1
980,4291,1
980,4292,1
980,1142,1
980,1508,1
980,3893,1
980,4293,1
980,1979,1
980,4294,1
980,1534,1
980,2108,1
980,4295,1
980,2113,1
980,2420,1
980,2193,1
980,4296,1
980,4297,1
980,2685,1
980,3900,1
980,1985,1
980,4298,1
980,2601,1
980,3901,1
980,1538,1
980,3902,1
980,4299,1
980,4300,1
980,4301,1
980,2686,1
980,2436,1
980,4302,1
980,3907,1
980,2484,1
980,1345,1
980,2346,1
980,3640,1
980,2307,1
980,4303,1
980,4304,1
980,4305,1
980,2255,1
980,4306,1
980,1050,1
980,4307,1
980,4308,1
980,4309,1
980,2492,1
980,1810,1
980,4310,1
980,1672,1
980,4311,1
980,4312,1
980,4313,1
980,4314,1
980,4315,1
980,4316,1
980,2261,1
980,4317,1
980,4318,1
980,4319,1
980,2513,1
980,2534,1
980,2551,1
980,4320,1
980,3212,1
980,4321,1
980,4322,1
980,1511,1
980,4323,1
980,4324,1
980,4325,1
980,2954,1
980,4326,1
980,4327,1
980,2016,1
980,3658,1
980,4328,1
980,4329,1
980,4330,1
980,4331,1
980,2225,1
980,4332,1
980,4333,1
980,4334,1
980,4335,1
980,4336,1
980,2229,1
980,2231,1
980,4337,1
980,3229,1
980,4338,1
980,4339,1
980,4340,1
980,4341,1
980,4342,1
980,4343,1
980,4344,1
980,4230,1
980,4345,1
980,4346,1
980,4347,1
980,4348,1
980,4349,1
980,1677,1
980,2154,1
980,4350,1
980,4351,1
980,4352,1
980,4353,1
980,4354,1
980,2040,1
980,4355,1
980,3123,1
980,4356,1
980,4357,1
980,4358,1
980,4359,1
980,4360,1
980,4361,1
980,4362,1
980,1923,1
980,4363,1
980,4364,1
980,4365,1
980,4366,1
980,4367,1
980,4368,1
980,4369,1
980,4370,1
980,2839,1
980,4371,1
980,4372,1
980,4373,1
980,1594,1
980,4374,1
980,2160,1
980,4375,1
980,4376,1
980,4377,1
980,4378,1
980,4379,1
980,4380,1
980,4381,1
980,4382,1
980,4383,1
980,4384,1
980,4385,1
980,4386,1
980,1600,1
980,4387,1
980,4388,1
980,4389,1
980,4390,1
980,4391,1
980,4392,1
980,4393,1
980,4394,1
980,4395,1
980,4396,1
980,4397,1
980,4398,1
980,2460,1
980,4399,1
980,4400,1
980,4401,1
980,4402,1
980,4403,1
980,4404,1
980,4405,1
980,4406,1
980,4407,1
980,4408,1
980,4409,1
980,4410,1
980,4411,1
980,4412,1
980,4413,1
980,4414,1
980,4415,1
980,4416,1
980,4119,1
980,4417,1
980,4418,1
980,4419,1
980,4420,1
980,4421,1
980,4422,1
980,4423,1
980,4424,1
980,4425,1
980,4426,1
980,4427,1
980,4428,1
980,4429,1
980,4430,1
980,4431,1
980,4432,1
980,4433,1
980,4434,1
980,4435,1
980,4436,1
980,4437,1
980,4438,1
980,4439,1
980,4440,1
980,4441,1
980,4442,1
980,4443,1
980,4444,1
980,4445,1
980,4446,1
980,4447,1
980,4448,1
980,4449,1
980,4450,1
980,4451,1
980,4452,1
980,4453,1
980,4454,1
980,4455,1
980,4456,1
980,4457,1
980,4458,1
980,4459,1
980,4460,1
980,4461,1
980,4462,1
980,4463,1
980,4464,1
980,4465,1
980,4466,1
980,4467,1
980,4468,1
980,4469,1
980,4470,1
980,4471,1
980,4472,1
980,4473,1
980,4474,1
980,4475,1
980,4476,1
980,4477,1
980,4478,1
980,4479,1
980,4480,1
980,4481,1
980,4482,1
980,4483,1
980,4484,1
980,4485,1
980,4486,1
980,4487,1
980,4488,1
980,4489,1
980,4490,1
980,4491,1
980,4492,1
980,4493,1
980,4494,1
980,4495,1
980,4496,1
980,4497,1
980,4498,1
980,4499,1
980,4500,1
980,4501,1
980,4502,1
980,4503,1
980,4504,1
980,4505,1
980,4506,1
980,4507,1
980,4508,1
980,4509,1
980,4510,1
980,4511,1
980,4512,1
980,4513,1
980,4514,1
980,4515,1
980,4516,1
980,4517,1
982,1503,1
982,3449,1
982,1460,1
982,983,1
982,4284,1
982,4518,1
982,4519,1
982,1142,1
982,2796,1
982,4520,1
982,1534,1
982,4295,1
982,4521,1
982,4522,1
982,4523,1
982,2490,1
982,4524,1
982,4525,1
982,4526,1
982,2611,1
982,4527,1
982,4528,1
982,3926,1
982,4529,1
982,2620,1
982,3732,1
982,3067,1
982,4530,1
982,4531,1
982,4532,1
982,4533,1
982,4534,1
982,4535,1
982,4536,1
982,4537,1
982,4538,1
982,4539,1
982,2325,1
982,1656,1
982,4540,1
982,4541,1
982,4542,1
982,4543,1
982,4544,1
982,4545,1
982,4546,1
982,4547,1
982,4548,1
982,4549,1
982,4550,1
982,4551,1
982,4552,1
982,4853,1
983,1492,1
983,1493,1
983,4553,1
983,4554,1
983,4555,1
983,3885,1
983,2098,1
983,2202,1
983,2891,1
983,4556,1
983,4557,1
983,3296,1
983,4558,1
983,4559,1
983,2132,1
983,2196,1
983,4560,1
983,2689,1
983,2262,1
983,4330,1
983,4561,1
983,4562,1
983,4563,1
983,3230,1
983,4564,1
983,4565,1
983,4566,1
983,4567,1
983,4568,1
983,4354,1
983,4357,1
983,4569,1
983,4570,1
983,4571,1
983,4572,1
983,3128,1
983,4573,1
983,4574,1
983,4575,1
983,4576,1
983,4577,1
983,4578,1
983,4579,1
983,4580,1
983,4581,1
983,4582,1
983,4583,1
983,4584,1
983,4585,1
983,4586,1
983,4422,1
983,4587,1
983,4588,1
983,4589,1
983,4590,1
983,4591,1
983,4592,1
983,4593,1
983,4594,1
983,4595,1
983,4596,1
983,4597,1
983,4598,1
983,4599,1
983,4600,1
983,4601,1
983,4602,1
983,4603,1
983,4604,1
983,4605,1
983,4606,1
983,4607,1
983,4608,1
983,4609,1
983,4610,1
983,4611,1
983,4612,1
983,4613,1
983,4614,1
983,4615,1
983,4616,1
983,4617,1
983,4618,1
983,4619,1
983,4620,1
983,4621,1
983,4622,1
983,4623,1
984,4624,1
984,2786,1
984,4625,1
984,4626,1
984,4627,1
984,4628,1
984,4629,1
985,2379,1
985,4630,1
985,1746,1
985,3624,1
985,1756,-1
985,4631,1
985,2433,1
985,3895,1
985,2108,-1
985,2600,1
985,4632,1
985,4633,1
985,4634,1
985,4635,1
985,4636,1
985,2716,1
985,2613,1
985,2261,1
985,2549,1
985,4637,-1
985,4638,1
985,3731,1
985,4639,1
985,3931,1
985,3496,1
985,4640,1
985,4641,1
985,4642,1
985,3218,-1
985,3934,1
985,4643,1
985,4644,1
985,4645,1
985,4646,1
985,2630,1
985,4647,-1
985,4648,1
985,4649,1
985,3667,1
985,3235,1
985,2740,1
985,4650,1
985,4651,1
985,4652,1
985,4653,1
985,4654,1
985,4655,-1
985,4656,1
985,4657,-1
985,4658,1
985,4659,-1
985,4102,1
985,4660,-1
985,4661,1
985,4662,-1
985,4663,-1
985,4664,1
985,4665,1
985,4666,1
985,4667,1
985,4668,1
985,4669,-1
985,4670,1
985,4671,1
985,4672,1
985,4673,1
985,4674,1
985,4675,-1
986,987,1
987,988,1
987,3907,-1
987,4676,1
987,4420,1
987,4426,1
987,4596,1
987,4677,1
988,2218,1
988,2811,-1
988,4678,1
988,4679,1
989,995,1
989,1969,1
989,4680,1
989,4681,1
989,4682,1
989,4683,1
989,4684,1
989,4685,1
990,4686,1
990,4687,1
990,4688,1
990,4689,1
990,4582,1
990,4690,1
990,4691,1
990,4692,1
990,4693,1
990,4694,1
990,4960,1
990,5025,1
991,4960,1
992,1460,1
992,5032,-1
992,5033,-1
992,1037,-1
992,2599,1
992,1987,1
992,1798,1
992,2484,1
992,3910,1
992,5034,1
992,5035,1
992,5036,1
992,2003,-1
992,1054,1
992,5037,1
992,2951,-1
992,5038,1
992,5039,-1
992,5040,1
992,5041,1
992,5042,1
992,5043,1
992,5044,-1
992,5045,1
992,5046,-1
992,5047,1
992,5048,-1
992,5049,1
992,5050,-1
992,5051,1
992,4100,1
992,5052,1
992,4584,1
992,5053,1
992,5054,-1
992,5055,1
992,5056,1
992,5057,1
992,5058,1
992,5059,-1
992,5060,-1
992,5061,-1
992,4867,1
993,1460,1
993,4842,1
993,2202,1
993,5062,1
993,2404,1
993,2212,1
993,2932,1
993,5063,1
993,2255,1
993,1702,1
993,5064,1
993,5065,1
993,5066,1
993,3693,1
993,5067,1
993,5068,1
993,5069,1
993,5070,1
993,5071,1
993,2096,1
993,4804,1
993,4853,1
994,2202,1
994,1520,1
994,1041,1
994,1787,1
994,2212,1
994,1049,1
994,2939,1
994,5072,1
994,4567,1
994,5073,1
994,5074,1
994,5075,1
994,5076,1
994,5077,1
994,5078,1
994,5079,1
994,5080,1
994,5081,1
995,1174,1
995,3436,1
995,2096,1
995,4782,1
995,4790,1
995,4806,1
995,4855,1
995,2202,1
995,2681,1
995,1744,1
995,3460,1
995,2473,1
995,1027,1
995,2252,1
995,1716,1
995,3461,1
995,1752,1
995,5082,1
995,1754,1
995,2593,1
995,5083,1
995,5084,1
995,1030,1
995,5085,1
995,1765,1
995,2192,1
995,2207,1
995,1775,1
995,1041,1
995,1723,1
995,1724,1
995,1725,1
995,2404,1
995,2120,1
995,1043,1
995,2211,1
995,1787,1
995,2418,1
995,1788,1
995,1790,1
995,1728,1
995,2123,1
995,2685,1
995,5086,1
995,2600,1
995,4298,1
995,1200,1
995,5087,1
995,1539,1
995,2482,1
995,2125,1
995,1668,1
995,3472,1
995,5088,1
995,5089,1
995,5090,1
995,5091,1
995,5092,1
995,1049,1
995,5093,1
995,5094,1
995,4062,1
995,2941,1
995,2439,1
995,5095,1
995,2727,1
995,2255,1
995,5096,1
995,5097,1
995,5098,1
995,3207,1
995,5099,1
995,4526,1
995,5100,1
995,1812,1
995,1731,1
995,5101,1
995,3209,1
995,2804,1
995,5102,1
995,5103,1
995,2135,1
995,5104,1
995,5105,1
995,4315,1
995,5106,1
995,1823,1
995,5107,1
995,2949,1
995,2704,1
995,2499,1
995,2515,1
995,2521,1
995,2523,1
995,2527,1
995,2139,1
995,2551,1
995,2554,1
995,4637,1
995,1557,1
995,2222,1
995,4321,1
995,2442,1
995,5108,1
995,5109,1
995,5110,1
995,5111,1
995,5112,1
995,3500,1
995,2619,1
995,5113,1
995,5114,1
995,2142,1
995,5115,1
995,5116,1
995,5117,1
995,5118,1
995,5040,1
995,1085,1
995,1139,1
995,5119,1
995,4076,1
995,5120,1
995,1839,1
995,2823,1
995,998,1
995,5121,1
995,5122,1
995,5123,1
995,2228,1
995,5124,1
995,5125,1
995,5126,1
995,5127,1
995,2427,1
995,2232,1
995,5128,1
995,1848,1
995,5129,1
995,5130,1
995,5131,1
995,5132,1
995,5133,1
995,5134,1
995,5135,1
995,1851,1
995,5136,1
995,2636,1
995,5137,1
995,2152,1
995,5138,1
995,5139,1
995,5140,1
995,5141,1
995,5142,1
995,2641,1
995,2154,1
995,5143,1
995,5144,1
995,5145,1
995,4568,1
995,5146,1
995,5147,1
995,2646,1
995,2657,1
995,5148,1
995,3954,1
995,5149,1
995,5150,1
995,5151,1
995,5152,1
995,1947,1
995,5153,1
995,3128,1
995,5154,1
995,5155,1
995,5156,1
995,5157,1
995,4370,1
995,5158,1
995,5159,1
995,5160,1
995,5161,1
995,5162,1
995,5163,1
995,5164,1
995,5165,1
995,5166,1
995,4381,1
995,5167,1
995,5168,1
995,5169,1
995,2843,1
995,5170,1
995,5171,1
995,3683,1
995,5172,1
995,5173,1
995,5174,1
995,5175,1
995,5176,1
995,2458,1
995,5177,1
995,2909,1
995,5178,1
995,4393,1
995,5179,1
995,5180,1
995,5181,1
995,5182,1
995,3973,1
995,5183,1
995,3144,1
995,5184,1
995,3685,1
995,5185,1
995,5186,1
995,5187,1
995,5188,1
995,5189,1
995,5190,1
995,5191,1
995,4400,1
995,2171,1
995,5192,1
995,5193,1
995,5194,1
995,5195,1
995,5196,1
995,5197,1
995,5198,1
995,2746,1
995,5199,1
995,5200,1
995,5201,1
995,5202,1
995,5203,1
995,5204,1
995,5205,1
995,5206,1
995,5207,1
995,2174,1
995,5208,1
995,5209,1
995,5210,1
995,1686,1
995,5211,1
995,5212,1
995,5213,1
995,5214,1
995,5215,1
995,5216,1
995,5217,1
995,5218,1
995,5219,1
995,5220,1
995,5221,1
995,5222,1
995,5223,1
995,1649,1
995,2754,1
995,3051,1
995,5224,1
995,5225,1
995,5226,1
995,4150,1
995,5227,1
995,5228,1
995,5229,1
995,5230,1
995,5231,1
995,5232,1
995,5233,1
995,5234,1
995,5235,1
995,5236,1
995,5237,1
995,5238,1
995,5239,1
995,5240,1
995,5241,1
995,5242,1
995,5243,1
995,5244,1
995,5245,1
995,5246,1
995,5247,1
995,5248,1
995,5249,1
995,5250,1
995,5251,1
995,5252,1
995,5253,1
995,5254,1
995,5255,1
995,5256,1
995,5257,1
995,5258,1
995,5259,1
995,5260,1
995,5261,1
995,5262,1
995,5263,1
995,5264,1
995,5265,1
995,5266,1
995,5267,1
995,5268,1
995,5269,1
995,5270,1
995,5271,1
995,5272,1
995,5273,1
995,5274,1
995,5275,1
995,5276,1
995,5277,1
995,5278,1
995,5279,1
995,5280,1
995,5281,1
995,5282,1
995,5283,1
995,5284,1
995,5285,1
995,5286,1
995,4791,1
995,4283,1
995,4883,-1
995,5026,1
1004,1174,-1
1005,1493,1
1005,4893,1
1005,1173,-1
1005,2769,1
1005,1328,1
1005,2587,1
1005,2890,1
1005,4207,-1
1005,2251,1
1005,6170,1
1005,1753,1
1005,3094,1
1005,7390,-1
1005,7391,1
1005,1337,1
1005,6466,1
1005,1036,1
1005,1188,-1
1005,1192,-1
1005,7392,-1
1005,7393,-1
1005,7394,-1
1005,2306,-1
1005,2772,1
1005,7395,1
1005,2132,1
1005,7108,-1
1005,7016,-1
1005,5372,-1
1005,1221,-1
1005,5107,1
1005,7070,-1
1005,3492,-1
1005,7396,1
1005,3653,-1
1005,2225,1
1005,7397,-1
1005,7244,1
1005,7398,1
1005,1013,1
1005,1014,1
1005,7399,1
1005,2829,1
1005,5552,1
1005,7400,-1
1005,7401,-1
1005,7402,1
1005,6998,-1
1005,7403,-1
1005,7404,-1
1005,1443,-1
1005,1964,-1
1005,7405,-1
1005,7406,-1
1005,3135,-1
1005,7407,1
1005,7408,1
1005,5559,1
1005,2053,1
1005,7409,-1
1005,7410,-1
1005,7411,1
1005,7412,1
1005,7413,-1
1005,7414,-1
1005,7415,-1
1005,7416,1
1005,7417,-1
1005,7418,-1
1005,7419,-1
1005,7420,1
1005,7421,1
1005,7422,-1
1005,7423,-1
1005,3434,1
1005,7424,1
1005,7425,1
1005,7426,1
1005,7427,1
1005,7428,-1
1005,7429,-1
1005,7430,-1
1005,7431,-1
1005,7432,-1
1005,7433,-1
1005,7434,-1
1005,7435,-1
1009,4838,1
1016,3885,1
1017,1754,1
1017,2192,1
1017,2767,1
1017,2768,1
1018,1173,1
1018,1174,1
1018,1500,-1
1019,4732,1
1020,3311,1
1020,1021,1
1020,1022,1
1020,3312,1
1020,3313,1
1020,3314,1
1020,3315,1
1020,3316,1
1020,3317,1
1020,3318,1
1020,3319,1
1023,1460,1
1023,1967,1
1023,4881,1
1023,1036,1
1023,1995,1
1023,1049,1
1023,1824,1
1023,1101,1
1023,5366,1
1023,5367,1
1023,4796,1
1023,4856,-1
1024,4853,1
1025,4796,1
1025,4553,-1
1025,4853,-1
1026,1967,1
1027,3442,1
1028,1500,-1
1028,3454,1
1028,4699,-1
1028,4706,-1
1028,4832,-1
1029,1461,-1
1030,1494,1
1030,4841,1
1031,1173,-1
1031,1494,1
1031,1966,1
1031,3449,-1
1031,4706,1
1031,2096,1
1034,1173,1
1034,1458,-1
1034,1966,1
1035,3436,-1
1035,4785,1
1036,1174,1
1036,2096,1
1036,2770,-1
1036,4283,1
1036,3455,-1
1036,2587,1
1036,3079,1
1036,2098,1
1038,1460,1
1038,4853,1
1039,2097,-1
1040,4726,-1
1040,4796,1
1040,4960,1
1041,1489,1
1041,4283,1
1042,4717,1
1042,2097,-1
1043,1458,-1
1044,1173,-1
1044,1494,1
1044,2096,1
1046,1503,1
1046,4706,1
1046,4856,1
1046,4867,1
1046,4555,1
1047,4935,1
1048,3442,1
1048,1714,1
1048,4853,1
1049,1494,1
1049,4697,1
1049,1967,1
1049,4894,1
1049,1969,1
1049,2098,1
1050,4789,1
1050,4959,-1
1052,1172,-1
1052,1173,-1
1052,1966,1
1052,4883,-1
1053,1460,1
1053,4686,-1
1053,4721,1
1053,4765,1
1053,4855,1
1054,4706,1
1054,2096,1
1054,4785,1
1054,1967,1
1054,2587,1
1054,4999,1
1055,4791,-1
1058,4791,1
1058,4823,1
1059,1967,1
1063,3436,1
1063,4697,1
1063,4728,1
1064,3449,1
1064,4883,-1
1064,3772,1
1075,4855,1
1080,2096,1
1082,1172,1
1085,1967,1
1089,1494,1
1102,1493,1
1102,4719,-1
1102,4841,1
1102,4284,1
1105,4699,1
1105,4686,1
1105,4861,1
1105,1969,1
1106,4706,1
1108,1460,1
1109,4726,1
1109,4791,-1
1109,4796,1
1109,3455,-1
1111,5025,1
1114,1174,1
1114,4823,1
1119,1967,1
1129,1460,1
1129,2097,1
1132,1491,-1
1135,4553,-1
1137,4553,-1
1139,1494,1
1139,4841,1
1140,4853,-1
1141,4846,-1
1141,2098,-1
1142,3449,1
1142,1507,1
1142,4791,1
1142,1968,1
1142,4823,1
1142,4999,1
1142,5009,1
1144,4782,1
1146,4868,1
1146,4960,1
1146,4975,1
1147,1493,1
1147,4283,1
1147,4935,1
1148,4804,1
1148,4283,1
1148,4883,1
1148,4894,1
1148,1328,1
1157,4960,1
1159,3772,1
1165,4996,-1
1168,1493,-1
1168,1504,1
1168,3449,1
1168,4706,-1
1168,4726,-1
1168,4765,1
1168,4783,-1
1168,2770,1
1168,4785,1
1168,4282,1
1168,4804,1
1168,4894,1
1168,4286,1
1168,1176,1
1168,4999,1
1169,3772,-1
1171,4283,1
1172,1174,-1
1172,1328,1
1172,1329,1
1172,1330,-1
1172,1184,-1
1172,1331,-1
1172,1332,-1
1172,1333,-1
1172,1334,-1
1172,1335,-1
1172,1336,-1
1172,1337,1
1172,1338,-1
1172,1339,1
1172,1189,-1
1172,1340,-1
1172,1341,-1
1172,1190,-1
1172,1192,-1
1172,1342,-1
1172,1194,-1
1172,1197,-1
1172,1203,-1
1172,1343,-1
1172,1344,1
1172,1345,1
1172,1346,1
1172,1209,-1
1172,1347,1
1172,1348,-1
1172,1349,1
1172,1350,-1
1172,1351,1
1172,1352,-1
1172,1215,-1
1172,1353,-1
1172,1354,1
1172,1220,-1
1172,1221,-1
1172,1355,-1
1172,1222,-1
1172,1356,-1
1172,1357,-1
1172,1358,-1
1172,1359,-1
1172,1226,-1
1172,1360,1
1172,1361,-1
1172,1362,-1
1172,1363,-1
1172,1364,1
1172,1365,-1
1172,1366,-1
1172,1243,-1
1172,1367,-1
1172,1368,1
1172,1369,-1
1172,1370,-1
1172,1371,-1
1172,1250,-1
1172,1251,-1
1172,1255,-1
1172,1260,-1
1172,1372,1
1172,1373,-1
1172,1374,-1
1172,1375,-1
1172,1273,-1
1172,1296,-1
1172,1297,-1
1172,1302,-1
1172,1376,1
1172,1377,1
1172,1378,1
1172,1379,1
1172,1380,1
1172,1381,1
1172,1382,1
1172,1383,1
1172,1384,1
1172,1385,1
1172,1386,1
1172,1387,1
1172,1388,1
1172,1389,-1
1172,1390,-1
1172,1391,-1
1172,1392,-1
1172,1393,-1
1172,1394,-1
1172,1395,-1
1172,1396,-1
1172,1397,-1
1172,1398,-1
1172,1399,-1
1172,1400,-1
1172,1401,-1
1172,1402,-1
1172,1403,-1
1172,1404,-1
1172,1405,-1
1172,1406,-1
1172,1407,-1
1172,1408,-1
1172,1409,-1
1172,1410,-1
1172,1411,-1
1172,1412,-1
1172,1413,-1
1172,1414,-1
1172,1415,-1
1172,1416,-1
1172,1417,-1
1172,1418,-1
1172,1419,-1
1172,1420,-1
1172,1421,-1
1172,1422,-1
1172,1423,-1
1172,1424,-1
1172,1425,-1
1172,1426,-1
1172,1427,-1
1172,1428,-1
1172,1429,-1
1172,1430,-1
1172,1431,-1
1172,1432,-1
1172,1433,-1
1172,1434,-1
1172,1435,-1
1172,1436,-1
1172,1437,-1
1172,1438,-1
1172,1439,-1
1172,1440,-1
1172,1441,-1
1172,1442,-1
1172,1443,-1
1172,1444,-1
1172,1445,-1
1172,1446,-1
1172,1447,-1
1172,1448,-1
1172,1449,-1
1172,1450,-1
1172,1451,-1
1172,1452,-1
1172,1453,-1
1172,1500,1
1173,1520,-1
1173,1521,1
1173,1522,1
1173,1523,1
1173,1524,1
1173,1525,1
1173,1526,1
1173,1527,1
1173,1528,1
1173,1529,1
1173,1530,-1
1173,1531,1
1173,1532,1
1173,1533,1
1173,1534,1
1173,1535,-1
1173,1536,1
1173,1537,1
1173,1198,1
1173,1538,-1
1173,1539,-1
1173,1540,1
1173,1344,1
1173,1541,1
1173,1542,1
1173,1543,1
1173,1544,1
1173,1545,1
1173,1546,1
1173,1547,1
1173,1548,1
1173,1549,1
1173,1550,1
1173,1551,1
1173,1552,1
1173,1553,1
1173,1554,1
1173,1555,-1
1173,1556,1
1173,1557,1
1173,1558,1
1173,1559,1
1173,1560,1
1173,1561,1
1173,1562,1
1173,1563,-1
1173,1564,1
1173,1565,1
1173,1566,1
1173,1567,1
1173,1568,1
1173,1569,1
1173,1244,1
1173,1570,1
1173,1571,1
1173,1572,1
1173,1573,1
1173,1574,1
1173,1575,1
1173,1576,1
1173,1577,1
1173,1578,1
1173,1579,1
1173,1580,1
1173,1581,1
1173,1582,-1
1173,1583,-1
1173,1584,1
1173,1585,1
1173,1586,1
1173,1587,-1
1173,1588,1
1173,1589,1
1173,1590,1
1173,1591,1
1173,1592,1
1173,1593,1
1173,1594,-1
1173,1595,1
1173,1596,1
1173,1597,1
1173,1598,1
1173,1599,-1
1173,1600,1
1173,1601,1
1173,1602,1
1173,1603,1
1173,1604,1
1173,1605,1
1173,1606,1
1173,1607,1
1173,1608,1
1173,1609,1
1173,1610,1
1173,1611,1
1173,1612,1
1173,1613,1
1173,1614,1
1173,1615,1
1173,1616,1
1173,1617,1
1173,1618,1
1173,1619,1
1173,1620,1
1173,1621,1
1173,1622,1
1173,1623,1
1173,1624,1
1173,1625,1
1173,1626,1
1173,1627,1
1173,1628,1
1173,1629,1
1173,1630,1
1173,1631,1
1173,1632,1
1173,1633,1
1173,1634,1
1173,1635,1
1173,1636,1
1173,1637,1
1173,1638,1
1173,1639,1
1173,1640,1
1173,1641,1
1173,1642,1
1173,1643,1
1173,1644,1
1173,1645,1
1173,1646,1
1173,1647,1
1173,1648,1
1173,1649,1
1173,1650,1
1173,1651,1
1173,1652,1
1173,1653,1
1173,1654,1
1173,1655,1
1173,1656,1
1173,1657,1
1173,1658,1
1173,1659,1
1173,1660,1
1173,1661,1
1173,1662,1
1173,1663,1
1173,1664,1
1173,1665,1
1173,1666,-1
1173,1667,-1
1173,1493,-1
1173,1714,1
1173,3445,1
1173,5288,1
1173,4790,1
1173,4283,1
1173,4883,-1
1173,4893,-1
1174,1328,-1
1174,2203,1
1174,2298,1
1174,2299,-1
1174,2300,1
1174,2101,-1
1174,1180,1
1174,1181,1
1174,1332,1
1174,1337,-1
1174,2301,1
1174,2302,-1
1174,2303,1
1174,1342,1
1174,1194,1
1174,2304,1
1174,2305,1
1174,1201,1
1174,2125,-1
1174,2306,1
1174,2307,1
1174,2308,1
1174,1212,1
1174,1216,1
1174,1221,1
1174,2309,-1
1174,1227,1
1174,2310,-1
1174,2311,1
1174,2312,1
1174,2313,1
1174,2314,1
1174,2315,-1
1174,1246,1
1174,1247,1
1174,2316,1
1174,1371,1
1174,2317,1
1174,1373,1
1174,1296,1
1174,1418,1
1174,1429,1
1174,2318,-1
1174,2319,-1
1174,2320,-1
1174,2321,-1
1174,2322,1
1174,2323,1
1174,2324,-1
1174,2325,-1
1174,2326,-1
1174,2327,1
1174,2328,1
1174,2329,1
1174,2330,1
1174,2331,1
1174,2332,1
1174,2333,1
1174,2334,1
1174,2335,1
1174,2336,-1
1174,2337,-1
1174,2338,-1
1174,2339,-1
1174,2340,-1
1174,2341,-1
1174,2342,-1
1175,3436,-1
1175,5287,-1
1175,1457,1
1175,5301,1
1175,1979,1
1175,1781,1
1175,3633,1
1175,1477,1
1175,2438,1
1175,5317,1
1175,5318,1
1175,4218,1
1175,1805,1
1175,5319,-1
1175,2495,1
1175,1227,1
1175,5320,1
1175,5321,1
1175,4079,1
1175,5322,1
1175,3225,1
1175,1244,1
1175,1247,1
1175,5323,-1
1175,5324,-1
1175,5325,1
1175,5326,-1
1175,5327,1
1175,5328,1
1175,5329,1
1175,5330,1
1175,5331,1
1175,5332,-1
1175,5333,-1
1175,5334,1
1175,5335,1
1175,5336,1
1175,5337,1
1175,5338,1
1175,5339,1
1175,5340,1
1175,5341,1
1175,5342,1
1175,4883,-1
1176,1460,1
1176,4624,1
1176,4284,1
1176,4874,-1
1176,5021,1
1176,2298,1
1176,7649,1
1176,5789,1
1176,1476,1
1176,3895,1
1176,2405,1
1176,7650,1
1176,6172,1
1176,3728,1
1176,6475,1
1176,1805,1
1176,2491,1
1176,7258,1
1176,7651,1
1176,1808,1
1176,5035,-1
1176,5822,1
1176,7039,1
1176,3300,1
1176,7589,1
1176,3063,1
1176,6551,1
1176,6665,1
1176,7652,1
1176,4325,1
1176,4529,1
1176,2625,1
1176,6817,1
1176,7653,1
1176,7654,1
1176,7655,1
1176,6193,1
1176,2641,1
1176,7656,1
1176,7657,1
1176,7543,1
1176,7658,1
1176,7659,1
1176,7660,1
1176,7661,1
1176,7662,1
1176,6371,1
1176,7663,1
1176,7664,1
1176,7665,1
1176,7666,1
1176,7667,1
1176,7668,1
1176,7669,1
1176,7670,1
1176,7671,1
1176,5383,1
1176,4587,1
1178,1966,1
1178,4553,1
1178,5009,-1
1182,4791,-1
1182,4955,-1
1182,5009,-1
1184,1461,-1
1184,4819,-1
1188,1458,-1
1188,1966,-1
1188,4883,-1
1189,1461,1
1189,4861,1
1191,1467,1
1192,4282,-1
1194,1500,-1
1194,1461,1
1198,4883,-1
1199,1500,1
1199,4855,-1
1199,4957,1
1199,1969,1
1199,2471,-1
1203,4764,1
1203,3772,-1
1209,4726,-1
1210,4883,-1
1211,4785,1
1215,4883,-1
1220,3449,1
1222,1500,-1
1222,1461,-1
1224,4706,-1
1224,2769,-1
1224,4955,-1
1225,1460,1
1226,1966,-1
1229,1493,-1
1229,1458,-1
1229,3436,-1
1232,5301,1
1244,1966,-1
1246,3436,-1
1259,3771,-1
1259,4846,-1
1260,1968,-1
1262,4283,1
1328,1493,1
1328,1504,1
1328,4735,1
1328,1967,1
1328,4814,1
1328,4846,1
1328,4855,1
1328,4898,1
1328,1526,1
1328,2683,1
1328,5409,1
1328,3466,1
1328,7504,1
1328,7505,1
1328,7506,1
1328,7507,1
1328,1850,1
1328,7508,1
1328,5974,1
1328,7509,1
1328,7510,1
1332,1500,-1
1335,5026,1
1336,3772,1
1343,1500,-1
1344,3436,1
1344,1736,1
1346,4747,1
1346,3772,-1
1346,4928,1
1346,5025,-1
1349,4985,-1
1353,3436,-1
1353,4883,-1
1355,1500,-1
1356,1500,-1
1356,1966,-1
1357,1500,-1
1360,4281,1
1361,1737,1
1364,1493,1
1364,2097,1
1381,4821,1
1382,1493,1
1399,4883,-1
1424,1458,-1
1457,3087,-1
1457,3088,-1
1457,3436,-1
1458,3090,1
1458,3091,-1
1458,2788,-1
1458,3092,1
1458,2588,-1
1458,3093,-1
1458,3094,-1
1458,3095,1
1458,2597,1
1458,1767,1
1458,3096,-1
1458,2600,-1
1458,3097,-1
1458,3098,-1
1458,3099,1
1458,3100,-1
1458,3101,-1
1458,3102,-1
1458,3103,-1
1458,3104,-1
1458,2349,-1
1458,3105,-1
1458,2806,-1
1458,3106,-1
1458,3107,-1
1458,3108,-1
1458,3109,1
1458,3110,1
1458,3111,-1
1458,3112,-1
1458,2017,-1
1458,3113,-1
1458,3114,1
1458,3115,1
1458,3116,-1
1458,3117,1
1458,3118,-1
1458,3119,-1
1458,3120,1
1458,2826,-1
1458,3121,-1
1458,3122,-1
1458,3123,-1
1458,3124,1
1458,3125,-1
1458,3126,-1
1458,3127,1
1458,3128,-1
1458,3129,-1
1458,3130,-1
1458,3131,-1
1458,3132,-1
1458,2837,-1
1458,3133,-1
1458,3134,1
1458,3135,-1
1458,3136,-1
1458,3137,-1
1458,3138,1
1458,3139,1
1458,3140,-1
1458,3141,-1
1458,3142,1
1458,3143,-1
1458,3144,1
1458,3145,1
1458,3146,-1
1458,3147,-1
1458,3148,1
1458,3149,-1
1458,3150,-1
1458,3151,-1
1458,3152,1
1458,3153,-1
1458,3154,1
1458,3155,-1
1458,3156,-1
1458,3157,-1
1458,3158,-1
1458,3159,1
1458,3160,-1
1458,3161,1
1458,3162,1
1458,3163,1
1458,3164,1
1458,3165,1
1458,3166,1
1458,3167,1
1458,3168,1
1458,3169,1
1458,3170,-1
1458,3171,-1
1458,3172,-1
1458,3173,-1
1458,3174,-1
1458,3175,-1
1458,3176,-1
1458,3177,-1
1458,3178,-1
1458,3179,-1
1458,3180,-1
1458,3181,-1
1458,3182,-1
1458,3183,-1
1458,3184,-1
1458,3185,-1
1458,3186,-1
1458,3187,-1
1458,3188,-1
1458,3189,-1
1458,3190,-1
1458,3191,-1
1458,3192,-1
1458,3193,-1
1458,3194,-1
1459,4832,1
1460,1462,1
1460,1736,1
1460,1967,1
1460,2918,1
1460,3195,1
1460,2890,1
1460,3196,1
1460,1973,1
1460,3197,1
1460,3198,1
1460,2205,1
1460,2594,1
1460,2107,1
1460,1795,1
1460,3199,1
1460,1995,1
1460,3200,1
1460,3201,1
1460,3202,1
1460,3203,1
1460,3204,1
1460,3205,1
1460,1693,1
1460,3206,1
1460,3207,1
1460,3208,1
1460,3209,1
1460,3210,1
1460,3211,1
1460,2707,1
1460,2710,1
1460,2513,1
1460,2528,1
1460,2537,1
1460,3212,1
1460,3213,1
1460,3214,1
1460,3215,1
1460,2014,1
1460,3216,1
1460,3217,1
1460,1566,1
1460,3218,1
1460,3219,1
1460,2224,1
1460,3220,1
1460,3221,1
1460,3222,1
1460,2023,1
1460,3223,1
1460,3224,1
1460,3225,1
1460,3226,1
1460,3227,1
1460,3228,1
1460,2264,1
1460,3229,1
1460,3230,1
1460,2827,1
1460,3231,1
1460,3232,1
1460,3233,1
1460,3234,1
1460,3235,1
1460,3236,1
1460,3237,1
1460,3238,1
1460,3239,1
1460,3240,1
1460,2646,1
1460,3241,1
1460,3242,1
1460,3243,1
1460,3244,1
1460,3245,1
1460,3246,1
1460,3247,1
1460,3248,1
1460,2273,1
1460,3249,1
1460,3250,1
1460,3251,1
1460,3252,1
1460,3253,1
1460,3254,1
1460,3255,1
1460,3256,1
1460,3257,1
1460,3258,1
1460,3259,1
1460,3260,1
1460,3261,1
1460,3262,1
1460,3263,1
1460,3264,1
1460,3265,1
1460,3266,1
1460,2087,1
1460,3267,1
1460,3268,1
1460,3269,1
1460,3270,1
1460,3271,1
1460,3272,1
1460,3273,1
1460,3274,1
1460,3275,1
1460,3276,1
1460,3277,1
1460,3278,1
1460,3279,1
1460,3280,1
1460,3281,1
1460,3282,1
1460,3283,1
1460,4706,1
1460,4707,1
1460,4731,1
1460,1737,1
1460,4736,1
1460,4782,1
1460,4796,1
1460,4853,1
1460,4870,1
1460,4894,1
1460,2587,1
1460,1969,1
1460,2471,1
1460,2098,1
1461,3284,-1
1461,3285,1
1461,1936,-1
1461,3286,-1
1461,3287,1
1461,3288,-1
1461,3019,1
1461,3289,1
1461,3290,-1
1467,1504,1
1467,3296,1
1467,3297,1
1467,3298,1
1467,3299,1
1467,3300,1
1467,3301,1
1467,3302,1
1467,3303,1
1467,3304,1
1467,2028,1
1467,3305,1
1467,3306,1
1467,3240,1
1467,3307,1
1467,2859,1
1467,3308,1
1467,3309,1
1467,3310,1
1471,3442,1
1477,3436,-1
1482,4791,-1
1485,4790,1
1489,1505,1
1489,1507,1
1489,1508,1
1489,1509,1
1489,1510,1
1489,1511,1
1489,1512,1
1489,1513,-1
1489,1514,1
1489,1515,-1
1489,1516,1
1489,1517,1
1489,1518,1
1489,1519,1
1490,1668,1
1490,1669,1
1490,1670,1
1490,1671,1
1490,1672,1
1490,1673,1
1490,1674,1
1490,1675,1
1490,1676,1
1490,1677,1
1490,1678,1
1490,1679,1
1490,1680,1
1490,1681,1
1490,1682,1
1490,1683,1
1490,1684,1
1490,1685,1
1490,1686,1
1490,1687,1
1490,1688,1
1490,1689,1
1490,1690,1
1490,1691,1
1490,1692,1
1491,1693,1
1491,1694,1
1491,1695,1
1491,1696,-1
1491,1697,1
1491,1698,1
1491,1699,1
1491,1700,-1
1491,1701,-1
1492,1702,1
1492,1703,-1
1492,1704,1
1492,1705,1
1492,1706,1
1492,1707,1
1492,1708,1
1492,1709,1
1492,1710,1
1492,1711,1
1492,1712,1
1492,1713,-1
1493,1966,1
1493,1507,1
1493,1967,1
1493,1968,1
1493,1969,1
1493,1970,1
1493,1971,1
1493,1972,1
1493,1521,-1
1493,1745,1
1493,1973,1
1493,1974,1
1493,1975,1
1493,1976,1
1493,1530,1
1493,1977,1
1493,1978,1
1493,1979,-1
1493,1980,1
1493,1981,1
1493,1767,1
1493,1982,1
1493,1983,1
1493,1984,1
1493,1985,-1
1493,1986,1
1493,1987,1
1493,1988,1
1493,1989,1
1493,1990,1
1493,1991,1
1493,1992,1
1493,1993,1
1493,1541,1
1493,1994,1
1493,1995,1
1493,1996,1
1493,1997,1
1493,1998,1
1493,1999,1
1493,2000,1
1493,1804,1
1493,2001,1
1493,1805,1
1493,2002,1
1493,1808,1
1493,2003,-1
1493,2004,-1
1493,2005,-1
1493,2006,1
1493,2007,1
1493,2008,1
1493,2009,1
1493,2010,1
1493,2011,1
1493,2012,-1
1493,2013,1
1493,2014,1
1493,2015,1
1493,2016,1
1493,2017,1
1493,2018,1
1493,2019,1
1493,2020,1
1493,2021,1
1493,2022,1
1493,2023,1
1493,2024,1
1493,2025,1
1493,2026,1
1493,2027,-1
1493,1570,-1
1493,2028,1
1493,2029,-1
1493,2030,1
1493,1572,1
1493,2031,1
1493,2032,1
1493,2033,1
1493,2034,1
1493,2035,1
1493,2036,1
1493,2037,1
1493,2038,1
1493,2039,1
1493,2040,-1
1493,2041,-1
1493,2042,1
1493,2043,1
1493,2044,1
1493,2045,1
1493,2046,1
1493,2047,1
1493,2048,1
1493,2049,1
1493,2050,1
1493,2051,1
1493,2052,1
1493,2053,-1
1493,2054,1
1493,2055,1
1493,2056,-1
1493,2057,-1
1493,2058,-1
1493,2059,1
1493,2060,1
1493,2061,1
1493,2062,1
1493,2063,1
1493,2064,1
1493,2065,1
1493,2066,1
1493,2067,-1
1493,2068,1
1493,2069,1
1493,2070,-1
1493,2071,1
1493,2072,1
1493,2073,1
1493,2074,-1
1493,2075,1
1493,2076,1
1493,2077,1
1493,2078,1
1493,2079,1
1493,2080,1
1493,2081,1
1493,2082,1
1493,2083,1
1493,2084,1
1493,2085,1
1493,2086,1
1493,2087,1
1493,2088,1
1493,2089,-1
1493,2090,-1
1493,2091,-1
1493,2092,-1
1493,2093,-1
1493,2094,-1
1493,2095,-1
1494,2202,1
1494,2251,1
1494,1747,1
1494,2252,1
1494,1716,1
1494,2102,1
1494,1719,1
1494,1762,1
1494,1535,1
1494,1536,1
1494,1770,1
1494,1775,1
1494,1777,1
1494,2115,1
1494,2209,1
1494,1778,1
1494,1723,1
1494,1724,1
1494,2119,1
1494,1783,1
1494,1784,1
1494,1785,1
1494,2120,1
1494,2210,1
1494,1787,1
1494,1788,1
1494,1728,1
1494,2121,1
1494,2213,1
1494,2214,1
1494,2253,1
1494,2216,1
1494,1539,1
1494,1797,1
1494,1798,1
1494,2131,1
1494,2254,1
1494,2255,1
1494,2256,1
1494,2257,1
1494,1730,1
1494,1812,1
1494,1731,1
1494,1814,1
1494,2258,1
1494,2259,1
1494,2135,1
1494,2196,1
1494,2260,1
1494,2261,1
1494,2219,1
1494,1824,1
1494,1826,1
1494,2262,1
1494,2263,1
1494,2225,1
1494,2146,1
1494,2264,1
1494,2265,1
1494,2266,1
1494,2237,1
1494,1853,1
1494,2267,1
1494,2268,1
1494,2269,1
1494,2270,1
1494,2271,1
1494,2156,1
1494,2240,1
1494,2272,1
1494,2273,1
1494,2274,1
1494,2275,1
1494,2276,1
1494,2277,1
1494,2278,1
1494,2279,1
1494,2280,1
1494,2281,1
1494,2282,1
1494,2174,1
1494,2283,1
1494,2284,1
1494,2285,1
1494,2286,1
1494,2287,1
1494,2288,1
1494,2289,1
1494,2290,1
1494,2291,1
1494,2292,1
1495,1716,1
1495,2293,1
1495,1733,1
1495,1585,1
1495,2294,1
1495,2295,1
1495,2296,1
1495,2297,1
1495,1504,1
1499,1501,1
1500,2700,1
1500,1749,1
1500,2701,-1
1500,2702,1
1500,1978,1
1500,2110,1
1500,1773,1
1500,1720,1
1500,2209,1
1500,1721,1
1500,1781,1
1500,1789,1
1500,2304,-1
1500,2703,1
1500,2704,1
1500,2705,1
1500,2706,1
1500,2707,1
1500,2708,1
1500,2709,1
1500,2710,1
1500,2711,1
1500,2712,-1
1500,2713,-1
1501,2714,-1
1501,2715,1
1501,2716,1
1501,2717,1
1501,2718,1
1501,2719,1
1501,2720,1
1501,1679,1
1501,2721,1
1501,2722,1
1502,2759,1
1502,2760,1
1502,2761,1
1502,2762,1
1502,2763,1
1502,2764,1
1502,2765,1
1502,2766,1
1503,2769,1
1503,2770,1
1503,2109,1
1503,2771,1
1503,2772,1
1503,2773,1
1503,2774,1
1503,2775,1
1503,1562,1
1503,2776,1
1503,2777,1
1503,2778,1
1503,2779,1
1503,2780,1
1503,2781,1
1503,2782,1
1503,2783,1
1503,2784,-1
1504,2785,1
1504,2786,1
1504,2787,1
1504,2788,1
1504,2789,1
1504,2681,1
1504,2790,1
1504,2379,1
1504,2791,1
1504,2792,1
1504,2793,1
1504,2794,1
1504,2795,1
1504,2796,1
1504,2797,1
1504,1773,1
1504,1789,1
1504,1985,1
1504,2798,1
1504,2799,1
1504,2800,1
1504,2801,1
1504,2255,1
1504,2134,1
1504,2802,1
1504,2803,1
1504,2804,1
1504,2805,1
1504,2806,1
1504,2807,1
1504,2008,1
1504,2808,1
1504,2809,1
1504,2810,1
1504,2811,1
1504,2812,1
1504,2550,1
1504,2813,1
1504,2814,1
1504,2815,1
1504,2816,1
1504,2016,1
1504,2817,1
1504,2818,1
1504,2819,1
1504,2820,1
1504,2821,1
1504,2822,1
1504,2823,1
1504,2824,1
1504,2825,1
1504,2826,1
1504,2827,1
1504,1856,1
1504,2828,1
1504,2829,1
1504,2830,1
1504,2831,1
1504,2041,1
1504,2832,1
1504,2833,1
1504,2763,1
1504,2834,1
1504,1583,1
1504,2835,1
1504,2836,1
1504,2837,1
1504,2838,1
1504,2839,1
1504,1589,1
1504,2840,1
1504,2841,1
1504,2842,1
1504,2843,1
1504,2844,1
1504,2845,1
1504,2846,1
1504,2847,1
1504,2848,1
1504,2849,1
1504,2850,1
1504,2851,1
1504,2852,1
1504,2853,1
1504,2854,1
1504,2855,1
1504,2856,1
1504,2857,1
1504,2858,1
1504,2859,1
1504,2860,1
1504,2861,1
1504,2862,1
1504,2863,1
1504,2864,1
1504,2865,1
1504,2866,1
1504,2867,1
1504,2868,1
1504,2869,1
1504,2870,1
1504,2871,1
1504,2872,1
1504,2873,1
1504,2874,1
1504,2875,1
1504,2876,1
1504,2877,1
1504,2878,1
1504,2879,1
1504,2880,1
1504,2881,1
1504,2882,1
1504,2883,1
1504,2884,1
1504,2885,1
1504,2886,1
1504,2887,1
1504,2888,1
1504,2889,1
1504,4553,1
1505,1512,1
1505,2916,1
1505,2917,1
1506,4893,1
1506,2587,1
1507,2096,1
1507,4887,-1
1507,5804,-1
1507,5622,1
1507,3918,1
1507,5805,-1
1507,5806,-1
1507,5807,1
1507,5808,1
1507,5809,1
1507,5810,1
1507,4283,1
1507,1968,1
1507,4855,1
1507,4893,1
1507,4999,1
1507,5002,1
1508,4854,-1
1511,2098,-1
1520,5288,1
1520,2096,1
1520,1737,1
1520,4901,1
1520,2587,1
1520,3885,1
1520,2471,1
1520,5025,1
1521,3436,-1
1523,4901,1
1523,2786,1
1525,3436,-1
1526,3436,1
1529,3332,1
1532,3436,1
1532,1714,1
1534,1736,1
1534,4726,1
1534,4732,1
1534,4838,1
1534,2471,-1
1535,1967,1
1538,4804,1
1539,2096,1
1539,4764,1
1546,1966,1
1547,2097,-1
1548,4717,1
1548,4832,1
1550,4730,-1
1550,4853,-1
1550,5025,1
1552,1714,1
1557,1966,1
1557,3772,1
1559,3449,1
1563,1966,1
1565,4555,1
1570,2098,-1
1572,4804,1
1576,4283,1
1577,4747,1
1577,4283,1
1579,4791,-1
1593,4282,1
1602,4841,1
1603,4752,1
1613,3436,-1
1668,4706,-1
1668,4741,1
1668,3772,1
1670,3442,1
1671,3771,-1
1672,1736,1
1672,4782,1
1677,4774,1
1677,1967,1
1677,1969,1
1677,2471,1
1677,4999,1
1686,1967,1
1693,2096,1
1702,2097,-1
1714,1734,1
1714,1747,1
1714,1717,1
1714,1978,1
1714,1718,1
1714,2343,1
1714,1773,1
1714,1787,1
1714,2212,1
1714,3361,1
1714,2123,1
1714,3835,1
1714,2125,1
1714,3836,1
1714,2484,1
1714,3837,1
1714,2938,1
1714,3838,1
1714,3839,1
1714,1812,1
1714,3840,1
1714,3841,1
1714,3842,1
1714,3843,1
1714,2014,1
1714,3844,1
1714,3845,1
1714,3846,1
1714,3847,1
1714,3848,1
1714,1853,1
1714,2037,1
1714,3849,1
1714,2645,1
1714,2654,1
1714,3850,1
1714,3851,1
1714,3852,1
1714,3853,1
1714,3854,1
1714,3855,1
1714,2855,1
1714,3856,1
1714,3857,1
1714,3858,1
1714,3859,1
1714,3860,1
1714,3861,1
1714,3862,1
1714,3863,1
1714,3864,1
1714,3865,1
1714,3866,1
1714,3867,1
1714,3868,1
1718,4739,1
1718,4283,1
1719,3436,1
1723,2096,1
1726,4706,1
1727,4739,1
1734,3435,1
1734,3436,1
1734,3437,1
1734,3438,1
1734,3439,1
1734,3440,1
1734,1735,1
1734,3441,1
1734,3442,1
1734,3443,1
1734,1966,1
1734,3444,1
1734,3445,1
1734,3446,1
1734,3447,1
1734,3448,1
1734,3449,1
1734,3450,1
1734,3451,1
1734,3452,1
1734,1736,1
1734,3453,-1
1734,3454,-1
1736,4207,-1
1736,1745,1
1736,2379,1
1736,2590,1
1736,4208,1
1736,2433,1
1736,2476,1
1736,3776,1
1736,4209,1
1736,4210,1
1736,4211,1
1736,2596,1
1736,4212,1
1736,2600,1
1736,3061,1
1736,4213,1
1736,4214,1
1736,4215,1
1736,4216,1
1736,4217,1
1736,4218,1
1736,4219,1
1736,3207,1
1736,4220,1
1736,4221,1
1736,2528,1
1736,1830,1
1736,4222,1
1736,4223,1
1736,4224,1
1736,4225,1
1736,4226,1
1736,2565,1
1736,4227,1
1736,4228,1
1736,4229,1
1736,4230,1
1736,3849,1
1736,4231,1
1736,4232,1
1736,4233,1
1736,4234,1
1736,4235,1
1736,2047,1
1736,4236,1
1736,4237,1
1736,4238,1
1736,4239,1
1736,4240,1
1736,4241,1
1736,4242,1
1736,4243,1
1736,4244,1
1736,4245,1
1736,4246,1
1736,4247,1
1736,4248,-1
1736,4249,1
1736,4250,1
1736,4251,1
1736,4252,1
1736,4253,1
1736,4254,1
1736,4255,1
1736,4256,1
1736,4257,1
1736,4258,1
1736,4259,1
1736,4260,1
1736,4261,1
1736,4262,1
1736,4263,1
1736,4264,1
1736,4265,1
1736,4266,1
1736,4267,1
1736,4268,1
1737,4703,1
1737,4730,1
1737,1970,1
1737,1743,1
1737,3325,1
1737,3891,1
1737,5062,1
1737,5766,1
1737,5767,1
1737,5768,1
1737,3533,1
1737,5769,1
1737,5770,1
1737,5771,1
1737,5772,1
1737,5773,1
1737,5774,1
1737,5775,1
1737,5776,1
1737,4817,1
1737,4819,1
1737,4555,1
1738,6465,1
1738,7065,1
1739,1743,-1
1739,2737,1
1739,7384,1
1743,4730,1
1743,4282,-1
1743,3772,1
1744,4706,1
1744,4924,1
1745,3449,1
1745,2096,1
1745,4753,1
1745,1967,1
1745,4804,1
1745,4555,1
1749,3445,1
1751,3442,1
1753,4868,1
1753,2097,1
1754,3449,1
1754,4774,1
1754,1967,1
1754,1968,1
1754,2097,1
1755,3449,1
1755,4877,1
1762,4796,1
1762,4283,1
1764,3436,1
1764,4883,-1
1765,4782,1
1766,4960,1
1767,1966,1
1767,3772,1
1775,1967,1
1776,3449,1
1776,3885,1
1782,4798,-1
1786,3436,1
1787,2096,1
1790,5294,1
1790,2587,1
1794,3079,1
1795,4782,1
1795,4991,1
1796,3436,1
1797,4883,-1
1798,3449,1
1798,4791,1
1798,4553,1
1798,4841,1
1806,1966,-1
1807,2770,-1
1807,4883,-1
1808,3449,1
1808,1967,1
1808,4853,1
1808,2587,1
1808,5025,1
1816,1967,1
1824,4774,1
1824,1969,1
1825,4730,1
1827,3442,1
1833,4883,-1
1835,3772,1
1846,1966,1
1847,4283,1
1850,4286,1
1854,3449,1
1854,4727,1
1854,1968,1
1855,4756,1
1862,4791,-1
1873,3772,1
1885,3772,1
1901,4883,-1
1904,4893,1
1942,3455,1
1944,3436,1
1966,3771,1
1966,3772,1
1966,2788,-1
1966,3624,-1
1966,3773,1
1966,3625,-1
1966,3774,-1
1966,3775,1
1966,3776,1
1966,3777,1
1966,3778,1
1966,2123,1
1966,3779,1
1966,1993,1
1966,3199,1
1966,3780,1
1966,3781,1
1966,3782,1
1966,3783,1
1966,3784,1
1966,3785,1
1966,3786,1
1966,3787,1
1966,2947,1
1966,2703,1
1966,2261,-1
1966,2508,1
1966,3495,1
1966,3651,1
1966,3788,1
1966,3066,1
1966,3789,1
1966,3790,-1
1966,3791,-1
1966,3792,1
1966,3793,1
1966,3794,1
1966,3795,-1
1966,3796,-1
1966,3797,1
1966,3798,-1
1966,3799,1
1966,3800,-1
1966,3679,1
1966,3801,1
1966,3802,1
1966,3803,1
1966,3804,-1
1966,2853,1
1966,3805,1
1966,3806,-1
1966,3807,1
1966,3808,1
1966,3809,1
1966,3569,1
1966,3810,1
1966,3811,1
1966,3812,1
1966,3813,1
1966,3814,1
1966,3815,1
1966,3816,-1
1966,3817,-1
1966,3818,1
1966,3819,1
1966,3820,1
1966,3821,1
1966,3822,1
1966,3823,1
1966,3824,1
1966,3825,1
1966,3826,-1
1966,3827,-1
1966,3828,-1
1966,3829,-1
1966,3830,-1
1966,3831,-1
1966,3832,-1
1966,3833,-1
1966,3834,-1
1966,3449,1
1966,4784,1
1966,1968,1
1967,3332,1
1967,5002,1
1967,2202,1
1967,6086,1
1967,1972,1
1967,2298,1
1967,6087,1
1967,1973,1
1967,2102,1
1967,2109,1
1967,2118,1
1967,2404,1
1967,2418,1
1967,2931,1
1967,6088,1
1967,3469,1
1967,6089,1
1967,5089,1
1967,2799,1
1967,6090,1
1967,6091,1
1967,6092,1
1967,3205,1
1967,2131,1
1967,6093,1
1967,5923,1
1967,2258,1
1967,6094,1
1967,6095,1
1967,2196,1
1967,6096,1
1967,6097,1
1967,6098,1
1967,2529,1
1967,2534,1
1967,2555,1
1967,4323,1
1967,6099,1
1967,6100,1
1967,3732,1
1967,6101,1
1967,6102,1
1967,6103,1
1967,3939,1
1967,6104,1
1967,6105,1
1967,4227,1
1967,5125,1
1967,6106,1
1967,6107,1
1967,5702,1
1967,2693,1
1967,6108,1
1967,6109,1
1967,6110,1
1967,6111,1
1967,2827,1
1967,6112,1
1967,4648,1
1967,4565,1
1967,4344,1
1967,6113,1
1967,6114,1
1967,3952,1
1967,6115,1
1967,6116,1
1967,2270,1
1967,6117,1
1967,6118,1
1967,6119,1
1967,6120,1
1967,6121,1
1967,6122,1
1967,4374,1
1967,4380,1
1967,5900,1
1967,2993,1
1967,6123,1
1967,6124,1
1967,6125,1
1967,6126,1
1967,6127,1
1967,2576,1
1967,5659,1
1967,6128,1
1967,6129,1
1967,6130,1
1967,4400,1
1967,2171,1
1967,3257,1
1967,4405,1
1967,6131,1
1967,6132,1
1967,3739,1
1967,6133,1
1967,6134,1
1967,3563,1
1967,6135,1
1967,6136,1
1967,4591,1
1967,6137,1
1967,6138,1
1967,5794,1
1967,5987,1
1967,5607,1
1967,6139,1
1967,6140,1
1967,4146,1
1967,5486,1
1967,6141,1
1967,6142,1
1967,6143,1
1967,5917,1
1967,6144,1
1967,6145,1
1967,6146,1
1967,6147,1
1967,6148,1
1967,6149,1
1967,6150,1
1967,6151,1
1967,6152,1
1967,6153,1
1967,6154,1
1967,6155,1
1967,6156,1
1967,6157,1
1967,6158,1
1967,6159,1
1967,6160,1
1967,6161,1
1967,6162,1
1967,6163,1
1967,6164,1
1967,6165,1
1967,6166,1
1967,6167,1
1967,6168,1
1968,2096,1
1968,4790,1
1968,4864,1
1968,4879,1
1968,4898,1
1968,1969,1
1968,5021,1
1968,6170,1
1968,2099,1
1968,3094,1
1968,6588,1
1968,6589,1
1968,3463,1
1968,6590,1
1968,2384,1
1968,6358,1
1968,6591,1
1968,2109,1
1968,3777,1
1968,6592,1
1968,2937,1
1968,6593,1
1968,2606,1
1968,2132,1
1968,5923,1
1968,6594,1
1968,6595,1
1968,6596,1
1968,3927,1
1968,2515,1
1968,6597,1
1968,6598,1
1968,2224,1
1968,6599,1
1968,6600,1
1968,6101,1
1968,6601,1
1968,2964,1
1968,3068,1
1968,6490,1
1968,6602,1
1968,6603,1
1968,6457,1
1968,6604,1
1968,4230,1
1968,6605,1
1968,6193,1
1968,5147,1
1968,2675,1
1968,6606,1
1968,6607,1
1968,6608,1
1968,6609,1
1968,6610,1
1968,6025,1
1968,3800,1
1968,5703,1
1968,6611,1
1968,6612,1
1968,6613,1
1968,2847,1
1968,6614,1
1968,6615,1
1968,6616,1
1968,2851,1
1968,5454,1
1968,2169,1
1968,6617,1
1968,5707,1
1968,2061,1
1968,3560,1
1968,6618,1
1968,6619,1
1968,6620,1
1968,5386,1
1968,6621,1
1968,6622,1
1968,6623,1
1968,6624,1
1968,6625,1
1968,6626,1
1968,6627,1
1968,5355,1
1968,6628,1
1968,6437,1
1968,6445,1
1968,6629,1
1968,6630,1
1968,6631,1
1968,6632,1
1968,6633,1
1968,6634,1
1968,6635,1
1968,6636,1
1968,6637,1
1968,6638,1
1968,6639,1
1968,6640,1
1968,6641,1
1968,6642,-1
1968,6643,-1
1969,4703,1
1969,4796,1
1969,4797,1
1969,4853,1
1969,4960,1
1969,4864,1
1969,4872,1
1969,4680,1
1969,3888,1
1969,4292,-1
1969,7991,1
1969,5062,1
1969,3096,1
1969,3296,1
1969,5624,1
1969,5720,1
1969,3838,1
1969,7102,1
1969,6478,1
1969,3105,1
1969,2006,1
1969,5742,1
1969,2010,1
1969,6810,1
1969,7992,-1
1969,3651,1
1969,7993,1
1969,5360,1
1969,7994,1
1969,2826,1
1969,6109,1
1969,7995,1
1969,5805,1
1969,7996,1
1969,6278,1
1969,6410,1
1969,3958,1
1969,7796,1
1969,7997,-1
1969,4628,1
1969,7998,-1
1969,7999,-1
1969,8000,1
1969,8001,1
1969,8002,1
1969,5193,-1
1969,4437,-1
1969,8003,1
1969,8004,1
1969,8005,-1
1969,8006,1
1969,8007,1
1969,2863,-1
1969,6069,1
1969,8008,1
1969,8009,1
1969,8010,1
1969,8011,1
1969,5914,1
1969,6034,1
1969,6940,1
1969,8012,1
1969,8013,1
1969,8014,1
1969,8015,1
1969,8016,1
1969,8017,1
1969,8018,1
1969,8019,1
1969,8020,1
1969,8021,1
1969,8022,1
1969,8023,1
1969,8024,1
1969,8025,-1
1969,8026,-1
1969,5025,1
1970,3449,1
1970,4719,-1
1970,4726,-1
1971,5025,1
1972,4706,1
1972,4774,1
1972,5009,1
1973,4790,1
1973,2098,1
1974,4790,1
1974,4838,1
1978,3436,1
1978,4789,1
1979,3449,1
1979,3453,1
1979,4717,1
1979,4726,-1
1979,2096,1
1979,4732,1
1982,4868,1
1984,4736,-1
1985,4804,1
1985,4853,-1
1986,4706,1
1986,4782,1
1988,4804,1
1989,2770,1
1990,4790,1
1990,5025,1
1991,3772,1
1993,4732,1
1993,4790,1
1993,4282,1
1993,3772,1
1994,4283,1
1997,3436,1
1999,2097,-1
2001,4855,1
2002,3436,1
2002,4796,1
2003,4853,-1
2005,2097,-1
2008,3449,1
2008,4553,1
2010,3449,1
2011,3449,1
2013,4883,-1
2014,3436,1
2014,3449,1
2016,4783,1
2017,4790,1
2018,4796,1
2020,3449,1
2020,2471,1
2028,4887,1
2028,4905,1
2029,4989,-1
2030,4776,1
2030,4553,-1
2037,4553,1
2038,4283,1
2041,4785,1
2045,3449,1
2047,4785,1
2052,3449,1
2059,4730,1
2060,3436,1
2061,4752,1
2072,4283,1
2089,4853,-1
2091,4853,-1
2096,4624,1
2096,4898,1
2096,2202,1
2096,4519,1
2096,3325,1
2096,3890,1
2096,2105,1
2096,2109,1
2096,2112,1
2096,2207,1
2096,2404,1
2096,2405,1
2096,2212,1
2096,2422,1
2096,2193,1
2096,2121,1
2096,2213,1
2096,4297,1
2096,5699,1
2096,2124,1
2096,3473,1
2096,2484,1
2096,2131,1
2096,2715,1
2096,5700,1
2096,2255,1
2096,2134,1
2096,2196,1
2096,5701,1
2096,2137,1
2096,2138,1
2096,2541,1
2096,3214,1
2096,3501,1
2096,5702,1
2096,2153,1
2096,2239,1
2096,5703,1
2096,5704,1
2096,5705,1
2096,5706,1
2096,4502,1
2096,5707,1
2096,2244,1
2096,5708,1
2096,5709,1
2096,5710,1
2096,5711,1
2096,5712,1
2096,5713,1
2097,3621,1
2097,5008,1
2097,7471,1
2097,3888,1
2097,2591,1
2097,2592,1
2097,6281,1
2097,2433,1
2097,2476,-1
2097,6463,-1
2097,2109,1
2097,7472,1
2097,3296,1
2097,5520,-1
2097,3902,1
2097,3909,1
2097,3910,1
2097,4559,1
2097,5842,-1
2097,2606,1
2097,7473,-1
2097,5700,1
2097,2942,1
2097,6391,-1
2097,5981,-1
2097,3209,1
2097,5420,-1
2097,5105,1
2097,2948,1
2097,4319,1
2097,6395,-1
2097,7474,-1
2097,7475,1
2097,7476,-1
2097,7477,-1
2097,7478,1
2097,2978,-1
2097,4354,1
2097,7479,1
2097,7480,1
2097,7481,1
2097,3961,1
2097,6609,1
2097,5155,1
2097,7482,1
2097,7483,1
2097,7484,-1
2097,5771,1
2097,3978,-1
2097,7485,-1
2097,7486,1
2097,7487,-1
2097,6132,1
2097,7488,-1
2097,7489,1
2097,3262,1
2097,7490,1
2097,4009,-1
2097,7491,-1
2097,7492,-1
2097,7493,1
2097,7494,-1
2097,7495,-1
2097,7496,-1
2097,7497,-1
2097,7498,-1
2097,7499,-1
2098,4284,1
2098,4287,1
2098,2891,1
2098,2107,1
2098,2112,1
2098,8189,-1
2098,6090,1
2098,4559,1
2098,2773,1
2098,3920,1
2098,2729,1
2098,6352,1
2098,5105,1
2098,8190,1
2098,4646,-1
2098,2818,1
2098,4328,-1
2098,4330,1
2098,8191,1
2098,5375,-1
2098,8192,-1
2098,8193,-1
2098,4567,1
2098,7602,1
2098,6829,1
2098,6671,-1
2098,8194,1
2098,8195,1
2098,8196,1
2098,4582,1
2098,8197,1
2098,8198,-1
2098,8199,-1
2098,8200,-1
2098,6514,1
2098,5067,1
2098,8201,1
2098,8202,1
2098,8203,1
2098,8204,1
2098,6904,1
2098,8205,1
2098,8206,1
2098,8207,1
2098,8208,1
2098,8209,1
2098,8210,-1
2098,8211,-1
2098,8212,-1
2098,8213,-1
2098,8214,-1
2099,4975,1
2101,3436,1
2101,4782,1
2101,2471,1
2107,4698,1
2107,4283,1
2107,4824,1
2107,4838,1
2107,4894,1
2107,4905,-1
2107,4916,1
2107,4967,1
2107,5029,1
2108,3436,-1
2109,3436,1
2109,3449,1
2109,4726,1
2109,4776,1
2109,4833,1
2109,4867,1
2109,4555,1
2109,5026,-1
2113,4726,1
2113,4283,1
2123,3449,1
2123,4281,1
2123,4555,1
2124,4855,1
2127,4975,1
2132,4977,1
2134,4790,1
2138,2471,1
2152,5029,-1
2160,3453,-1
2169,5025,-1
2171,4553,1
2190,3436,1
2190,3772,1
2192,4817,1
2192,4555,1
2193,4872,1
2193,3772,1
2195,3771,-1
2196,2471,1
2202,3455,1
2202,5025,1
2203,3453,-1
2203,4869,-1
2205,4735,1
2206,3451,1
2206,4960,1
2217,4774,1
2217,4814,1
2218,4796,1
2224,3449,1
2224,4728,1
2224,4867,1
2224,2471,1
2225,4841,1
2227,4706,1
2231,4999,1
2238,4883,1
2246,4283,1
2252,4841,1
2255,3079,1
2267,4893,-1
2267,3772,1
2298,4790,1
2298,4555,1
2298,4999,1
2300,5016,-1
2301,4553,-1
2302,4819,1
2306,3436,1
2307,4726,-1
2307,4730,-1
2307,4833,-1
2307,4868,-1
2307,4985,-1
2363,3442,1
2379,3436,1
2380,4853,-1
2393,3772,1
2393,4960,1
2403,3449,1
2405,4790,1
2405,4883,1
2405,4555,1
2407,4984,1
2410,4883,-1
2415,4984,1
2433,4281,1
2433,4787,1
2433,4977,1
2435,4283,-1
2436,4883,1
2436,2587,1
2436,5025,1
2439,3454,1
2439,4706,1
2439,4919,1
2471,3771,1
2471,4843,1
2471,2890,1
2471,4630,1
2471,5922,1
2471,3325,1
2471,8132,1
2471,8133,1
2471,3895,1
2471,5062,1
2471,2600,1
2471,2798,1
2471,2482,1
2471,8134,1
2471,3476,1
2471,7633,-1
2471,8135,1
2471,8136,1
2471,8137,1
2471,6595,1
2471,2497,1
2471,2899,1
2471,2513,1
2471,2813,1
2471,6813,1
2471,3663,1
2471,7253,1
2471,8138,1
2471,6555,1
2471,6190,-1
2471,8063,-1
2471,5805,1
2471,8139,1
2471,7456,1
2471,4345,1
2471,4347,1
2471,8140,1
2471,8141,1
2471,5144,1
2471,8142,1
2471,8143,1
2471,3126,1
2471,3520,1
2471,8144,1
2471,8145,1
2471,8146,1
2471,8147,1
2471,5380,1
2471,7811,1
2471,5361,1
2471,5167,1
2471,8148,-1
2471,6299,1
2471,8149,1
2471,8150,-1
2471,8151,-1
2471,4398,1
2471,8152,1
2471,5199,1
2471,8153,-1
2471,6132,1
2471,8154,1
2471,8155,-1
2471,8156,1
2471,8157,1
2471,8158,1
2471,8159,1
2471,5859,1
2471,5999,1
2471,8160,1
2471,8161,1
2471,8162,1
2471,8163,1
2471,8164,1
2471,8165,1
2471,8166,1
2471,8167,1
2471,8168,1
2471,8169,1
2471,8170,-1
2474,4283,1
2477,3449,1
2482,4741,1
2482,4790,1
2482,4282,1
2483,3451,1
2483,4841,1
2484,3436,1
2484,4776,1
2484,4984,1
2487,4790,1
2488,4764,-1
2491,4555,1
2495,4706,-1
2495,4853,-1
2497,3449,1
2497,4555,1
2500,4747,1
2513,4726,1
2521,5025,1
2528,3442,1
2534,4841,1
2539,4717,1
2539,4728,1
2539,4730,1
2539,4785,1
2539,4977,1
2541,4774,1
2541,4893,1
2550,4726,-1
2556,4855,1
2565,3436,1
2572,3436,-1
2575,4735,1
2577,4975,1
2584,2610,1
2584,3508,1
2584,5401,1
2584,5402,1
2584,5403,1
2584,5404,1
2584,5405,1
2584,5406,1
2585,6452,1
2585,3906,1
2585,3100,1
2585,6453,1
2585,6454,1
2585,6455,1
2585,5551,1
2585,5632,1
2585,6456,1
2585,6457,1
2585,6458,1
2585,6459,1
2585,6460,1
2585,6461,1
2586,4703,1
2587,4804,1
2587,4874,1
2587,4900,1
2587,2918,1
2587,3885,1
2587,4979,1
2587,5024,1
2587,3888,1
2587,7584,1
2587,7585,1
2587,3099,1
2587,4302,1
2587,6090,1
2587,7586,1
2587,7587,1
2587,5892,1
2587,7588,1
2587,7589,1
2587,7590,1
2587,7591,1
2587,2945,1
2587,3063,1
2587,7592,1
2587,6099,1
2587,3496,1
2587,5113,1
2587,7593,1
2587,7594,1
2587,7595,1
2587,7596,1
2587,7597,1
2587,6402,1
2587,7598,1
2587,6404,1
2587,7599,1
2587,7600,1
2587,5144,1
2587,5992,1
2587,6277,1
2587,7479,1
2587,7402,1
2587,7601,1
2587,7602,1
2587,7603,1
2587,2840,1
2587,7604,1
2587,2841,1
2587,6368,1
2587,7605,1
2587,7606,1
2587,7607,1
2587,7608,1
2587,7609,1
2587,7610,1
2587,3991,1
2587,7611,1
2587,7612,1
2587,7613,1
2587,7614,1
2587,7615,1
2587,7616,1
2587,6936,1
2587,7617,1
2587,7465,1
2587,7618,1
2587,7619,1
2587,7620,1
2587,7621,1
2587,7622,1
2587,7623,1
2587,7624,1
2587,7625,1
2587,7626,1
2587,7627,1
2587,7628,1
2587,7629,1
2587,7630,1
2587,7631,1
2588,4853,1
2589,4726,1
2591,4732,1
2594,3449,1
2594,4283,1
2594,4819,1
2594,4960,1
2595,3445,-1
2596,4790,1
2597,3436,-1
2599,4785,1
2599,4991,1
2599,4999,-1
2600,3449,1
2600,4870,1
2601,3449,-1
2601,4282,1
2602,4956,-1
2603,4283,1
2604,4732,1
2617,4846,1
2620,3455,1
2623,5002,1
2627,4877,1
2642,4706,1
2654,4853,1
2679,4883,1
2679,4555,1
2679,4999,1
2682,4283,1
2685,4855,1
2686,4787,1
2688,5002,1
2689,4726,1
2701,4867,-1
2702,4282,-1
2705,3436,1
2705,2770,-1
2705,4846,1
2706,3442,1
2706,3772,1
2707,3436,1
2707,3449,1
2732,4796,1
2733,4832,1
2737,4686,-1
2737,4765,-1
2737,5025,1
2740,3771,-1
2762,5291,1
2767,4853,1
2768,4730,1
2768,4791,1
2769,4726,1
2769,5739,-1
2769,3902,1
2769,5740,1
2769,5741,1
2769,5742,1
2769,3500,1
2769,5743,1
2769,5744,-1
2769,5745,-1
2769,5025,1
2770,4774,-1
2770,4798,-1
2770,4874,1
2770,4883,-1
2770,4900,1
2770,4964,-1
2770,5018,-1
2770,4680,1
2770,3096,-1
2770,5623,1
2770,2800,-1
2770,2773,1
2770,5035,1
2770,5991,-1
2770,5627,1
2770,5039,1
2770,5432,-1
2770,4354,1
2770,5992,1
2770,5434,-1
2770,5435,-1
2770,5436,-1
2770,5439,-1
2770,3962,-1
2770,5157,1
2770,5993,-1
2770,5902,-1
2770,5994,-1
2770,4406,1
2770,5460,-1
2770,5461,-1
2770,5995,1
2770,5996,1
2770,5997,1
2770,5998,-1
2770,5999,-1
2770,4877,1
2772,4706,1
2772,4782,1
2772,4957,1
2773,4726,-1
2778,4841,1
2781,4823,1
2781,4855,1
2785,4726,1
2786,8215,1
2786,8216,1
2786,8217,1
2786,8218,1
2786,7192,1
2786,8219,1
2786,8220,1
2786,8221,1
2786,8222,1
2787,3442,1
2788,4790,1
2788,4883,-1
2788,4893,-1
2788,4999,1
2791,4732,-1
2791,4841,1
2792,3449,1
2792,4893,1
2794,4804,-1
2794,4812,-1
2796,4821,1
2798,4728,1
2798,4853,-1
2800,4706,-1
2806,4853,-1
2815,4790,1
2815,3455,1
2826,4804,1
2826,5025,1
2828,4717,1
2828,4791,-1
2828,4797,1
2828,4853,-1
2830,4785,1
2831,4791,-1
2834,3449,1
2836,4877,1
2837,3449,1
2837,4553,1
2837,4841,1
2839,4785,1
2841,4989,-1
2843,4853,-1
2843,4999,1
2847,4281,1
2849,4853,-1
2851,4553,1
2851,4854,1
2851,5025,1
2852,5025,1
2864,4699,1
2884,4853,-1
2890,4785,1
2890,4796,1
2890,4804,1
2890,4893,1
2890,3885,1
2891,4697,1
2891,4283,1
2891,3455,-1
2896,3442,1
2899,4785,1
2899,4887,1
2899,4901,1
2904,4791,1
2918,4782,1
2918,6463,1
2918,5062,1
2918,7440,1
2918,7441,1
2918,7442,1
2918,7443,1
2921,3449,1
2921,4883,-1
2929,4790,1
2932,3449,1
2932,4985,1
2933,4832,1
2938,4553,1
2938,4855,1
2939,4984,1
2942,4855,1
2946,4838,1
2947,4821,-1
2948,4726,1
2948,4730,1
2948,4846,1
2948,4853,1
2949,3772,1
2950,4883,-1
2951,4553,-1
2951,4855,1
2951,4883,-1
2951,4955,-1
2961,4726,1
2961,3772,1
2964,4790,1
2972,3436,1
2984,4855,1
2984,4883,-1
2987,4883,-1
3007,5017,1
3010,4790,1
3010,4553,1
3016,4824,1
3059,3436,1
3060,3449,1
3060,4774,1
3060,4286,1
3061,4883,1
3063,4726,-1
3063,4785,1
3063,4791,-1
3063,5009,1
3063,5025,1
3079,5087,1
3079,6791,-1
3079,8181,1
3079,6108,1
3079,8182,1
3079,3971,1
3079,8183,1
3079,8184,1
3079,8185,1
3079,8186,1
3079,8187,1
3079,8188,-1
3095,4883,-1
3096,4706,-1
3096,4728,1
3096,4780,1
3096,4854,-1
3096,4868,1
3096,5025,1
3108,4796,1
3109,4791,-1
3111,4553,-1
3113,3455,1
3117,4555,1
3121,4955,1
3123,4791,1
3123,4553,-1
3128,4706,1
3128,4787,1
3128,4283,1
3130,4790,1
3139,4841,1
3140,4916,-1
3151,4855,-1
3195,4553,1
3196,3772,1
3198,4281,1
3199,4778,1
3200,3436,-1
3201,4853,1
3203,4969,1
3209,4706,1
3211,4553,1
3212,4726,-1
3212,4730,-1
3217,4796,1
3220,4984,1
3222,4747,1
3222,4804,1
3225,4967,1
3226,3442,1
3230,3449,1
3230,4717,1
3230,4752,1
3230,4796,1
3230,4868,1
3230,3772,1
3232,4285,1
3232,4555,1
3239,3449,1
3245,4283,1
3247,4767,1
3247,4785,1
3248,4282,1
3251,4855,1
3251,4999,1
3255,4853,1
3257,3449,1
3265,4841,1
3274,4893,1
3296,4686,1
3296,4730,1
3296,4804,1
3296,4867,1
3296,5019,1
3298,4960,1
3299,4960,1
3299,4999,1
3301,3436,1
3301,4905,1
3321,3772,1
3325,4732,1
3325,4855,1
3327,4791,1
3327,4796,1
3332,5818,1
3332,5819,1
3332,5820,1
3332,5821,1
3333,4282,-1
3333,4883,-1
3356,4868,1
3435,3616,1
3435,3617,1
3435,3618,1
3435,3619,1
3435,3620,1
3436,3621,1
3436,3622,-1
3436,3623,1
3436,3624,-1
3436,3625,-1
3436,3626,-1
3436,3627,-1
3436,3628,1
3436,3629,-1
3436,3630,1
3436,3631,1
3436,3632,1
3436,3633,1
3436,3634,1
3436,3635,1
3436,3636,1
3436,3637,1
3436,3638,1
3436,3639,1
3436,3476,-1
3436,3640,1
3436,3641,1
3436,3642,1
3436,3480,1
3436,3643,-1
3436,3644,1
3436,3645,-1
3436,3646,-1
3436,3647,-1
3436,3648,1
3436,3649,1
3436,3650,1
3436,3495,1
3436,3651,1
3436,3652,1
3436,3653,-1
3436,3654,-1
3436,3655,1
3436,3656,-1
3436,3657,1
3436,3658,-1
3436,3659,1
3436,3660,1
3436,3661,1
3436,3662,1
3436,3663,1
3436,3664,1
3436,3665,1
3436,3666,-1
3436,3667,-1
3436,3668,1
3436,3669,1
3436,3670,1
3436,3671,1
3436,3672,-1
3436,3673,1
3436,3674,1
3436,3675,-1
3436,3676,1
3436,3677,1
3436,3678,1
3436,3679,1
3436,3680,1
3436,3681,1
3436,3682,1
3436,3683,1
3436,3684,1
3436,3685,1
3436,3686,1
3436,3687,1
3436,3688,1
3436,3689,-1
3436,3690,1
3436,3691,-1
3436,3692,1
3436,3693,1
3436,3694,1
3436,3695,-1
3436,3696,1
3436,3697,-1
3436,3698,1
3436,3699,-1
3436,3700,1
3436,3701,1
3436,3702,-1
3436,3703,1
3436,3704,-1
3436,3705,1
3436,3706,-1
3436,3707,-1
3436,3708,1
3436,3709,1
3436,3710,1
3436,3711,1
3436,3712,1
3436,3713,1
3436,3714,1
3436,3715,1
3436,3716,1
3436,3717,1
3436,3718,1
3436,3719,1
3436,3720,1
3436,3721,1
3436,3722,1
3436,3723,1
3436,3724,-1
3436,3725,-1
3436,3726,-1
3436,3727,-1
3439,4905,-1
3442,3622,1
3442,3728,1
3442,3729,1
3442,3480,1
3442,3730,1
3442,3731,1
3442,3732,1
3442,3733,1
3442,3734,1
3442,3735,1
3442,3736,1
3442,3737,1
3442,3738,1
3442,3739,1
3442,3571,1
3442,3740,1
3442,3741,1
3442,3742,1
3442,3743,1
3442,3744,1
3442,3745,1
3442,3746,1
3442,3747,1
3442,3748,1
3442,3749,1
3442,3750,1
3442,3751,1
3442,3752,1
3442,3753,1
3442,3754,1
3443,3770,1
3445,3869,1
3445,3870,-1
3445,3871,-1
3445,3872,-1
3445,3873,-1
3445,3874,1
3445,3875,1
3445,3876,1
3445,4706,-1
3445,4804,-1
3446,3877,1
3446,3878,1
3449,3771,1
3449,3884,1
3449,3885,1
3449,3886,1
3449,3887,-1
3449,3888,1
3449,3889,1
3449,3890,1
3449,3891,-1
3449,3892,1
3449,3893,1
3449,3894,1
3449,3895,1
3449,3896,1
3449,3897,1
3449,3898,-1
3449,3899,1
3449,3900,1
3449,3901,1
3449,3902,1
3449,3903,-1
3449,3633,1
3449,3904,1
3449,3905,1
3449,3906,1
3449,3907,1
3449,3908,1
3449,3909,1
3449,3910,1
3449,3911,1
3449,3912,1
3449,3913,1
3449,3914,1
3449,3915,1
3449,3916,1
3449,3480,1
3449,3917,1
3449,3918,1
3449,3919,1
3449,3920,1
3449,3921,1
3449,3922,1
3449,3923,1
3449,3924,1
3449,3925,1
3449,3926,1
3449,3927,1
3449,3928,1
3449,3929,1
3449,3930,1
3449,3931,1
3449,3932,1
3449,3933,1
3449,3934,1
3449,3935,1
3449,3936,1
3449,3659,-1
3449,3937,1
3449,3938,1
3449,3939,1
3449,3940,1
3449,3941,1
3449,3942,1
3449,3943,1
3449,3944,1
3449,3945,1
3449,3946,1
3449,3947,1
3449,3948,1
3449,3949,1
3449,3950,1
3449,3951,1
3449,3952,1
3449,3953,1
3449,3954,1
3449,3955,1
3449,3956,1
3449,3957,1
3449,3958,1
3449,3959,1
3449,3960,1
3449,3961,1
3449,3962,1
3449,3963,1
3449,3964,1
3449,3965,1
3449,3966,1
3449,3967,1
3449,3968,1
3449,3969,1
3449,3970,1
3449,3971,1
3449,3972,1
3449,3973,1
3449,3974,1
3449,3975,1
3449,3976,1
3449,3977,1
3449,3978,-1
3449,3979,-1
3449,3980,1
3449,3981,1
3449,3982,1
3449,3983,1
3449,3984,1
3449,3985,1
3449,3986,1
3449,3987,1
3449,3988,1
3449,3989,1
3449,3990,1
3449,3991,1
3449,3992,1
3449,3993,1
3449,3994,1
3449,3995,1
3449,3996,1
3449,3997,1
3449,3998,1
3449,3999,1
3449,4000,1
3449,4001,1
3449,4002,1
3449,4003,1
3449,4004,1
3449,4005,1
3449,4006,1
3449,4007,1
3449,4008,1
3449,4009,1
3449,4010,1
3449,4011,1
3449,4012,1
3449,4013,1
3449,4014,1
3449,4015,1
3449,4016,1
3449,4017,1
3449,4018,1
3449,4019,1
3449,4020,1
3449,4021,1
3449,4022,1
3449,4023,1
3449,4024,1
3449,4025,1
3449,4026,1
3449,4027,1
3449,4028,1
3449,4029,1
3449,4030,1
3449,4031,1
3449,4032,1
3449,4033,1
3449,4034,1
3449,4035,1
3449,4036,1
3449,4037,1
3449,4038,1
3449,4039,1
3449,4040,1
3449,4041,1
3449,4042,1
3449,4043,1
3449,4044,1
3449,4045,1
3449,4046,1
3449,4047,1
3449,4048,-1
3449,4049,-1
3449,4050,-1
3449,4051,-1
3449,4052,-1
3451,4204,1
3451,4205,1
3451,4206,1
3453,4269,1
3453,4270,1
3453,4271,-1
3453,4272,1
3454,4277,1
3454,4278,1
3454,4279,1
3455,4731,1
3455,4946,1
3455,4948,-1
3455,5008,1
3455,5029,-1
3455,6546,1
3455,6547,1
3455,3912,1
3455,6548,1
3455,6549,-1
3455,5099,1
3455,6550,1
3455,6551,1
3455,6552,1
3455,6553,1
3455,6554,1
3455,6456,1
3455,6555,1
3455,6556,1
3455,5869,-1
3455,5147,1
3455,4627,1
3455,5645,1
3455,6557,1
3455,6558,1
3455,6559,1
3455,6560,-1
3455,6561,1
3455,5985,-1
3455,6562,1
3455,6563,-1
3455,6564,-1
3455,6565,1
3455,6566,1
3455,6567,-1
3455,6568,1
3455,6569,1
3455,6570,1
3455,6571,1
3455,6572,1
3456,7447,1
3457,4686,-1
3457,4867,1
3460,4841,1
3460,4935,1
3462,4286,-1
3468,4819,1
3470,4717,1
3470,4853,-1
3470,4286,-1
3475,4821,1
3476,4730,-1
3476,4752,1
3476,4796,1
3476,4823,1
3476,4838,1
3476,4841,1
3476,4853,-1
3476,4855,1
3476,4867,1
3476,4894,1
3476,4905,1
3476,4919,1
3476,4935,1
3476,4960,1
3476,4975,1
3476,5002,1
3481,4984,1
3483,4706,1
3483,4780,1
3483,4894,1
3483,4960,1
3484,4832,1
3484,4894,1
3484,4960,1
3485,4960,1
3486,4935,1
3488,4853,-1
3490,4797,1
3490,4905,1
3490,4955,-1
3490,5029,1
3495,4790,1
3496,4999,1
3500,5002,1
3502,4726,1
3508,5009,-1
3515,4999,1
3516,4991,1
3517,4706,1
3517,4856,1
3517,4977,1
3539,4823,1
3539,4846,-1
3551,4707,1
3554,4787,1
3558,4730,1
3566,4706,1
3566,4285,1
3569,4713,1
3614,4853,1
3624,5025,-1
3625,4732,1
3625,4791,-1
3626,4719,1
3627,4283,-1
3634,4883,1
3639,4726,-1
3639,4999,1
3640,4985,1
3641,4973,1
3643,4855,1
3643,4960,1
3644,4804,-1
3644,4978,-1
3656,4785,1
3656,4791,-1
3656,4796,-1
3656,4282,-1
3659,4883,-1
3664,4731,1
3665,4823,1
3665,4846,1
3665,4867,1
3673,4855,1
3682,4790,1
3689,4790,1
3700,4790,1
3733,4790,1
3735,4791,1
3755,4283,1
3755,4985,1
3756,4894,1
3756,4555,1
3756,4960,1
3771,5878,1
3771,5879,-1
3771,5880,1
3771,5881,-1
3771,5882,-1
3771,5883,-1
3771,4840,1
3771,4955,1
3772,4726,1
3772,4770,1
3772,4872,1
3772,4927,1
3772,4956,1
3772,7312,1
3772,7313,1
3772,5624,1
3772,7314,1
3772,6807,1
3772,6683,1
3772,5036,1
3772,7315,1
3772,5550,1
3772,7316,1
3772,7317,-1
3772,7318,1
3772,6185,1
3772,7319,1
3772,5428,1
3772,6114,1
3772,5073,1
3772,6255,-1
3772,7320,-1
3772,7321,1
3772,7322,1
3772,7323,1
3772,7324,1
3772,7325,1
3772,7326,1
3772,3983,1
3772,3805,1
3772,7293,1
3772,7327,-1
3772,7328,1
3772,7329,1
3772,7330,1
3772,7331,1
3772,3829,-1
3772,4600,1
3772,5071,1
3772,5504,1
3772,7332,1
3772,7333,1
3772,7334,1
3772,7335,1
3772,7336,1
3772,7337,1
3772,7338,1
3772,7339,1
3772,7340,1
3772,7341,1
3772,7342,1
3772,7343,1
3772,7344,1
3772,7345,1
3772,7346,1
3772,7347,1
3772,7348,1
3772,7349,1
3772,7350,1
3772,7351,1
3772,7352,1
3772,7353,1
3772,7354,-1
3772,7355,-1
3777,5288,-1
3777,4697,1
3777,4804,1
3777,4868,1
3777,4960,1
3779,4790,1
3779,4796,1
3779,4893,-1
3779,4901,1
3779,5025,1
3780,4960,1
3784,4732,1
3785,4686,-1
3797,4854,-1
3800,4785,1
3801,4784,-1
3822,4832,1
3829,3885,1
3838,4893,1
3844,4889,1
3853,4987,1
3872,4804,-1
3873,4784,1
3884,4883,-1
3884,4964,-1
3884,5432,-1
3884,5434,-1
3884,5435,-1
3884,5436,-1
3884,5439,-1
3884,5902,-1
3884,5460,-1
3884,5461,-1
3884,6662,-1
3884,5462,-1
3885,4776,1
3885,4791,1
3885,4898,1
3885,8059,1
3885,8060,1
3885,5317,1
3885,5315,1
3885,8061,1
3885,5039,1
3885,8062,-1
3885,8063,1
3885,8064,1
3885,8065,1
3885,8066,1
3885,8067,1
3885,3983,-1
3885,8068,1
3885,8069,1
3885,8070,1
3885,8071,1
3885,8072,1
3885,8073,1
3888,4796,1
3888,4853,1
3888,4975,1
3891,4726,-1
3891,4853,-1
3891,4856,1
3891,4868,-1
3891,4893,-1
3891,4984,1
3891,5019,-1
3896,4883,1
3898,4732,-1
3902,4726,-1
3902,4901,-1
3902,4999,1
3908,4730,1
3909,4741,1
3909,4791,1
3909,4823,1
3910,4767,1
3910,4796,1
3910,4960,1
3917,4853,1
3917,4855,1
3917,4987,1
3918,4985,1
3918,4999,1
3920,4883,-1
3920,5025,1
3921,4960,1
3921,5020,1
3922,4960,1
3924,4999,1
3927,4789,-1
3927,4823,1
3927,4854,1
3927,4868,1
3928,4555,1
3931,4804,-1
3932,4726,1
3932,4901,1
3932,4938,1
3932,5002,1
3932,5029,1
3937,4736,1
3937,4741,1
3940,4972,1
3945,4985,-1
3960,4868,1
3978,4706,-1
3987,5026,1
4056,4553,-1
4057,4686,-1
4057,4853,1
4057,4999,1
4075,5025,1
4077,4791,-1
4079,5026,1
4080,4935,1
4089,4555,1
4114,4883,-1
4130,4883,-1
4210,4960,1
4219,4883,-1
4227,4782,1
4237,4281,1
4266,4846,1
4269,4853,1
4271,4894,-1
4273,4791,-1
4273,4853,-1
4276,4784,-1
4280,5287,1
4281,5975,1
4281,5110,1
4281,5976,1
4281,5977,1
4281,5978,1
4281,5979,1
4281,5980,1
4281,5029,1
4282,4791,1
4282,6330,-1
4282,6331,1
4282,5417,1
4282,6332,1
4282,6333,-1
4282,6334,-1
4282,6103,-1
4282,6335,1
4282,6336,-1
4282,6337,1
4282,5311,-1
4282,5944,1
4282,6338,1
4282,5556,-1
4282,5443,-1
4282,6339,1
4282,6340,1
4282,6341,1
4282,6342,1
4282,6343,1
4282,6344,1
4282,6345,1
4282,6346,1
4282,6347,-1
4282,6348,-1
4282,6349,-1
4282,6350,-1
4282,6351,-1
4282,4283,1
4283,6357,1
4283,6462,1
4283,5408,1
4283,6463,1
4283,6464,1
4283,6465,1
4283,4295,1
4283,6466,1
4283,6467,1
4283,6468,1
4283,6469,1
4283,6470,1
4283,6471,1
4283,6472,1
4283,6473,1
4283,6474,1
4283,6475,1
4283,6476,1
4283,6477,1
4283,6478,1
4283,6479,1
4283,6480,-1
4283,6481,1
4283,6482,1
4283,6483,1
4283,6334,1
4283,6484,1
4283,6485,1
4283,6486,1
4283,6487,1
4283,6488,1
4283,6489,1
4283,6490,1
4283,6491,1
4283,4682,1
4283,6492,1
4283,5043,1
4283,6493,1
4283,5149,1
4283,6494,1
4283,6495,1
4283,6057,1
4283,6496,1
4283,5448,1
4283,6497,1
4283,6498,1
4283,6499,1
4283,6500,1
4283,6501,1
4283,5812,1
4283,6502,1
4283,6503,1
4283,6504,1
4283,6505,1
4283,6506,1
4283,6507,1
4283,5953,-1
4283,6508,1
4283,6509,1
4283,6510,1
4283,6511,1
4283,6512,1
4283,6513,1
4283,6514,1
4283,6515,1
4283,6516,1
4283,6517,1
4283,6518,1
4283,6519,1
4283,6520,1
4283,6521,1
4283,6522,1
4283,6523,1
4283,6524,1
4283,6525,1
4283,6526,1
4283,6527,1
4283,6528,1
4283,6529,1
4283,6530,1
4283,6531,1
4283,6532,1
4283,6533,1
4283,6534,1
4283,6535,1
4283,6536,1
4283,6537,1
4283,6538,1
4283,6539,1
4283,6540,1
4283,6541,1
4283,6542,1
4283,6543,1
4283,6544,-1
4283,6545,-1
4284,4883,1
4284,6769,1
4284,4901,1
4284,4999,1
4285,7070,-1
4285,7071,-1
4285,5635,-1
4285,4688,-1
4285,7072,1
4285,5366,-1
4285,7073,1
4285,5465,1
4285,7074,-1
4285,7075,1
4285,7076,1
4285,7077,1
4285,7078,-1
4285,7079,-1
4285,7080,-1
4286,4898,1
4286,4900,1
4286,7284,-1
4286,5413,1
4286,5418,1
4286,6808,1
4286,6402,1
4286,7285,1
4286,7286,1
4286,7287,1
4286,4535,1
4286,7288,1
4286,6367,1
4286,6421,1
4286,7289,1
4286,7290,-1
4286,7291,1
4286,7292,-1
4286,7293,1
4286,5056,1
4286,7294,1
4286,7295,1
4286,7296,1
4286,7297,1
4286,7298,1
4286,7299,1
4286,7300,-1
4286,7301,-1
4286,7302,-1
4286,7303,-1
4287,4765,1
4287,4855,1
4289,4553,1
4289,4924,1
4291,4782,1
4291,4804,1
4292,4785,1
4304,4970,-1
4307,4706,1
4307,4960,1
4307,4999,1
4308,4853,1
4308,4975,1
4310,4841,1
4322,4804,1
4323,4787,1
4324,4730,1
4324,4987,1
4325,4823,1
4326,4736,1
4329,4796,1
4330,4721,1
4330,4726,1
4330,4765,1
4330,4853,-1
4330,4955,1
4330,5025,1
4333,4955,-1
4334,4901,-1
4335,5029,1
4337,4901,1
4339,4555,1
4343,4901,1
4347,5288,1
4349,4726,1
4354,4726,1
4354,4553,1
4354,4856,1
4354,4868,1
4354,4973,1
4355,4791,1
4356,4785,1
4356,4791,-1
4360,4901,1
4361,4999,1
4366,4841,1
4371,4901,1
4373,4785,1
4374,4774,1
4394,5025,1
4399,4999,1
4414,4686,1
4430,4999,1
4455,4950,1
4498,5019,1
4519,4894,1
4522,4901,1
4522,4555,1
4523,4919,1
4530,4791,-1
4530,4856,1
4530,4894,1
4531,4846,1
4532,4867,1
4533,4791,-1
4535,4726,1
4535,4730,1
4535,4855,1
4535,4901,1
4536,4853,1
4536,4905,-1
4545,4853,1
4553,4900,1
4553,5014,1
4553,5021,1
4553,6384,1
4553,6385,1
4553,6386,1
4553,6173,-1
4553,6387,1
4553,6388,-1
4553,6389,1
4553,6390,1
4553,6391,1
4553,6174,1
4553,6392,-1
4553,6393,1
4553,6394,1
4553,6395,1
4553,5927,1
4553,6396,1
4553,6002,1
4553,6397,1
4553,6398,1
4553,6399,-1
4553,5122,1
4553,6400,1
4553,6401,-1
4553,6402,-1
4553,6403,1
4553,6404,1
4553,6405,1
4553,6406,-1
4553,6407,1
4553,6408,1
4553,6409,1
4553,6410,1
4553,6411,1
4553,6412,1
4553,6413,-1
4553,6414,1
4553,6415,1
4553,6416,-1
4553,6417,1
4553,6418,1
4553,6419,-1
4553,6420,-1
4553,6421,1
4553,6422,1
4553,6423,1
4553,6424,1
4553,6425,1
4553,5987,1
4553,6426,-1
4553,6427,-1
4553,6428,1
4553,6429,1
4553,6430,-1
4553,6431,1
4553,6030,-1
4553,6432,1
4553,6433,1
4553,6434,1
4553,6435,1
4553,6436,1
4553,6437,1
4553,6438,1
4553,6439,1
4553,6440,1
4553,6441,1
4553,6442,1
4553,6443,1
4553,6444,1
4553,6445,1
4553,6446,1
4553,6447,1
4553,6448,1
4553,6449,1
4553,6450,-1
4553,6451,-1
4554,5842,-1
4554,6402,1
4554,7253,-1
4554,6191,-1
4554,7254,-1
4554,7255,-1
4555,4710,1
4555,4765,1
4555,4939,1
4555,4960,1
4555,4985,1
4555,4999,1
4555,5021,1
4555,7356,1
4555,7357,1
4555,7358,1
4555,7359,1
4555,7360,1
4555,6551,1
4555,7361,1
4555,7362,1
4555,7363,1
4555,7364,1
4555,7365,1
4555,7366,1
4555,7367,-1
4555,7368,1
4555,6016,1
4555,7369,1
4555,5381,1
4555,7370,1
4555,7371,1
4555,7372,1
4555,4589,1
4555,7373,1
4555,7374,1
4555,7375,1
4555,7376,1
4555,7377,1
4555,7378,1
4555,7379,1
4555,7380,1
4555,7381,1
4555,7382,1
4555,7383,-1
4556,4706,-1
4556,4765,-1
4556,4791,1
4556,4853,-1
4556,4975,1
4559,4790,1
4559,5029,1
4562,4699,1
4562,4868,-1
4564,4706,1
4567,4887,1
4567,4998,1
4572,4889,1
4576,4706,1
4576,4719,1
4576,4887,1
4579,4774,1
4581,4774,1
4581,4998,1
4584,4719,-1
4586,4901,1
4589,4877,1
4590,4868,1
4593,4990,1
4624,4796,1
4624,4893,1
4624,4977,1
4624,5029,1
4625,4686,1
4625,4901,-1
4626,4985,1
4627,4938,1
4628,4872,1
4628,4977,1
4630,4883,-1
4631,4785,1
4638,4883,-1
4646,4855,1
4649,5026,1
4651,4726,1
4680,4790,1
4680,4916,1
4686,4760,-1
4686,4841,1
4686,4876,1
4686,4978,1
4686,5017,1
4686,5025,1
4686,5368,1
4686,5369,1
4686,5370,1
4686,5371,1
4686,5372,-1
4686,5373,-1
4686,5374,1
4686,5375,1
4686,5376,-1
4686,5377,-1
4686,5378,-1
4686,5379,1
4686,5380,-1
4686,5381,1
4686,5382,1
4686,5383,1
4686,5384,1
4686,5385,1
4686,5386,1
4686,5387,1
4686,5388,1
4686,5389,1
4686,5390,1
4686,5391,1
4686,5392,1
4686,5393,1
4686,5394,1
4686,5395,1
4686,5396,1
4686,5397,1
4686,5398,1
4686,5399,1
4686,5400,1
4688,4823,1
4688,4853,-1
4697,5343,-1
4697,5062,1
4697,5344,1
4697,5345,-1
4697,5346,1
4697,5347,-1
4697,5348,-1
4697,5349,1
4697,5350,1
4697,5351,-1
4697,5352,-1
4697,5353,1
4697,5354,-1
4697,5355,1
4697,5356,1
4697,5357,1
4697,5358,-1
4698,5359,1
4699,5360,1
4699,5361,1
4699,5362,1
4699,5363,1
4703,5364,1
4703,5365,1
4706,4761,-1
4706,4838,1
4706,4883,-1
4706,4900,1
4706,4964,-1
4706,5407,-1
4706,5408,1
4706,5409,1
4706,5410,1
4706,5411,1
4706,5412,1
4706,5413,1
4706,5414,1
4706,5415,-1
4706,5416,1
4706,5417,-1
4706,5418,1
4706,5419,1
4706,5420,-1
4706,5372,-1
4706,5039,1
4706,5421,1
4706,5422,1
4706,5423,-1
4706,5424,1
4706,5425,-1
4706,5426,-1
4706,5427,1
4706,5428,1
4706,5429,1
4706,5430,1
4706,5431,1
4706,5432,-1
4706,5433,-1
4706,5434,-1
4706,5435,-1
4706,5436,-1
4706,5437,-1
4706,5438,1
4706,5439,-1
4706,5440,1
4706,5441,-1
4706,5442,-1
4706,5443,1
4706,5444,1
4706,5445,-1
4706,5446,-1
4706,5447,1
4706,5448,1
4706,5449,1
4706,5450,1
4706,5451,1
4706,5452,1
4706,5453,1
4706,5454,1
4706,5455,1
4706,5456,-1
4706,5457,1
4706,5458,1
4706,5459,-1
4706,5460,-1
4706,5461,-1
4706,5462,-1
4706,5463,1
4706,5464,1
4706,5465,1
4706,5466,1
4706,5467,1
4706,5468,1
4706,5469,1
4706,5470,1
4706,5471,1
4706,5472,1
4706,5473,-1
4706,5474,1
4706,5475,1
4706,5476,1
4706,5477,1
4706,5478,1
4706,5479,1
4706,5480,1
4706,5481,1
4706,5482,1
4706,5483,1
4706,5484,1
4706,5485,1
4706,5486,1
4706,5487,1
4706,5488,1
4706,5489,1
4706,5490,1
4706,5491,1
4706,5492,1
4706,5493,1
4706,5494,1
4706,5495,1
4706,5496,1
4706,5497,1
4706,5498,1
4706,5499,1
4706,5500,1
4706,5501,1
4706,5502,1
4706,5503,1
4706,5504,1
4706,5505,1
4706,5506,1
4706,5507,1
4706,5508,1
4706,5509,1
4706,5510,1
4706,5511,1
4706,5512,-1
4706,5513,-1
4706,5514,-1
4706,5515,-1
4706,5516,-1
4706,5517,-1
4706,5518,-1
4706,5519,-1
4707,4898,1
4707,5520,-1
4707,5521,-1
4707,5522,1
4707,5523,1
4707,5524,-1
4707,5381,1
4707,5525,-1
4707,4893,1
4708,5526,1
4710,4854,1
4710,5527,-1
4710,5048,-1
4710,5528,1
4710,5529,-1
4710,5530,1
4710,5531,1
4710,5532,1
4710,5533,-1
4711,5534,1
4711,5535,1
4713,5536,1
4713,5062,1
4713,5537,1
4713,5538,1
4713,5539,1
4713,5540,1
4713,5541,1
4713,5542,1
4713,5543,1
4713,5025,1
4715,5544,1
4715,5545,1
4716,5571,1
4717,4910,1
4717,5572,1
4717,5573,1
4717,5550,1
4717,5574,1
4717,5575,1
4717,5139,1
4717,5576,-1
4717,5577,1
4717,5578,1
4717,5579,1
4717,5580,1
4717,5581,1
4717,5582,1
4717,5583,1
4717,5584,1
4717,5585,1
4717,5586,1
4717,5587,1
4717,5588,1
4717,5589,1
4717,5590,1
4717,5591,1
4717,5592,1
4717,5593,1
4717,5594,1
4717,5595,1
4717,5596,-1
4719,5011,1
4719,5597,-1
4719,5598,-1
4719,5420,-1
4719,5599,1
4719,5600,-1
4719,5601,-1
4719,5602,1
4719,5603,1
4719,5604,-1
4719,5605,-1
4719,5606,-1
4719,5607,1
4719,5608,-1
4719,5609,1
4719,5610,-1
4719,5611,-1
4719,5612,-1
4719,5613,-1
4719,5614,-1
4719,5615,-1
4721,5616,1
4721,5617,1
4721,5618,1
4726,4731,1
4726,4883,1
4726,4910,1
4726,4935,1
4726,4948,1
4726,4964,1
4726,4999,1
4726,5017,1
4726,5026,1
4726,5619,1
4726,5620,1
4726,5621,-1
4726,5622,-1
4726,5623,-1
4726,5624,1
4726,5625,1
4726,5626,1
4726,5627,-1
4726,5418,1
4726,5628,-1
4726,5629,-1
4726,5630,-1
4726,5631,1
4726,5632,1
4726,5633,1
4726,5634,-1
4726,5635,-1
4726,5636,1
4726,5637,-1
4726,5638,-1
4726,5639,-1
4726,5640,1
4726,5641,-1
4726,5642,-1
4726,5048,-1
4726,5643,1
4726,5644,-1
4726,5603,-1
4726,5645,-1
4726,5646,-1
4726,5647,1
4726,5648,-1
4726,5649,-1
4726,5650,-1
4726,5651,-1
4726,5652,-1
4726,5366,-1
4726,5653,1
4726,5654,-1
4726,5655,-1
4726,5656,1
4726,5657,1
4726,5658,-1
4726,5659,-1
4726,5660,1
4726,5661,1
4726,5662,1
4726,5663,-1
4726,5664,-1
4726,5665,1
4726,5666,1
4726,5667,-1
4726,5668,-1
4726,5669,-1
4726,5670,1
4726,5671,1
4726,5672,1
4726,5080,1
4726,5673,-1
4726,5674,-1
4726,5675,-1
4726,5676,1
4726,5677,1
4726,5678,1
4726,5679,1
4726,5680,1
4726,5681,1
4726,5682,1
4726,5683,1
4726,5684,1
4726,5685,1
4726,5686,-1
4726,5687,-1
4726,5688,-1
4726,5689,-1
4726,5690,-1
4726,5691,-1
4726,5692,-1
4726,5693,-1
4726,5694,-1
4726,5695,-1
4726,5696,-1
4726,5697,-1
4726,5698,-1
4728,4874,1
4728,5407,1
4728,5714,1
4728,5715,1
4728,5716,1
4728,5717,1
4729,4975,1
4730,4946,1
4730,5062,1
4730,5718,-1
4730,5719,1
4730,5720,1
4730,5721,-1
4730,5722,-1
4730,5723,1
4730,5724,1
4730,5725,-1
4730,5726,1
4730,5727,1
4730,5435,-1
4730,5728,-1
4730,5729,1
4730,5730,-1
4730,5731,1
4730,5732,-1
4730,5733,1
4730,5734,1
4730,5735,1
4730,5736,1
4730,5737,1
4730,5738,-1
4731,5429,1
4731,5140,1
4731,5746,1
4731,5747,1
4731,5748,1
4731,4955,1
4732,5749,1
4732,5750,-1
4732,5751,1
4732,5752,1
4732,5753,1
4732,5754,1
4732,5755,1
4732,5756,1
4732,5757,1
4732,5758,1
4732,5759,1
4732,5760,1
4732,5761,1
4732,5762,1
4732,5763,1
4732,5764,1
4732,5765,1
4735,5777,1
4735,5427,1
4735,5778,1
4735,5779,1
4735,5780,1
4735,4838,1
4735,4846,1
4736,5781,1
4736,5782,1
4736,5783,1
4736,5784,1
4736,5785,1
4736,5786,1
4736,5787,-1
4736,5788,-1
4741,4876,1
4741,4898,1
4741,5789,-1
4741,5714,1
4741,5790,-1
4741,5326,-1
4741,5791,-1
4741,5792,1
4741,5793,-1
4741,5794,1
4741,5795,1
4741,5796,1
4741,5797,1
4741,5798,1
4741,5799,1
4741,5800,1
4741,5801,1
4741,5802,1
4741,5803,1
4747,5811,1
4747,5812,1
4747,5813,1
4747,5814,1
4747,5815,1
4747,5816,1
4747,5817,1
4752,5822,1
4752,5823,1
4752,5824,1
4752,5825,1
4752,5826,1
4752,5827,1
4752,5828,1
4753,5423,1
4753,5829,1
4754,4855,1
4756,5830,1
4759,4924,1
4759,5831,1
4760,5832,-1
4760,5833,1
4762,4964,-1
4762,5432,-1
4762,5434,-1
4762,5436,-1
4762,5439,-1
4762,5834,-1
4762,5835,1
4763,5836,1
4764,5837,1
4764,5838,1
4764,5839,1
4764,5840,1
4764,5841,-1
4765,4872,1
4765,5033,-1
4765,5842,-1
4765,5843,-1
4765,5844,1
4765,5845,-1
4765,5846,-1
4765,5635,-1
4765,5637,-1
4765,5847,-1
4765,5848,-1
4765,5849,1
4765,5850,-1
4765,5851,-1
4765,5852,-1
4765,5853,-1
4765,5854,-1
4765,5671,1
4765,5855,-1
4765,5856,-1
4765,5857,-1
4765,5858,-1
4765,5859,1
4765,5860,1
4765,5861,1
4765,5862,-1
4765,5863,-1
4765,5864,-1
4765,5865,-1
4765,5866,-1
4765,5867,-1
4765,5868,-1
4767,4977,1
4767,5869,1
4767,5870,1
4767,5871,1
4767,5872,1
4767,5873,1
4767,5874,1
4767,5875,1
4767,5876,1
4767,5877,-1
4769,4950,1
4772,5884,1
4773,5885,-1
4773,5886,-1
4773,5887,1
4773,4959,1
4774,4999,1
4774,5888,1
4774,5889,1
4774,5890,1
4774,5891,1
4774,5892,1
4774,5893,1
4774,5894,1
4774,5895,1
4774,5896,1
4774,5897,1
4774,5898,1
4774,5825,1
4774,5899,1
4774,5900,1
4774,5901,1
4774,5902,1
4774,5903,1
4774,5904,1
4774,5905,1
4774,5906,1
4774,5067,1
4774,5907,1
4774,5908,1
4774,5909,1
4774,5607,1
4774,5910,1
4774,5911,1
4774,5912,1
4774,5913,1
4774,5914,1
4774,5915,1
4774,5916,1
4774,5917,1
4774,5918,1
4776,4841,1
4776,5922,1
4776,5923,1
4776,5122,1
4776,5924,1
4776,5925,1
4776,5926,1
4777,4785,1
4777,4846,1
4777,5025,1
4778,5927,1
4780,5432,-1
4780,5434,-1
4780,5435,-1
4780,5436,-1
4780,5834,-1
4780,5928,-1
4781,5929,1
4782,5022,1
4782,5930,1
4782,5544,1
4782,5931,1
4782,5932,1
4782,5933,1
4782,5934,1
4782,5935,1
4782,5936,1
4782,5937,1
4782,5938,1
4782,5939,1
4782,5940,1
4782,5118,1
4782,5040,1
4782,5941,1
4782,5942,1
4782,5943,1
4782,5944,1
4782,5945,1
4782,5946,1
4782,5947,1
4782,5948,1
4782,5949,1
4782,5950,1
4782,5951,1
4782,5952,1
4782,5953,1
4782,5954,1
4782,5955,1
4782,5956,1
4782,5957,1
4782,5958,1
4782,5959,1
4782,5960,1
4782,5961,1
4782,5962,1
4782,5963,1
4782,5964,1
4782,5965,1
4782,5966,1
4782,5967,1
4782,5968,1
4782,5969,1
4782,5970,1
4782,5971,1
4782,5972,1
4782,5973,1
4782,5974,1
4783,5981,-1
4783,5927,-1
4783,5982,1
4783,5580,-1
4784,5983,-1
4784,5347,-1
4784,5984,-1
4784,5951,1
4784,5985,-1
4784,5986,1
4784,5987,1
4784,5988,1
4784,5989,1
4784,5990,1
4785,4797,1
4785,6000,1
4785,5981,1
4785,5936,1
4785,5824,1
4785,6001,1
4785,6002,1
4785,6003,1
4785,6004,1
4785,6005,1
4785,6006,1
4785,6007,1
4785,6008,1
4785,6009,1
4785,6010,1
4785,6011,1
4785,6012,1
4785,6013,1
4785,6014,1
4785,6015,1
4785,6016,1
4785,6017,1
4785,6018,1
4785,6019,1
4785,6020,1
4785,6021,1
4785,5648,1
4785,6022,1
4787,6023,1
4787,6024,1
4787,6025,1
4787,5901,1
4787,6026,1
4787,6027,1
4787,6028,1
4787,6029,1
4787,6030,1
4787,6031,1
4787,6032,1
4789,6033,1
4789,6034,1
4789,6035,-1
4790,6036,1
4790,6037,1
4790,5062,1
4790,6038,1
4790,6039,1
4790,6040,1
4790,6041,1
4790,6042,1
4790,6043,1
4790,6044,1
4790,6045,1
4790,6046,1
4790,6047,1
4790,6048,1
4790,6049,1
4790,6050,1
4790,6051,1
4790,5898,1
4790,6052,1
4790,5805,1
4790,6053,1
4790,6054,1
4790,6055,1
4790,5555,1
4790,6056,1
4790,6057,1
4790,6058,1
4790,6059,1
4790,6060,1
4790,6061,1
4790,6062,1
4790,6063,1
4790,6064,1
4790,6065,1
4790,6066,1
4790,6067,1
4790,6068,1
4790,6069,1
4790,6070,1
4790,6071,1
4790,6072,1
4790,6073,1
4790,6074,1
4790,6075,1
4790,5911,1
4790,6076,1
4790,6077,1
4790,6078,1
4790,6079,1
4790,6080,1
4790,6081,1
4790,6082,1
4790,6083,1
4790,6084,1
4790,6085,1
4791,4883,-1
4791,4909,-1
4791,4964,-1
4791,6169,-1
4791,6170,-1
4791,5314,-1
4791,6171,-1
4791,5547,1
4791,6172,1
4791,6173,-1
4791,6174,-1
4791,5627,-1
4791,6175,1
4791,6176,1
4791,5315,-1
4791,6177,-1
4791,6178,-1
4791,6179,1
4791,6180,-1
4791,6181,-1
4791,6182,-1
4791,6183,1
4791,6184,-1
4791,6185,-1
4791,6186,-1
4791,6187,-1
4791,6188,-1
4791,6189,-1
4791,6190,-1
4791,6191,-1
4791,6192,-1
4791,6193,1
4791,5635,-1
4791,6194,-1
4791,6195,-1
4791,6196,-1
4791,6197,-1
4791,6198,1
4791,6199,1
4791,6200,1
4791,6201,1
4791,6202,1
4791,6203,1
4791,6204,1
4791,6205,1
4791,6206,1
4791,6207,1
4791,6208,1
4791,6209,1
4791,6210,1
4791,6211,1
4791,6212,-1
4791,6213,-1
4791,6214,-1
4791,6215,-1
4791,6216,-1
4791,5433,-1
4791,6217,-1
4791,6218,-1
4791,6219,-1
4791,6220,-1
4791,6221,-1
4791,6222,-1
4791,6223,-1
4791,6224,-1
4791,6225,-1
4791,6226,-1
4791,6227,-1
4791,6228,-1
4791,6229,-1
4791,6230,-1
4791,6231,-1
4791,6232,-1
4791,6233,-1
4791,6234,-1
4791,6235,-1
4791,6236,-1
4791,6237,-1
4791,6238,-1
4791,6239,-1
4791,6240,-1
4791,6241,-1
4791,6242,-1
4791,6243,-1
4791,5992,-1
4791,6244,-1
4791,6245,-1
4791,6246,-1
4791,6247,-1
4791,6248,-1
4791,6249,-1
4791,5434,-1
4791,6250,-1
4791,6251,-1
4791,6252,-1
4791,6253,-1
4791,5639,-1
4791,6254,-1
4791,6255,-1
4791,6256,-1
4791,6257,-1
4791,5435,-1
4791,6258,-1
4791,6259,-1
4791,6260,-1
4791,6261,-1
4791,6262,-1
4791,6263,-1
4791,6264,-1
4791,6116,-1
4791,6265,-1
4791,6266,-1
4791,6267,-1
4791,6268,-1
4791,6269,-1
4791,6270,-1
4791,6271,-1
4791,6055,-1
4791,6272,-1
4791,6273,-1
4791,6274,-1
4791,5436,-1
4791,5640,-1
4791,6275,-1
4791,6276,-1
4791,6277,-1
4791,6278,-1
4791,6279,-1
4794,4853,-1
4796,4980,1
4796,6280,1
4796,6281,-1
4796,6282,1
4796,5310,1
4796,5410,1
4796,6283,1
4796,6284,1
4796,6285,1
4796,6286,1
4796,5420,-1
4796,5105,1
4796,5110,1
4796,6287,1
4796,6288,1
4796,6289,1
4796,6290,1
4796,6291,1
4796,6292,1
4796,6293,1
4796,5992,1
4796,6117,1
4796,6294,1
4796,6295,1
4796,6296,1
4796,6025,1
4796,6297,1
4796,6298,1
4796,6299,1
4796,6300,1
4796,6301,1
4796,5919,-1
4796,6302,1
4796,6303,1
4796,6304,1
4796,6305,1
4796,6306,1
4796,6307,1
4796,6308,1
4796,6309,1
4796,6310,1
4796,6137,1
4796,6311,1
4796,6312,1
4796,5793,1
4796,6313,1
4796,6314,1
4796,6315,1
4796,6316,1
4796,6317,1
4796,6318,1
4796,6319,1
4796,6320,1
4796,6321,-1
4796,6322,-1
4796,6323,-1
4796,6324,-1
4796,4878,1
4797,6325,1
4797,6326,1
4797,4901,1
4797,4938,1
4798,6327,-1
4798,6328,1
4798,4999,1
4800,6329,1
4801,5020,1
4803,5314,1
4803,6352,1
4803,6353,1
4803,5652,1
4803,6354,1
4803,6355,1
4803,6356,-1
4804,4864,1
4804,6357,1
4804,6358,1
4804,6359,-1
4804,5310,1
4804,5423,-1
4804,6360,1
4804,6361,-1
4804,5805,1
4804,6362,-1
4804,6363,-1
4804,6364,1
4804,6365,1
4804,6366,-1
4804,6367,1
4804,6368,1
4804,6369,1
4804,6370,1
4804,6371,1
4804,6372,1
4804,6373,1
4804,6374,-1
4804,6375,1
4804,6376,-1
4804,6377,-1
4804,6378,1
4804,6379,1
4804,6380,1
4804,6381,1
4804,6382,-1
4804,6383,-1
4806,5935,1
4811,6573,1
4812,4855,1
4812,4868,1
4812,5029,1
4814,6574,1
4814,6575,1
4814,5624,1
4814,6576,-1
4814,6577,-1
4814,5878,1
4814,6578,1
4814,6579,1
4814,6580,-1
4814,6581,1
4814,6582,1
4817,6583,1
4817,6407,1
4817,6584,1
4817,6585,1
4817,6586,1
4817,6587,1
4819,6644,-1
4819,6645,1
4819,6646,1
4819,6647,1
4819,6648,-1
4819,6649,1
4819,6650,-1
4819,6651,-1
4819,6652,-1
4821,5420,-1
4821,5321,1
4821,6653,1
4821,6654,1
4821,6655,1
4821,6656,1
4821,6657,1
4821,6658,1
4821,6659,1
4821,6660,1
4821,6661,1
4822,4985,1
4823,4932,1
4823,5572,1
4823,6663,1
4823,6664,1
4823,5062,1
4823,5310,1
4823,5420,1
4823,6094,1
4823,6551,1
4823,6665,1
4823,6666,1
4823,6188,1
4823,6667,1
4823,6668,1
4823,6669,1
4823,6670,1
4823,6671,1
4823,5560,1
4823,6672,1
4823,6673,1
4823,6674,1
4823,6675,1
4823,6676,1
4823,6677,1
4823,6678,1
4823,6679,1
4823,6680,1
4823,6681,1
4823,6682,1
4824,4872,1
4824,6683,1
4824,6684,1
4824,6685,1
4824,6686,1
4831,6687,1
4832,6688,1
4832,5413,1
4832,6689,1
4832,6690,1
4832,6691,-1
4832,6692,-1
4832,6693,1
4832,6694,1
4832,6695,1
4832,6696,1
4832,6697,1
4832,6698,1
4832,6699,1
4833,6700,1
4833,6701,1
4833,6702,1
4833,6703,1
4833,6704,1
4833,6705,1
4835,4883,-1
4837,6706,-1
4837,6707,1
4837,6708,1
4838,6709,1
4838,6710,1
4838,5147,1
4838,6711,1
4838,6712,-1
4838,6713,1
4838,6714,1
4838,6715,1
4838,6716,1
4838,6717,1
4838,6718,1
4840,6719,1
4840,6720,1
4840,6721,1
4840,6722,-1
4840,6723,-1
4841,6467,1
4841,6172,1
4841,6724,1
4841,5923,1
4841,6393,1
4841,6725,1
4841,6098,1
4841,5894,1
4841,5844,1
4841,6726,1
4841,6180,1
4841,6335,1
4841,6727,1
4841,6728,1
4841,6729,1
4841,6730,1
4841,6253,1
4841,6731,1
4841,6732,1
4841,6733,1
4841,6734,1
4841,6013,1
4841,6735,1
4841,6736,1
4841,5380,1
4841,6737,1
4841,6738,1
4841,6739,1
4841,5179,1
4841,6740,1
4841,5196,1
4841,6741,1
4841,6742,1
4841,6743,1
4841,6744,1
4841,6745,1
4841,6746,1
4841,6747,1
4841,6748,1
4841,5987,1
4841,6749,1
4841,5924,1
4841,6750,1
4841,6751,1
4841,6752,1
4841,6753,1
4841,6754,1
4841,5355,1
4841,6755,1
4841,6756,1
4841,6757,1
4841,6758,1
4841,6759,1
4841,6760,1
4841,6761,1
4841,6762,1
4841,6763,1
4841,6764,1
4841,6765,1
4841,6766,1
4841,6767,1
4841,6768,1
4841,4999,1
4842,4893,1
4846,4874,1
4846,4923,1
4846,4948,1
4846,5062,1
4846,6770,1
4846,6771,1
4846,6772,1
4846,6773,1
4846,5121,1
4846,6774,-1
4846,6404,-1
4846,6775,1
4846,6776,1
4846,6777,1
4846,6778,1
4846,6779,1
4846,6780,-1
4846,6781,1
4846,6782,1
4846,6783,1
4846,6784,1
4846,6785,1
4846,6786,1
4846,6787,1
4846,6788,1
4846,6789,1
4846,6790,1
4847,6791,1
4847,6792,-1
4848,4938,1
4850,6793,1
4850,6794,1
4850,6795,1
4850,6796,1
4850,6797,1
4850,6798,1
4851,6799,1
4851,6800,1
4853,4854,1
4853,4864,1
4853,4874,1
4853,4898,1
4853,4948,-1
4853,4978,-1
4853,4980,1
4853,6574,1
4853,6801,-1
4853,5314,1
4853,6281,1
4853,6802,-1
4853,6088,-1
4853,6386,-1
4853,6803,-1
4853,6804,1
4853,6805,-1
4853,6806,-1
4853,5035,1
4853,6807,1
4853,5822,1
4853,5892,1
4853,5981,-1
4853,5627,-1
4853,5370,-1
4853,6808,1
4853,5420,-1
4853,6809,-1
4853,5106,1
4853,6810,1
4853,5372,-1
4853,6811,-1
4853,6812,-1
4853,6099,-1
4853,6813,1
4853,5714,-1
4853,6046,1
4853,6814,-1
4853,6815,1
4853,6816,1
4853,6817,-1
4853,6818,-1
4853,6819,-1
4853,6820,1
4853,6821,-1
4853,6605,1
4853,5638,-1
4853,6822,1
4853,6823,1
4853,6824,-1
4853,6825,1
4853,6826,-1
4853,6327,-1
4853,6827,-1
4853,6828,1
4853,5645,-1
4853,6829,1
4853,6830,1
4853,6831,1
4853,6018,-1
4853,6832,1
4853,6418,-1
4853,6833,-1
4853,6834,-1
4853,6835,-1
4853,5528,-1
4853,6713,1
4853,6836,-1
4853,6837,-1
4853,6838,-1
4853,6839,1
4853,6840,-1
4853,6841,-1
4853,6842,1
4853,6843,1
4853,6844,-1
4853,6845,-1
4853,6846,1
4853,6847,1
4853,6848,-1
4853,6849,-1
4853,6850,-1
4853,6851,-1
4853,6852,-1
4853,6853,1
4853,6854,-1
4853,6855,1
4853,6563,-1
4853,6856,-1
4853,6857,-1
4853,6858,-1
4853,6859,1
4853,6860,-1
4853,5852,-1
4853,6861,-1
4853,6862,-1
4853,6863,1
4853,6864,-1
4853,6865,1
4853,6866,1
4853,6867,-1
4853,5584,-1
4853,6868,-1
4853,6869,-1
4853,6870,-1
4853,6871,-1
4853,6872,-1
4853,6873,1
4853,6874,1
4853,6875,1
4853,6876,1
4853,6877,1
4853,6878,1
4853,6879,1
4853,6880,1
4853,6881,1
4853,6882,1
4853,6883,1
4853,6884,1
4853,6885,1
4853,6886,1
4853,6887,-1
4853,6888,-1
4853,6889,-1
4853,6890,-1
4853,6891,-1
4853,6892,-1
4853,6893,-1
4853,6894,-1
4853,6895,-1
4853,6896,-1
4853,6897,-1
4853,6898,-1
4853,6899,-1
4853,6900,-1
4853,6901,-1
4853,6902,-1
4853,6903,-1
4853,6904,-1
4853,6905,-1
4853,6906,-1
4853,6907,-1
4853,6908,-1
4853,6909,-1
4853,6910,-1
4853,6911,-1
4853,6912,-1
4853,6913,-1
4853,6914,-1
4853,6915,-1
4853,6916,-1
4853,6917,-1
4853,6918,-1
4853,6919,-1
4853,6920,-1
4853,6921,-1
4853,6922,-1
4853,6923,-1
4853,6924,-1
4853,6925,-1
4854,4874,1
4854,6926,-1
4854,6927,-1
4854,6928,-1
4854,6817,-1
4854,6929,-1
4854,6196,-1
4854,6279,1
4854,6930,1
4854,6931,1
4854,5441,-1
4854,6932,-1
4854,6933,-1
4854,6934,-1
4854,5484,-1
4854,6935,-1
4854,6936,-1
4854,6937,-1
4854,6938,-1
4854,6939,-1
4854,6940,-1
4854,6941,-1
4854,6942,-1
4854,6943,-1
4855,4997,1
4855,6944,-1
4855,5408,1
4855,6945,1
4855,6946,-1
4855,5062,1
4855,5548,1
4855,6947,1
4855,6948,1
4855,6949,1
4855,6950,1
4855,6951,-1
4855,6952,1
4855,6953,1
4855,5107,1
4855,6954,1
4855,6955,1
4855,6956,1
4855,6490,1
4855,6957,1
4855,6052,1
4855,6192,1
4855,6958,1
4855,6959,-1
4855,6960,1
4855,6711,1
4855,6961,1
4855,6962,1
4855,6734,-1
4855,6963,1
4855,6964,1
4855,5351,1
4855,6965,1
4855,6966,1
4855,6615,1
4855,6967,1
4855,6968,1
4855,6969,1
4855,6970,1
4855,6971,1
4855,6972,1
4855,6973,-1
4855,6974,1
4855,6975,1
4855,6976,1
4855,6977,1
4855,6978,1
4855,6979,1
4855,6980,1
4855,6981,1
4855,6982,1
4855,6983,1
4855,6984,1
4855,6985,1
4855,6986,1
4855,6987,1
4855,6988,-1
4855,6989,-1
4855,6990,-1
4855,6991,-1
4855,6992,-1
4855,6993,-1
4855,5025,1
4856,4883,-1
4856,4964,-1
4856,5062,1
4856,6583,1
4856,5034,1
4856,6994,-1
4856,5981,-1
4856,5627,-1
4856,5416,1
4856,5420,1
4856,6995,1
4856,5428,1
4856,6996,1
4856,6997,-1
4856,6220,-1
4856,5436,-1
4856,6998,-1
4856,6999,-1
4856,7000,1
4856,7001,-1
4856,6563,-1
4856,7002,1
4856,5611,-1
4856,7003,-1
4856,7004,-1
4857,7005,1
4857,6572,1
4857,7006,1
4858,7007,1
4858,7008,1
4861,7009,1
4861,7010,1
4861,7011,1
4861,7012,1
4861,6404,1
4861,7013,1
4862,4901,1
4864,4894,1
4864,4975,-1
4867,4977,1
4867,7014,1
4867,5620,1
4867,7015,1
4867,7016,1
4867,7017,1
4867,7018,-1
4867,6500,1
4867,6369,1
4867,7019,1
4867,7020,1
4867,7021,1
4867,7022,1
4867,7023,1
4867,7024,1
4867,5201,1
4867,7025,1
4867,7026,1
4867,7027,1
4867,6980,1
4867,7028,1
4867,7029,1
4867,7030,1
4867,7031,1
4867,7032,1
4867,7033,1
4867,7034,1
4867,7035,-1
4868,4874,1
4868,5619,1
4868,5062,1
4868,7036,1
4868,7037,1
4868,7038,1
4868,5627,-1
4868,7039,1
4868,5417,-1
4868,7040,1
4868,7041,1
4868,5941,1
4868,7042,-1
4868,5767,-1
4868,7043,1
4868,7044,1
4868,7045,1
4868,7046,1
4868,7047,1
4868,7048,1
4868,7049,1
4868,7050,1
4868,7051,1
4868,7052,-1
4868,7053,1
4868,7054,1
4868,5353,1
4868,7055,1
4868,7056,1
4868,7057,1
4868,7058,1
4868,7059,1
4868,7060,1
4868,7061,1
4868,7062,1
4868,7063,-1
4868,7064,-1
4870,4898,1
4870,7066,1
4870,7067,1
4870,5556,1
4870,7068,1
4870,7069,1
4872,5025,1
4874,4894,1
4874,4917,-1
4874,4935,1
4876,5002,1
4877,7081,1
4877,5725,1
4877,7082,1
4877,7083,1
4877,7084,1
4877,6844,1
4877,7085,1
4877,7086,1
4877,7087,1
4877,7088,1
4877,7089,1
4877,7090,1
4877,7091,1
4877,7092,1
4877,7093,1
4877,7094,1
4877,7095,1
4878,4893,1
4878,5992,1
4881,7096,-1
4881,7097,-1
4881,7098,-1
4882,7099,1
4883,7100,-1
4883,7101,-1
4883,5086,-1
4883,6805,-1
4883,7102,-1
4883,7103,-1
4883,7104,1
4883,7105,-1
4883,7106,-1
4883,7107,-1
4883,7108,-1
4883,7109,-1
4883,7110,1
4883,7111,-1
4883,7112,-1
4883,5421,1
4883,6288,1
4883,7113,-1
4883,6045,-1
4883,7114,-1
4883,7115,-1
4883,7116,-1
4883,7117,1
4883,6197,-1
4883,6255,-1
4883,7118,-1
4883,7119,-1
4883,7120,-1
4883,7121,-1
4883,7122,-1
4883,7123,-1
4883,7124,-1
4883,6369,-1
4883,7125,-1
4883,7126,1
4883,7127,-1
4883,7128,-1
4883,7129,-1
4883,7130,-1
4883,7131,-1
4883,7132,-1
4883,7133,-1
4883,7134,-1
4883,7135,-1
4883,7136,-1
4883,7137,-1
4883,7138,-1
4883,7139,-1
4883,7140,-1
4883,7141,-1
4883,6304,-1
4883,7142,1
4883,7143,-1
4883,7144,-1
4883,7145,-1
4883,7146,-1
4883,7147,-1
4883,7148,-1
4883,7149,-1
4883,7150,-1
4883,7151,1
4883,7152,1
4883,7153,-1
4883,7154,1
4883,7155,-1
4883,7156,-1
4883,7157,-1
4883,7158,1
4883,7159,1
4883,7160,1
4883,7161,1
4883,7162,1
4883,7163,1
4883,7164,1
4883,7165,-1
4883,7166,-1
4883,7167,-1
4883,7168,-1
4883,7169,-1
4883,7170,-1
4883,7171,-1
4883,7172,-1
4883,7173,-1
4883,7174,-1
4883,7175,-1
4883,7176,-1
4883,7177,-1
4883,7178,-1
4883,7179,-1
4883,7180,-1
4883,7181,-1
4883,7182,-1
4883,7183,-1
4883,7184,-1
4883,7185,-1
4883,7186,-1
4883,7187,-1
4883,7188,-1
4883,7189,-1
4883,7190,-1
4883,5014,-1
4884,4999,1
4885,5632,1
4887,7191,1
4887,6039,1
4887,7081,1
4887,7192,1
4887,6668,1
4887,7193,1
4887,7194,1
4887,5908,1
4887,7195,1
4887,7196,-1
4887,5857,-1
4887,6165,1
4887,7197,1
4887,7198,1
4887,4950,1
4889,6471,1
4889,7039,1
4889,5360,1
4889,7199,1
4889,7200,1
4889,7201,1
4889,7202,1
4889,7203,1
4889,7204,1
4892,7205,1
4893,4999,1
4893,6589,-1
4893,5547,1
4893,6463,-1
4893,6465,1
4893,5548,-1
4893,6791,-1
4893,7206,-1
4893,7207,1
4893,5629,-1
4893,5372,-1
4893,7208,-1
4893,7209,-1
4893,7210,1
4893,7211,-1
4893,7212,1
4893,7213,1
4893,7214,-1
4893,7071,-1
4893,6404,-1
4893,5805,-1
4893,7215,-1
4893,5727,-1
4893,7216,1
4893,7217,1
4893,5555,1
4893,6775,-1
4893,7218,1
4893,5644,-1
4893,7219,-1
4893,7220,1
4893,5645,-1
4893,7221,-1
4893,6673,1
4893,6563,-1
4893,7222,-1
4893,7223,-1
4893,7224,1
4893,7225,-1
4893,7226,-1
4893,7227,-1
4893,7228,-1
4893,7229,1
4893,7230,1
4893,7231,1
4893,7232,1
4893,7233,-1
4893,7234,-1
4893,7235,-1
4893,7236,-1
4893,7237,-1
4893,7238,-1
4893,7239,-1
4893,7240,-1
4894,5804,1
4894,5624,1
4894,7241,1
4894,5035,1
4894,7242,1
4894,7243,1
4894,6551,1
4894,7244,1
4894,7245,1
4894,7246,1
4894,5901,1
4894,7247,1
4894,7248,1
4894,6300,1
4894,7249,1
4894,7250,1
4894,7251,1
4894,7252,-1
4898,4977,1
4898,5002,1
4898,5025,1
4899,6932,1
4899,7256,1
4899,7257,1
4900,4985,1
4901,4950,1
4901,4979,1
4901,6589,-1
4901,7014,1
4901,7258,1
4901,7259,1
4901,7071,-1
4901,6402,1
4901,6407,1
4901,6197,1
4901,6234,-1
4901,7260,1
4901,7261,1
4901,7262,-1
4901,7263,1
4901,7264,1
4901,7265,1
4901,7266,1
4901,7267,1
4901,7268,1
4901,7269,1
4901,7270,1
4901,7271,1
4901,7272,1
4901,7273,1
4901,7274,1
4901,7275,1
4901,7276,1
4901,7277,-1
4903,7278,1
4903,7279,1
4903,7280,1
4903,7281,1
4903,7282,1
4903,7283,1
4905,7304,-1
4905,7305,1
4905,6486,1
4905,6813,1
4905,7306,1
4905,7307,-1
4905,7308,1
4905,7309,-1
4905,7310,1
4905,7298,1
4905,7311,-1
4910,7385,1
4916,7386,-1
4916,7387,-1
4917,7388,1
4917,7389,1
4919,5599,-1
4919,6458,1
4919,7436,1
4919,7437,1
4919,7438,1
4919,7439,1
4924,5025,1
4924,7444,1
4924,7445,1
4924,7446,1
4928,7106,1
4929,7448,1
4929,7449,1
4929,7450,1
4935,6281,1
4935,5035,1
4935,7451,-1
4935,7452,1
4935,7453,1
4935,7454,1
4935,7455,1
4935,7306,1
4935,5743,1
4935,7456,1
4935,7457,1
4935,7458,1
4935,5755,1
4935,7459,1
4935,7372,1
4935,7460,1
4935,7461,1
4935,7462,1
4935,7463,1
4935,5583,1
4935,7464,1
4935,7465,1
4935,5998,-1
4935,7466,1
4935,7467,1
4935,7468,1
4935,7469,-1
4936,7470,1
4938,7500,-1
4938,5624,1
4938,7501,1
4938,7502,1
4938,7376,-1
4938,7382,1
4939,7503,1
4944,7511,1
4944,7512,1
4944,6684,1
4944,7513,1
4950,6353,1
4950,7581,1
4950,7582,1
4950,7583,-1
4951,5002,1
4955,7632,-1
4955,7633,-1
4955,5315,-1
4955,7634,1
4955,7635,1
4955,5635,-1
4955,5048,-1
4955,7636,1
4955,7637,1
4955,7638,1
4955,7639,-1
4955,7640,-1
4956,5714,1
4956,6712,-1
4956,7641,1
4956,7642,1
4956,7643,1
4956,4999,1
4957,7644,1
4957,7645,1
4957,7646,1
4957,7647,1
4957,7648,1
4957,5958,1
4959,5622,1
4959,6052,1
4960,5409,1
4960,6946,1
4960,5062,1
4960,5699,1
4960,7672,1
4960,5413,1
4960,7673,1
4960,7674,1
4960,7675,1
4960,7676,1
4960,6549,1
4960,7677,1
4960,7678,1
4960,6477,1
4960,7679,1
4960,6394,1
4960,7680,1
4960,7681,1
4960,7682,1
4960,7683,1
4960,7684,1
4960,7685,1
4960,7686,1
4960,7687,1
4960,7688,1
4960,7689,1
4960,7690,1
4960,7691,1
4960,7692,1
4960,7693,1
4960,5936,1
4960,7694,1
4960,7695,1
4960,7696,1
4960,7697,1
4960,7698,1
4960,7699,1
4960,7700,1
4960,7701,1
4960,7702,1
4960,7703,1
4960,7704,1
4960,7705,1
4960,7706,1
4960,7707,1
4960,5370,1
4960,7708,1
4960,7709,1
4960,7710,1
4960,7711,1
4960,5416,1
4960,6175,1
4960,7712,1
4960,7713,1
4960,7714,1
4960,5721,1
4960,7715,1
4960,7716,1
4960,7717,1
4960,7718,1
4960,7039,1
4960,7719,1
4960,7720,1
4960,7242,1
4960,7721,1
4960,7722,1
4960,7723,1
4960,7724,1
4960,6683,1
4960,7725,1
4960,7726,1
4960,7727,1
4960,7728,1
4960,7729,1
4960,7730,1
4960,7731,1
4960,7732,1
4960,7733,1
4960,7359,1
4960,7734,1
4960,7735,1
4960,6478,1
4960,7736,1
4960,5036,1
4960,7737,1
4960,7738,1
4960,7739,1
4960,7740,1
4960,7741,1
4960,7742,1
4960,7743,1
4960,7744,1
4960,5417,1
4960,7745,1
4960,7746,1
4960,7747,1
4960,7748,1
4960,7749,1
4960,7750,1
4960,5418,1
4960,7751,1
4960,7752,1
4960,7753,1
4960,7754,-1
4964,5014,-1
4967,7985,1
4967,7986,1
4967,7987,1
4967,7988,1
4967,7989,1
4967,7990,-1
4969,8027,1
4969,8028,1
4969,8029,1
4969,8030,1
4970,8031,1
4970,5740,1
4970,8032,-1
4970,8033,-1
4970,8034,1
4972,5627,-1
4972,8036,-1
4972,5730,-1
4972,8037,1
4972,8038,1
4972,8039,1
4972,8040,1
4972,8041,1
4973,8042,1
4973,5034,1
4973,6402,1
4973,5378,1
4973,8043,-1
4975,7395,-1
4975,7038,-1
4975,6454,1
4975,6108,1
4975,8044,1
4975,6969,1
4975,5401,1
4975,8045,1
4975,8046,1
4975,8047,1
4975,8048,1
4975,8049,1
4975,5987,1
4975,8050,1
4975,8051,1
4975,8052,1
4975,8053,1
4977,5062,1
4977,5624,1
4977,7363,1
4977,5805,1
4977,6219,1
4977,6711,1
4977,8054,1
4977,8055,1
4977,5772,1
4977,8056,1
4977,8057,1
4977,8058,1
4978,8074,-1
4978,8075,-1
4978,6995,-1
4978,8076,-1
4978,8077,-1
4978,8078,1
4978,8079,-1
4978,8080,-1
4978,8081,1
4978,8082,-1
4980,4985,1
4984,5310,1
4984,7314,1
4984,5423,1
4984,8083,1
4984,8084,1
4984,8085,1
4984,5951,1
4984,8086,1
4984,8087,1
4984,8088,1
4984,8089,1
4984,8090,1
4985,4994,1
4985,4999,1
4985,6588,1
4985,7585,1
4985,7081,1
4985,5096,1
4985,5035,1
4985,5370,1
4985,5039,1
4985,5421,1
4985,8091,1
4985,8092,1
4985,8093,1
4985,5376,-1
4985,5635,-1
4985,6293,-1
4985,5637,1
4985,7261,1
4985,8094,1
4985,8095,1
4985,8096,1
4985,8097,1
4985,8098,1
4985,8099,1
4985,8100,-1
4985,8101,1
4985,5583,1
4985,8102,-1
4985,8103,1
4985,8104,1
4985,8105,1
4985,8106,1
4985,8107,1
4985,8108,1
4985,8109,1
4985,8110,1
4985,8111,-1
4985,8112,-1
4985,8113,-1
4987,5721,1
4987,6594,1
4987,7591,1
4987,7774,1
4987,8114,1
4987,8115,1
4987,8116,1
4988,5062,1
4988,8117,1
4988,8118,1
4989,6172,-1
4989,8119,-1
4989,8120,-1
4989,8121,-1
4989,7042,-1
4989,8122,-1
4989,6407,-1
4989,7401,-1
4989,8123,-1
4989,5439,-1
4989,8124,1
4989,8125,-1
4989,8126,-1
4989,8127,-1
4989,8128,-1
4989,8129,-1
4989,8130,-1
4989,8131,-1
4990,8171,1
4990,8172,1
4990,5193,1
4990,6563,1
4991,5749,1
4991,6791,-1
4991,8173,1
4991,8174,1
4991,8175,1
4991,8176,1
4991,8177,-1
4991,8178,-1
4991,8179,-1
4992,8180,1
4996,6791,-1
4998,7191,1
4998,6039,1
4998,5599,1
4998,8223,1
4998,8224,1
4998,5925,1
4999,8225,1
4999,5314,1
4999,5789,1
4999,6589,-1
4999,8226,1
4999,8227,1
4999,5364,1
4999,5719,1
4999,7394,1
4999,8228,1
4999,8229,1
4999,5624,1
4999,7206,1
4999,7081,1
4999,6392,1
4999,7746,1
4999,8230,1
4999,8231,1
4999,8232,1
4999,6100,1
4999,5113,1
4999,8233,1
4999,8234,1
4999,8235,1
4999,8236,1
4999,8237,1
4999,8238,1
4999,5805,1
4999,7286,1
4999,8193,1
4999,8239,-1
4999,8240,-1
4999,5636,1
4999,8241,1
4999,6580,1
4999,6327,1
4999,5316,1
4999,8242,1
4999,8243,1
4999,8244,1
4999,8245,1
4999,5381,1
4999,8246,1
4999,7944,1
4999,8247,1
4999,8248,1
4999,5193,1
4999,8249,1
4999,5383,1
4999,5562,1
4999,8250,1
4999,8251,1
4999,8252,1
4999,5907,1
4999,8253,1
4999,6356,1
4999,8254,1
4999,8255,1
4999,8256,1
4999,8257,1
4999,8258,1
4999,6937,1
4999,6443,1
4999,8208,1
4999,8259,1
4999,8260,1
4999,8261,1
4999,8262,1
4999,8263,1
4999,8264,1
4999,8265,1
4999,8266,1
4999,8267,1
4999,8268,1
4999,8269,1
4999,8270,1
4999,8271,1
4999,8272,1
4999,8273,1
4999,8274,1
4999,8275,1
4999,8276,1
4999,8277,1
4999,8278,1
4999,8279,1
4999,8280,1
4999,8281,1
4999,8282,1
4999,8283,1
4999,8284,1
4999,8285,1
4999,8286,1
4999,8287,1
4999,8288,1
4999,8289,1
4999,8290,1
4999,8291,1
4999,8292,1
4999,8293,1
4999,8294,1
4999,8295,1
4999,8296,1
4999,8297,1
4999,8298,1
5000,8299,-1
5002,5922,1
5002,5062,1
5002,5750,1
5002,8300,1
5002,6175,1
5002,8301,1
5002,5823,1
5002,5420,1
5002,5723,1
5002,6709,1
5002,8240,1
5002,8302,1
5002,6840,1
5002,8303,1
5002,5582,1
5006,8304,1
5006,8305,1
5006,8306,1
5006,8307,1
5006,8308,1
5009,7314,1
5009,7214,1
5009,5044,-1
5009,8309,-1
5009,6260,-1
5009,8310,-1
5009,8311,-1
5009,8312,-1
5009,7820,-1
5009,8313,-1
5009,5518,-1
5009,8314,1
5009,8315,-1
5009,8316,-1
5009,8317,-1
5009,8318,-1
5011,8319,-1
5011,8320,-1
5011,7150,1
5012,8321,1
5012,8322,1
5013,8323,-1
5014,8324,-1
5014,5637,1
5014,5434,-1
5014,5435,-1
5014,5436,-1
5014,5316,-1
5014,5439,-1
5014,8325,1
5014,5460,-1
5014,8326,-1
5014,5461,-1
5014,6662,-1
5014,8327,-1
5014,8328,-1
5014,8329,-1
5016,8330,-1
5016,8331,1
5019,5029,1
5019,5849,1
5019,8332,1
5019,8333,1
5020,8359,1
5020,8360,1
5021,8361,-1
5025,5029,1
5025,8362,1
5025,8363,1
5025,5619,1
5025,7258,1
5025,8364,1
5025,7633,1
5025,7011,1
5025,8365,1
5025,8120,1
5025,7783,1
5025,8366,1
5025,5128,1
5025,5702,1
5025,8367,1
5025,7653,1
5025,8368,1
5025,8369,1
5025,6293,-1
5025,8370,1
5025,5379,1
5025,7262,1
5025,8371,1
5025,8372,1
5025,8373,1
5025,8374,1
5025,8375,1
5025,8376,1
5025,5955,1
5025,8377,1
5025,8378,1
5025,8379,1
5025,8380,1
5025,8381,1
5025,8382,1
5025,6373,1
5025,5466,1
5025,8383,1
5025,7309,1
5025,5258,1
5025,8384,1
5025,8385,1
5025,5588,1
5025,8386,1
5025,8387,1
5025,8388,1
5025,8389,1
5025,8390,1
5025,8391,1
5025,8392,1
5025,8393,1
5025,8394,1
5025,8395,1
5025,8396,1
5025,8397,1
5025,8398,1
5025,8399,1
5026,8400,-1
5026,8401,1
5026,8402,1
5026,6045,1
5026,5309,1
5026,8403,-1
5026,8404,1
5026,8405,1
5026,8370,1
5026,8406,-1
5026,7324,1
5026,8407,1
5026,8408,1
5026,8409,1
5026,8410,1
5026,8411,1
5026,8412,1
5026,8413,1
5026,8414,1
5026,8415,1
5026,8416,1
5026,8417,1
5026,8418,1
5026,8419,1
5026,8420,1
5026,8421,1
5026,8422,1
5026,8423,1
5027,8424,1
5029,7393,-1
5029,5034,1
5029,8425,-1
5029,6325,1
5029,7479,-1
5029,6117,1
5029,8426,1
5029,8427,1
5029,8428,-1
5029,8429,1
5029,8430,1
5029,8431,1
5029,8432,1
5029,8433,1
5031,8434,1
5031,8435,1
5032,5287,-1
5032,5314,1
5032,5315,1
5032,5316,1
5287,5288,1
5287,5289,1
5287,5290,1
5287,5291,1
5287,5292,1
5287,5293,1
5287,5294,1
5287,5295,-1
5287,5296,-1
5287,5297,-1
5287,5298,-1
5287,5299,-1
5287,5300,-1
5287,5301,-1
5287,5302,-1
5288,5303,1
5288,5304,1
5288,5305,1
5288,5306,1
5288,5307,1
5288,5294,1
5293,5308,1
5294,5309,1
5301,5310,-1
5301,5311,1
5301,5312,1
5301,5313,1
